id,doc_type,hospital,source_file,equipment_name,manufacturer,model,fault_description,initial_diagnosis,action_taken,content,reject_reason
H1-RM-00165,repair_record,Hospital 1,repair_records_1.csv,,,Hk-400Iii,issue,syringe calibration.,"during inspection, found that the pump was not delivering the accurate dose of medicine. performed calibration, and it is now ready for use.","Model: Hk-400Iii. Problem: issue. Initial diagnosis: syringe calibration.. Work done: during inspection, found that the pump was not delivering the accurate dose of medicine. performed calibration, and it is now ready for use.",Duplicate content
H1-RM-00202,repair_record,Hospital 1,repair_records_1.csv,,,Tess730,issue,syringe pumps was reported to be non-functional.,"upon inspection and calibration, it was found that the syringe positioning required adjustment to ensure accurate detection and delivery. the calibration was performed successfully, and the pumps were thoroughly tested. after verification, syringe pump is now functioning smoothly and operating within normal parameters.","Model: Tess730. Problem: issue. Initial diagnosis: syringe pumps was reported to be non-functional.. Work done: upon inspection and calibration, it was found that the syringe positioning required adjustment to ensure accurate detection and delivery. the calibration was performed successfully, and the pumps were thoroughly tested. after verification, syringe pump is now functioning smoothly and operating within normal parameters.",Duplicate content
H1-RM-00205,repair_record,Hospital 1,repair_records_1.csv,,,Hk-400Iii,issue,calibration failed,"during inspection and calibration, it was identified that the syringe positioning was misaligned, preventing accurate detection and delivery. the syringe positioning was recalibrated and adjusted properly. after completing the calibration process, pump was thoroughly tested and verified. the syringe pumps are now operating smoothly and performing within standard functional parameters.","Model: Hk-400Iii. Problem: issue. Initial diagnosis: calibration failed. Work done: during inspection and calibration, it was identified that the syringe positioning was misaligned, preventing accurate detection and delivery. the syringe positioning was recalibrated and adjusted properly. after completing the calibration process, pump was thoroughly tested and verified. the syringe pumps are now operating smoothly and performing within standard functional parameters.",Duplicate content
H1-RM-00212,repair_record,Hospital 1,repair_records_1.csv,Ultrasonic/Harmonic With Pressure,,Sonoca 300,issue,error displayed during power-on.,"the söring sonoca 300 was reported to be showing an error upon startup and was not functioning as expected. upon inspection, it was determined that the issue could be resolved by initiating the machine s self-test mode. the self-test was successfully performed, which cleared the error and restored normal operation. after completing the test and verifying all functions, the machine is now operating properly.","Equipment: Ultrasonic/Harmonic With Pressure. Model: Sonoca 300. Problem: issue. Initial diagnosis: error displayed during power-on.. Work done: the söring sonoca 300 was reported to be showing an error upon startup and was not functioning as expected. upon inspection, it was determined that the issue could be resolved by initiating the machine s self-test mode. the self-test was successfully performed, which cleared the error and restored normal operation. after completing the test and verifying all functions, the machine is now operating properly.",Duplicate content
H1-RM-00262,repair_record,Hospital 1,repair_records_1.csv,General Adult/Pediatric,,Vg70,issue,calibration failure.,"during inspection, the ventilator was found to have a calibration failure. the unit was recalibrated successfully, and all parameters were verified. the ventilator is now functioning properly and is ready for use.","Equipment: General Adult/Pediatric. Model: Vg70. Problem: issue. Initial diagnosis: calibration failure.. Work done: during inspection, the ventilator was found to have a calibration failure. the unit was recalibrated successfully, and all parameters were verified. the ventilator is now functioning properly and is ready for use.",Duplicate content
H1-RM-00279,repair_record,Hospital 1,repair_records_1.csv,General Adult/Pediatric,,Avea,issue,suspected air leak / loss of air reported by in-charge.,"as reported by the in-charge, the ventilator was suspected to have a loss of air. a comprehensive system inspection was performed, including leak testing and verification using a vt analyzer. all ventilation parameters were found to be within acceptable limits, with no evidence of air leakage.also, the filter was cleaned properly.following successful verification, the ventilator was confirmed to be operating smoothly and is ready for clinical use.","Equipment: General Adult/Pediatric. Model: Avea. Problem: issue. Initial diagnosis: suspected air leak / loss of air reported by in-charge.. Work done: as reported by the in-charge, the ventilator was suspected to have a loss of air. a comprehensive system inspection was performed, including leak testing and verification using a vt analyzer. all ventilation parameters were found to be within acceptable limits, with no evidence of air leakage.also, the filter was cleaned properly.following successful verification, the ventilator was confirmed to be operating smoothly and is ready for clinical use.",Duplicate content
H1-RM-00313,repair_record,Hospital 1,repair_records_1.csv,5 Parameters Bedside,,H9,issue,nibp measurement issue.,"upon inspection, it was found that the nibp cuff was improperly positioned/connected, leading to inaccurate or failed nibp readings. the cuff was repositioned and secured correctly. after correction and functional testing, the nibp function was restored, and both patient monitors were confirmed to be operating smoothly and ready for clinical use.","Equipment: 5 Parameters Bedside. Model: H9. Problem: issue. Initial diagnosis: nibp measurement issue.. Work done: upon inspection, it was found that the nibp cuff was improperly positioned/connected, leading to inaccurate or failed nibp readings. the cuff was repositioned and secured correctly. after correction and functional testing, the nibp function was restored, and both patient monitors were confirmed to be operating smoothly and ready for clinical use.",Duplicate content
H1-RM-00339,repair_record,Hospital 1,repair_records_1.csv,General Adult/Pediatric,,Avea,issue,ventilator was not functioning due to circuit occlusion.,"upon inspection, a circuit occlusion was identified as the cause of the malfunction. the issue was resolved by thoroughly cleaning the expiratory valve filter. after cleaning, comprehensive testing was performed to verify proper functionality. the ventilator is now operating smoothly.","Equipment: General Adult/Pediatric. Model: Avea. Problem: issue. Initial diagnosis: ventilator was not functioning due to circuit occlusion.. Work done: upon inspection, a circuit occlusion was identified as the cause of the malfunction. the issue was resolved by thoroughly cleaning the expiratory valve filter. after cleaning, comprehensive testing was performed to verify proper functionality. the ventilator is now operating smoothly.",Duplicate content
H1-RM-00355,repair_record,Hospital 1,repair_records_1.csv,5 Parameters Bedside,,Truescope Ultra Q5,issue,was inspected on incharge request.,no issue.,Equipment: 5 Parameters Bedside. Model: Truescope Ultra Q5. Problem: issue. Initial diagnosis: was inspected on incharge request.. Work done: no issue.,Duplicate content
H1-RM-00364,repair_record,Hospital 1,repair_records_1.csv,General Adult/Pediatric,,Avea,issue,o₂ calibration failure,"the ventilator was inspected following a reported o₂ calibration failure. during troubleshooting, the oxygen (o₂) sensor was tested and found to be faulty and out of specification. the defective o₂ sensor was replaced with a new, compatible sensor. after replacement, o₂ calibration was performed successfully. the ventilator was then fully tested and confirmed to be operating normally with accurate oxygen concentration readings.","Equipment: General Adult/Pediatric. Model: Avea. Problem: issue. Initial diagnosis: o₂ calibration failure. Work done: the ventilator was inspected following a reported o₂ calibration failure. during troubleshooting, the oxygen (o₂) sensor was tested and found to be faulty and out of specification. the defective o₂ sensor was replaced with a new, compatible sensor. after replacement, o₂ calibration was performed successfully. the ventilator was then fully tested and confirmed to be operating normally with accurate oxygen concentration readings.",Duplicate content
H1-RM-00391,repair_record,Hospital 1,repair_records_1.csv,7 Parameters Bedside,,C50,issue,the monitor s parameters were inspected.,"the monitor was analyzed using fluke patient monitor analyzer. its parameter like ecg, nibp, rr and spo2 were analyzed. nibp shows 5 error while other parameters are accurate.","Equipment: 7 Parameters Bedside. Model: C50. Problem: issue. Initial diagnosis: the monitor s parameters were inspected.. Work done: the monitor was analyzed using fluke patient monitor analyzer. its parameter like ecg, nibp, rr and spo2 were analyzed. nibp shows 5 error while other parameters are accurate.",Duplicate content
H1-RM-00392,repair_record,Hospital 1,repair_records_1.csv,7 Parameters Bedside,,H9,issue,the monitor s parameters were inspected.,"the monitor was analyzed using fluke patient monitor analyzer. its parameter like ecg, nibp, rr and spo2 were analyzed. nibp shows 5 error while other parameters are accurate.","Equipment: 7 Parameters Bedside. Model: H9. Problem: issue. Initial diagnosis: the monitor s parameters were inspected.. Work done: the monitor was analyzed using fluke patient monitor analyzer. its parameter like ecg, nibp, rr and spo2 were analyzed. nibp shows 5 error while other parameters are accurate.",Duplicate content
H1-RM-00402,repair_record,Hospital 1,repair_records_1.csv,Transport,,Hamilton T1,issue,o2 sensors and batteries issue.,"upon inspection, it was found that there are no any technical issues but needed o2 sensors and batteries to make it fully functional.","Equipment: Transport. Model: Hamilton T1. Problem: issue. Initial diagnosis: o2 sensors and batteries issue.. Work done: upon inspection, it was found that there are no any technical issues but needed o2 sensors and batteries to make it fully functional.",Duplicate content
H1-RM-00403,repair_record,Hospital 1,repair_records_1.csv,Transport,,Hamilton T1,issue,o2 sensors and batteries issue.,"upon inspection, it was found that there are no any technical issues but needed o2 sensors and batteries to make it fully functional.","Equipment: Transport. Model: Hamilton T1. Problem: issue. Initial diagnosis: o2 sensors and batteries issue.. Work done: upon inspection, it was found that there are no any technical issues but needed o2 sensors and batteries to make it fully functional.",Duplicate content
H1-RM-00404,repair_record,Hospital 1,repair_records_1.csv,Transport,,Hamilton T1,issue,o2 sensors and batteries issue.,"upon inspection, it was found that there are no any technical issues but needed o2 sensors and batteries to make it fully functional.","Equipment: Transport. Model: Hamilton T1. Problem: issue. Initial diagnosis: o2 sensors and batteries issue.. Work done: upon inspection, it was found that there are no any technical issues but needed o2 sensors and batteries to make it fully functional.",Duplicate content
H1-RM-00405,repair_record,Hospital 1,repair_records_1.csv,Transport,,Hamilton T1,issue,o2 sensors and batteries issue.,"upon inspection, it was found that there are no any technical issues but needed o2 sensors and batteries to make it fully functional.","Equipment: Transport. Model: Hamilton T1. Problem: issue. Initial diagnosis: o2 sensors and batteries issue.. Work done: upon inspection, it was found that there are no any technical issues but needed o2 sensors and batteries to make it fully functional.",Duplicate content
H1-RM-00406,repair_record,Hospital 1,repair_records_1.csv,Transport,,Hamilton T1,issue,o2 sensors and batteries issue.,"upon inspection, it was found that there are no any technical issues but needed o2 sensors and batteries to make it fully functional.","Equipment: Transport. Model: Hamilton T1. Problem: issue. Initial diagnosis: o2 sensors and batteries issue.. Work done: upon inspection, it was found that there are no any technical issues but needed o2 sensors and batteries to make it fully functional.",Duplicate content
H1-RM-00407,repair_record,Hospital 1,repair_records_1.csv,General Adult/Pediatric,,Hamilton C1,issue,o2 sensors and batteries issues.,"upon inspection, it was found that there are no any technical issues but needed o2 sensors and batteries to make it fully functional.","Equipment: General Adult/Pediatric. Model: Hamilton C1. Problem: issue. Initial diagnosis: o2 sensors and batteries issues.. Work done: upon inspection, it was found that there are no any technical issues but needed o2 sensors and batteries to make it fully functional.",Duplicate content
H1-RM-00410,repair_record,Hospital 1,repair_records_1.csv,General Adult/Pediatric,,Avea,issue,o2 sensor and battery issue.,"upon inspection, it was found that there is no technical issue but to make the ventilators fully functional o2 sensors and batteries are needed.","Equipment: General Adult/Pediatric. Model: Avea. Problem: issue. Initial diagnosis: o2 sensor and battery issue.. Work done: upon inspection, it was found that there is no technical issue but to make the ventilators fully functional o2 sensors and batteries are needed.",Duplicate content
H1-RM-00412,repair_record,Hospital 1,repair_records_1.csv,General With Neonatal,,Avea,issue,o2 sensor and battery issue.,"upon inspection, it was found that there is no technical issue but to make the ventilators fully functional o2 sensors and batteries are needed.","Equipment: General With Neonatal. Model: Avea. Problem: issue. Initial diagnosis: o2 sensor and battery issue.. Work done: upon inspection, it was found that there is no technical issue but to make the ventilators fully functional o2 sensors and batteries are needed.",Duplicate content
H1-RM-00413,repair_record,Hospital 1,repair_records_1.csv,General With Neonatal,,Avea,issue,o2 sensor and battery issue.,"upon inspection, it was found that there is no technical issue but to make the ventilators fully functional o2 sensors and batteries are needed.","Equipment: General With Neonatal. Model: Avea. Problem: issue. Initial diagnosis: o2 sensor and battery issue.. Work done: upon inspection, it was found that there is no technical issue but to make the ventilators fully functional o2 sensors and batteries are needed.",Duplicate content
H1-RM-00414,repair_record,Hospital 1,repair_records_1.csv,General Adult/Pediatric,,Avea,issue,o2 sensor and battery issue.,"upon inspection, it was found that there is no technical issue but to make the ventilators fully functional o2 sensors and batteries are needed.","Equipment: General Adult/Pediatric. Model: Avea. Problem: issue. Initial diagnosis: o2 sensor and battery issue.. Work done: upon inspection, it was found that there is no technical issue but to make the ventilators fully functional o2 sensors and batteries are needed.",Duplicate content
H1-RM-00415,repair_record,Hospital 1,repair_records_1.csv,General With Neonatal,,Avea,issue,o2 sensor and battery issue.,"upon inspection, it was found that there is no technical issue but to make the ventilators fully functional o2 sensors and batteries are needed.","Equipment: General With Neonatal. Model: Avea. Problem: issue. Initial diagnosis: o2 sensor and battery issue.. Work done: upon inspection, it was found that there is no technical issue but to make the ventilators fully functional o2 sensors and batteries are needed.",Duplicate content
H1-RM-00420,repair_record,Hospital 1,repair_records_1.csv,General Adult/Pediatric,,Vg70,issue,o2 sensor calibration failed.,"upon inspection, o2 sensor was expired which needs to be replaced.","Equipment: General Adult/Pediatric. Model: Vg70. Problem: issue. Initial diagnosis: o2 sensor calibration failed.. Work done: upon inspection, o2 sensor was expired which needs to be replaced.",Duplicate content
H1-RM-00421,repair_record,Hospital 1,repair_records_1.csv,General Adult/Pediatric,,Vg70,issue,o2 sensor calibration failed.,"upon inspection, o2 sensor was expired which needs to be replaced.","Equipment: General Adult/Pediatric. Model: Vg70. Problem: issue. Initial diagnosis: o2 sensor calibration failed.. Work done: upon inspection, o2 sensor was expired which needs to be replaced.",Duplicate content
H1-RM-00422,repair_record,Hospital 1,repair_records_1.csv,General Adult/Pediatric,,Vg70,issue,o2 sensor calibration failed.,"upon inspection, o2 sensor was expired which needs to be replaced.","Equipment: General Adult/Pediatric. Model: Vg70. Problem: issue. Initial diagnosis: o2 sensor calibration failed.. Work done: upon inspection, o2 sensor was expired which needs to be replaced.",Duplicate content
H1-RM-00424,repair_record,Hospital 1,repair_records_1.csv,General Adult/Pediatric,,Vg70,issue,o2 sensor calibration failed.,"upon inspection, o2 sensor was expired which needs to be replaced.","Equipment: General Adult/Pediatric. Model: Vg70. Problem: issue. Initial diagnosis: o2 sensor calibration failed.. Work done: upon inspection, o2 sensor was expired which needs to be replaced.",Duplicate content
H1-RM-00425,repair_record,Hospital 1,repair_records_1.csv,General Adult/Pediatric,,Vg70,issue,o2 sensor calibration failed.,"upon inspection, o2 sensor was expired which needs to be replaced.","Equipment: General Adult/Pediatric. Model: Vg70. Problem: issue. Initial diagnosis: o2 sensor calibration failed.. Work done: upon inspection, o2 sensor was expired which needs to be replaced.",Duplicate content
H1-RM-00429,repair_record,Hospital 1,repair_records_1.csv,General Adult/Pediatric,,Vg70,issue,o2 sensor calibration failed.,"upon inspection, o2 sensor was expired which needs to be replaced. also, it was found that the inspiratory valve was damaged which needs replacement.","Equipment: General Adult/Pediatric. Model: Vg70. Problem: issue. Initial diagnosis: o2 sensor calibration failed.. Work done: upon inspection, o2 sensor was expired which needs to be replaced. also, it was found that the inspiratory valve was damaged which needs replacement.",Duplicate content
H1-RM-00440,repair_record,Hospital 1,repair_records_1.csv,General Adult/Pediatric,,,issue,issue on both internal and external batteries.,"inspection and testing revealed that the battery voltage has fallen below the acceptable threshold, resulting in operational instability and unreliable backup performance. the batteries should be reconditioned and fully charged to restore proper voltage levels and stable functionality. if reconditioning is unsuccessful, replacement of the batteries with the specified serial numbers will be required.","Equipment: General Adult/Pediatric. Problem: issue. Initial diagnosis: issue on both internal and external batteries.. Work done: inspection and testing revealed that the battery voltage has fallen below the acceptable threshold, resulting in operational instability and unreliable backup performance. the batteries should be reconditioned and fully charged to restore proper voltage levels and stable functionality. if reconditioning is unsuccessful, replacement of the batteries with the specified serial numbers will be required.",Duplicate content
H1-RM-00441,repair_record,Hospital 1,repair_records_1.csv,General Adult/Pediatric,,,issue,issue on both internal and external batteries.,"inspection and testing revealed that the battery voltage has fallen below the acceptable threshold, resulting in operational instability and unreliable backup performance. the batteries should be reconditioned and fully charged to restore proper voltage levels and stable functionality. if reconditioning is unsuccessful, replacement of the batteries with the specified serial numbers will be required.","Equipment: General Adult/Pediatric. Problem: issue. Initial diagnosis: issue on both internal and external batteries.. Work done: inspection and testing revealed that the battery voltage has fallen below the acceptable threshold, resulting in operational instability and unreliable backup performance. the batteries should be reconditioned and fully charged to restore proper voltage levels and stable functionality. if reconditioning is unsuccessful, replacement of the batteries with the specified serial numbers will be required.",Duplicate content
H1-RM-00456,repair_record,Hospital 1,repair_records_1.csv,General Adult/Pediatric,,R50,issue,medical staffs finds it difficult to use.,"according to the department in-charge, these ventilators are currently not being used because doctors and other medical staff find them difficult to operate. however, the machines have been inspected and are in fully functional condition.","Equipment: General Adult/Pediatric. Model: R50. Problem: issue. Initial diagnosis: medical staffs finds it difficult to use.. Work done: according to the department in-charge, these ventilators are currently not being used because doctors and other medical staff find them difficult to operate. however, the machines have been inspected and are in fully functional condition.",Duplicate content
H1-RM-00461,repair_record,Hospital 1,repair_records_1.csv,General Adult/Pediatric,,R50,issue,medical staffs finds it difficult to use.,"according to the department in-charge, these ventilators are currently not being used because doctors and other medical staff find them difficult to operate. however, the machines have been inspected and are in fully functional condition.","Equipment: General Adult/Pediatric. Model: R50. Problem: issue. Initial diagnosis: medical staffs finds it difficult to use.. Work done: according to the department in-charge, these ventilators are currently not being used because doctors and other medical staff find them difficult to operate. however, the machines have been inspected and are in fully functional condition.",Duplicate content
H1-RM-00466,repair_record,Hospital 1,repair_records_1.csv,5 Parameters Bedside,,It 12,issue,monitor was in nonfunctional state since covid. monitor was unable to power on.,upon inspection found that the power board had issue. further inspection found that the capacitor within the power board was faulty. 1000 micro farad capacitor was replaced and tested the monitor. monitor was powered on successfully.,Equipment: 5 Parameters Bedside. Model: It 12. Problem: issue. Initial diagnosis: monitor was in nonfunctional state since covid. monitor was unable to power on.. Work done: upon inspection found that the power board had issue. further inspection found that the capacitor within the power board was faulty. 1000 micro farad capacitor was replaced and tested the monitor. monitor was powered on successfully.,Duplicate content
H1-RM-00495,repair_record,Hospital 1,repair_records_1.csv,General Adult/Pediatric,,Avea,issue,pre operational test was required,required general maintenance was done and preoperational test was performed.,Equipment: General Adult/Pediatric. Model: Avea. Problem: issue. Initial diagnosis: pre operational test was required. Work done: required general maintenance was done and preoperational test was performed.,Duplicate content
H1-RM-00514,repair_record,Hospital 1,repair_records_1.csv,,,Ms31,issue,syringe pump was on functional state.,"machine was checked its display was broken, showing battery error","Model: Ms31. Problem: issue. Initial diagnosis: syringe pump was on functional state.. Work done: machine was checked its display was broken, showing battery error",Duplicate content
H1-RM-00557,repair_record,Hospital 1,repair_records_1.csv,7 Parameters Bedside,,Cms8000,issue,monitor wasn t functioning properly.,all monitor were assessed properly. required settings were adjusted and checked the functionality of all the parameters.,Equipment: 7 Parameters Bedside. Model: Cms8000. Problem: issue. Initial diagnosis: monitor wasn t functioning properly.. Work done: all monitor were assessed properly. required settings were adjusted and checked the functionality of all the parameters.,Duplicate content
H1-RM-00558,repair_record,Hospital 1,repair_records_1.csv,7 Parameters Bedside,,Cms8000,issue,monitor wasn t functioning properly.,all monitor were assessed properly. required settings were adjusted and checked the functionality of all the parameters.,Equipment: 7 Parameters Bedside. Model: Cms8000. Problem: issue. Initial diagnosis: monitor wasn t functioning properly.. Work done: all monitor were assessed properly. required settings were adjusted and checked the functionality of all the parameters.,Duplicate content
H1-RM-00559,repair_record,Hospital 1,repair_records_1.csv,7 Parameters Bedside,,Cms8000,issue,monitor wasn t functioning properly.,all monitor were assessed properly. required settings were adjusted and checked the functionality of all the parameters.,Equipment: 7 Parameters Bedside. Model: Cms8000. Problem: issue. Initial diagnosis: monitor wasn t functioning properly.. Work done: all monitor were assessed properly. required settings were adjusted and checked the functionality of all the parameters.,Duplicate content
H1-RM-00560,repair_record,Hospital 1,repair_records_1.csv,7 Parameters Bedside,,Cms8000,issue,monitor wasn t functioning properly.,all monitor were assessed properly. required settings were adjusted and checked the functionality of all the parameters.,Equipment: 7 Parameters Bedside. Model: Cms8000. Problem: issue. Initial diagnosis: monitor wasn t functioning properly.. Work done: all monitor were assessed properly. required settings were adjusted and checked the functionality of all the parameters.,Duplicate content
H1-RM-00561,repair_record,Hospital 1,repair_records_1.csv,7 Parameters Bedside,,Cms8000,issue,monitor wasn t functioning properly.,all monitor were assessed properly. required settings were adjusted and checked the functionality of all the parameters.,Equipment: 7 Parameters Bedside. Model: Cms8000. Problem: issue. Initial diagnosis: monitor wasn t functioning properly.. Work done: all monitor were assessed properly. required settings were adjusted and checked the functionality of all the parameters.,Duplicate content
H1-RM-00582,repair_record,Hospital 1,repair_records_1.csv,,,En-S7 Smart,issue,previously diagnosed as nonfunctional.,upon inspection found that the issue was related with the power board. the power board was replaced from the non-function pump .,Model: En-S7 Smart. Problem: issue. Initial diagnosis: previously diagnosed as nonfunctional.. Work done: upon inspection found that the issue was related with the power board. the power board was replaced from the non-function pump .,Duplicate content
H1-RM-00625,repair_record,Hospital 1,repair_records_1.csv,5 Parameters Bedside,,H9,issue,monitor need to be shifted.,monitor was shifted and verified.,Equipment: 5 Parameters Bedside. Model: H9. Problem: issue. Initial diagnosis: monitor need to be shifted.. Work done: monitor was shifted and verified.,Duplicate content
H1-RM-00640,repair_record,Hospital 1,repair_records_1.csv,,,Prima 450,issue,display showing white screen.,"the anesthesia machine was reported to have a white display issue. upon inspection, it was found that the display signal was interrupted due to a loose internal connection. the display connections were reset and secured properly. after reassembly and testing, the display was restored to normal, and the machine is now operating correctly.","Model: Prima 450. Problem: issue. Initial diagnosis: display showing white screen.. Work done: the anesthesia machine was reported to have a white display issue. upon inspection, it was found that the display signal was interrupted due to a loose internal connection. the display connections were reset and secured properly. after reassembly and testing, the display was restored to normal, and the machine is now operating correctly.",Duplicate content
H1-RM-00643,repair_record,Hospital 1,repair_records_1.csv,,,Prisma 450,issue,tidal volume not delivered accurately.,"during inspection, leakage was found in the breathing circuit and co₂ absorber. the leak was rectified, and the machine is now ready for use.","Model: Prisma 450. Problem: issue. Initial diagnosis: tidal volume not delivered accurately.. Work done: during inspection, leakage was found in the breathing circuit and co₂ absorber. the leak was rectified, and the machine is now ready for use.",Duplicate content
H1-RM-00644,repair_record,Hospital 1,repair_records_1.csv,,,Prima 450,issue,high leakage,"during inspection, it was found that the washer was broken and the bellow was not tightened properly. after temporarily fixing the washer and adjusting the bellow position properly, it passed the leakage test.the machine is now fully functional.","Model: Prima 450. Problem: issue. Initial diagnosis: high leakage. Work done: during inspection, it was found that the washer was broken and the bellow was not tightened properly. after temporarily fixing the washer and adjusting the bellow position properly, it passed the leakage test.the machine is now fully functional.",Duplicate content
H1-RM-00645,repair_record,Hospital 1,repair_records_1.csv,,,Prisma 450,issue,circuit leakage,"during inspection, leakage was found in the co₂ absorber box. the box was tightened, and the leakage has been resolved. the machine is now ready for use.","Model: Prisma 450. Problem: issue. Initial diagnosis: circuit leakage. Work done: during inspection, leakage was found in the co₂ absorber box. the box was tightened, and the leakage has been resolved. the machine is now ready for use.",Duplicate content
H1-RM-00647,repair_record,Hospital 1,repair_records_1.csv,16 Slice,,Mx16,issue,"the inverter for the ct scan was reported to be non-functional, as it failed to power on after an electricity cut-off. this interruption prevented the ct scan from operating.","upon inspection, it was identified that the ups battery backup was weak and required replacement. the system was reset, which restored inverter functionality temporarily. after the reset, the inverter powered on successfully, and the ct scan resumed operation. however, to ensure reliable performance during future power outages, the ups battery needs to be replaced.","Equipment: 16 Slice. Model: Mx16. Problem: issue. Initial diagnosis: the inverter for the ct scan was reported to be non-functional, as it failed to power on after an electricity cut-off. this interruption prevented the ct scan from operating.. Work done: upon inspection, it was identified that the ups battery backup was weak and required replacement. the system was reset, which restored inverter functionality temporarily. after the reset, the inverter powered on successfully, and the ct scan resumed operation. however, to ensure reliable performance during future power outages, the ups battery needs to be replaced.",Duplicate content
H1-RM-00648,repair_record,Hospital 1,repair_records_1.csv,16 Slice,,Mx16,issue,"the inverter for the ct scan was reported to be non-functional, as it failed to power on after an electricity cut-off. this interruption prevented the ct scan from operating.","upon inspection, it was identified that the ups battery backup was weak and required replacement. the system was reset, which restored inverter functionality temporarily. after the reset, the inverter powered on successfully, and the ct scan resumed operation. however, to ensure reliable performance during future power outages, the ups battery needs to be replaced.","Equipment: 16 Slice. Model: Mx16. Problem: issue. Initial diagnosis: the inverter for the ct scan was reported to be non-functional, as it failed to power on after an electricity cut-off. this interruption prevented the ct scan from operating.. Work done: upon inspection, it was identified that the ups battery backup was weak and required replacement. the system was reset, which restored inverter functionality temporarily. after the reset, the inverter powered on successfully, and the ct scan resumed operation. however, to ensure reliable performance during future power outages, the ups battery needs to be replaced.",Duplicate content
H1-RM-00649,repair_record,Hospital 1,repair_records_1.csv,16 Slice,,Mx16,issue,"the inverter for the ct scan was reported to be non-functional, as it failed to power on after an electricity cut-off. this interruption prevented the ct scan from operating.","upon inspection, it was identified that the ups battery backup was weak and required replacement. the system was reset, which restored inverter functionality temporarily. after the reset, the inverter powered on successfully, and the ct scan resumed operation. however, to ensure reliable performance during future power outages, the ups battery needs to be replaced.","Equipment: 16 Slice. Model: Mx16. Problem: issue. Initial diagnosis: the inverter for the ct scan was reported to be non-functional, as it failed to power on after an electricity cut-off. this interruption prevented the ct scan from operating.. Work done: upon inspection, it was identified that the ups battery backup was weak and required replacement. the system was reset, which restored inverter functionality temporarily. after the reset, the inverter powered on successfully, and the ct scan resumed operation. however, to ensure reliable performance during future power outages, the ups battery needs to be replaced.",Duplicate content
H1-RM-00650,repair_record,Hospital 1,repair_records_1.csv,16 Slice,,Mx16,issue,"the inverter for the ct scan was reported to be non-functional, as it failed to power on after an electricity cut-off. this interruption prevented the ct scan from operating.","upon inspection, it was identified that the ups battery backup was weak and required replacement. the system was reset, which restored inverter functionality temporarily. after the reset, the inverter powered on successfully, and the ct scan resumed operation. however, to ensure reliable performance during future power outages, the ups battery needs to be replaced.","Equipment: 16 Slice. Model: Mx16. Problem: issue. Initial diagnosis: the inverter for the ct scan was reported to be non-functional, as it failed to power on after an electricity cut-off. this interruption prevented the ct scan from operating.. Work done: upon inspection, it was identified that the ups battery backup was weak and required replacement. the system was reset, which restored inverter functionality temporarily. after the reset, the inverter powered on successfully, and the ct scan resumed operation. however, to ensure reliable performance during future power outages, the ups battery needs to be replaced.",Duplicate content
H1-RM-00651,repair_record,Hospital 1,repair_records_1.csv,16 Slice,,Mx16,issue,"the inverter for the ct scan was reported to be non-functional, as it failed to power on after an electricity cut-off. this interruption prevented the ct scan from operating.","upon inspection, it was identified that the ups battery backup was weak and required replacement. the system was reset, which restored inverter functionality temporarily. after the reset, the inverter powered on successfully, and the ct scan resumed operation. however, to ensure reliable performance during future power outages, the ups battery needs to be replaced.","Equipment: 16 Slice. Model: Mx16. Problem: issue. Initial diagnosis: the inverter for the ct scan was reported to be non-functional, as it failed to power on after an electricity cut-off. this interruption prevented the ct scan from operating.. Work done: upon inspection, it was identified that the ups battery backup was weak and required replacement. the system was reset, which restored inverter functionality temporarily. after the reset, the inverter powered on successfully, and the ct scan resumed operation. however, to ensure reliable performance during future power outages, the ups battery needs to be replaced.",Duplicate content
H1-RM-00652,repair_record,Hospital 1,repair_records_1.csv,16 Slice,,Mx16,issue,"the inverter for the ct scan was reported to be non-functional, as it failed to power on after an electricity cut-off. this interruption prevented the ct scan from operating.","upon inspection, it was identified that the ups battery backup was weak and required replacement. the system was reset, which restored inverter functionality temporarily. after the reset, the inverter powered on successfully, and the ct scan resumed operation. however, to ensure reliable performance during future power outages, the ups battery needs to be replaced.","Equipment: 16 Slice. Model: Mx16. Problem: issue. Initial diagnosis: the inverter for the ct scan was reported to be non-functional, as it failed to power on after an electricity cut-off. this interruption prevented the ct scan from operating.. Work done: upon inspection, it was identified that the ups battery backup was weak and required replacement. the system was reset, which restored inverter functionality temporarily. after the reset, the inverter powered on successfully, and the ct scan resumed operation. however, to ensure reliable performance during future power outages, the ups battery needs to be replaced.",Duplicate content
H1-RM-00653,repair_record,Hospital 1,repair_records_1.csv,16 Slice,,Mx16,issue,"the inverter for the ct scan was reported to be non-functional, as it failed to power on after an electricity cut-off. this interruption prevented the ct scan from operating.","upon inspection, it was identified that the ups battery backup was weak and required replacement. the system was reset, which restored inverter functionality temporarily. after the reset, the inverter powered on successfully, and the ct scan resumed operation. however, to ensure reliable performance during future power outages, the ups battery needs to be replaced.","Equipment: 16 Slice. Model: Mx16. Problem: issue. Initial diagnosis: the inverter for the ct scan was reported to be non-functional, as it failed to power on after an electricity cut-off. this interruption prevented the ct scan from operating.. Work done: upon inspection, it was identified that the ups battery backup was weak and required replacement. the system was reset, which restored inverter functionality temporarily. after the reset, the inverter powered on successfully, and the ct scan resumed operation. however, to ensure reliable performance during future power outages, the ups battery needs to be replaced.",Duplicate content
H1-RM-00654,repair_record,Hospital 1,repair_records_1.csv,1.5 Tesla,,Achieva 1.5T,issue,"the inverter for the mri was reported to be non-functional, as it failed to power on after an electricity cut-off. this interruption prevented the mri system from operating.","upon inspection, it was identified that the ups battery backup was weak and required replacement. the system was reset, which temporarily restored inverter functionality. after the reset, the inverter powered on successfully, and the mri resumed operation. however, to ensure reliable performance during future power outages, the ups battery needs to be replaced.","Equipment: 1.5 Tesla. Model: Achieva 1.5T. Problem: issue. Initial diagnosis: the inverter for the mri was reported to be non-functional, as it failed to power on after an electricity cut-off. this interruption prevented the mri system from operating.. Work done: upon inspection, it was identified that the ups battery backup was weak and required replacement. the system was reset, which temporarily restored inverter functionality. after the reset, the inverter powered on successfully, and the mri resumed operation. however, to ensure reliable performance during future power outages, the ups battery needs to be replaced.",Duplicate content
H1-RM-00655,repair_record,Hospital 1,repair_records_1.csv,1.5 Tesla,,Achieva 1.5T,issue,"the inverter for the mri was reported to be non-functional, as it failed to power on after an electricity cut-off. this interruption prevented the mri system from operating.","upon inspection, it was identified that the ups battery backup was weak and required replacement. the system was reset, which temporarily restored inverter functionality. after the reset, the inverter powered on successfully, and the mri resumed operation. however, to ensure reliable performance during future power outages, the ups battery needs to be replaced.","Equipment: 1.5 Tesla. Model: Achieva 1.5T. Problem: issue. Initial diagnosis: the inverter for the mri was reported to be non-functional, as it failed to power on after an electricity cut-off. this interruption prevented the mri system from operating.. Work done: upon inspection, it was identified that the ups battery backup was weak and required replacement. the system was reset, which temporarily restored inverter functionality. after the reset, the inverter powered on successfully, and the mri resumed operation. however, to ensure reliable performance during future power outages, the ups battery needs to be replaced.",Duplicate content
H1-RM-00656,repair_record,Hospital 1,repair_records_1.csv,1.5 Tesla,,Achieva 1.5T,issue,"the inverter for the mri was reported to be non-functional, as it failed to power on after an electricity cut-off. this interruption prevented the mri system from operating.","upon inspection, it was identified that the ups battery backup was weak and required replacement. the system was reset, which temporarily restored inverter functionality. after the reset, the inverter powered on successfully, and the mri resumed operation. however, to ensure reliable performance during future power outages, the ups battery needs to be replaced.","Equipment: 1.5 Tesla. Model: Achieva 1.5T. Problem: issue. Initial diagnosis: the inverter for the mri was reported to be non-functional, as it failed to power on after an electricity cut-off. this interruption prevented the mri system from operating.. Work done: upon inspection, it was identified that the ups battery backup was weak and required replacement. the system was reset, which temporarily restored inverter functionality. after the reset, the inverter powered on successfully, and the mri resumed operation. however, to ensure reliable performance during future power outages, the ups battery needs to be replaced.",Duplicate content
H1-RM-00657,repair_record,Hospital 1,repair_records_1.csv,16 Slice,,Mx16,issue,"the inverter for the ct scan was reported to be non-functional, as it failed to power on after an electricity cut-off. this interruption prevented the ct scan from operating.","upon inspection, it was identified that the ups battery backup was weak and required replacement. the system was reset, which restored inverter functionality temporarily. after the reset, the inverter powered on successfully, and the ct scan resumed operation. however, to ensure reliable performance during future power outages, the ups battery needs to be replaced.","Equipment: 16 Slice. Model: Mx16. Problem: issue. Initial diagnosis: the inverter for the ct scan was reported to be non-functional, as it failed to power on after an electricity cut-off. this interruption prevented the ct scan from operating.. Work done: upon inspection, it was identified that the ups battery backup was weak and required replacement. the system was reset, which restored inverter functionality temporarily. after the reset, the inverter powered on successfully, and the ct scan resumed operation. however, to ensure reliable performance during future power outages, the ups battery needs to be replaced.",Duplicate content
H2-RM-00097,repair_record,Hospital 2,repair_records_2.csv,Ventilator,Imt Medical,Bella Vista,not being used at the department,,tested and performed the preoperational test for the device.,Equipment: Ventilator. Manufacturer: Imt Medical. Model: Bella Vista. Problem: not being used at the department. Work done: tested and performed the preoperational test for the device.,Duplicate content,
H2-RM-00130,repair_record,Hospital 2,repair_records_2.csv,Laparoscopic Tower,Secure,4K,,,laparoscopic video processor received for demonstration.,Equipment: Laparoscopic Tower. Manufacturer: Secure. Model: 4K. Work done: laparoscopic video processor received for demonstration.,Missing both fault_description and initial_diagnosis,708c1c42d4f697a7
H2-RM-00160,repair_record,Hospital 2,repair_records_2.csv,Centrifuge Machine,Remi,Neya-8,,,installed the machine,Equipment: Centrifuge Machine. Manufacturer: Remi. Model: Neya-8. Work done: installed the machine,Missing both fault_description and initial_diagnosis,9d33d17fbc8e8404
H2-RM-00170,repair_record,Hospital 2,repair_records_2.csv,C-Arm Machine,Kiran,Elite,,,completed installation,Equipment: C-Arm Machine. Manufacturer: Kiran. Model: Elite. Work done: completed installation,Missing both fault_description and initial_diagnosis,1287c162538f96a6
H2-RM-00261,repair_record,Hospital 2,repair_records_2.csv,Ventilator,Carefusion,T Bird Series Vela,o2 range error and o2 calibration error,,inspected and found out the oxygen sensor was expired causing the alarm,Equipment: Ventilator. Manufacturer: Carefusion. Model: T Bird Series Vela. Problem: o2 range error and o2 calibration error. Work done: inspected and found out the oxygen sensor was expired causing the alarm,Duplicate content,
H2-RM-00611,repair_record,Hospital 2,repair_records_2.csv,Oxygen Concentrator,Engage Nepal,Qjzy10La,device reported as non-functional.,,"upon inspection, the loud noise was being heard when the device was run. the noise was traced back to the compressor exhausting excess air due to pressure built up in the compressor. the zeolite being damaged due to moisture and not being able to filter or pass the air was identified as the cause. the zeolite needs replacement. the device can t be brought back to functionality otherwise.","Equipment: Oxygen Concentrator. Manufacturer: Engage Nepal. Model: Qjzy10La. Problem: device reported as non-functional.. Work done: upon inspection, the loud noise was being heard when the device was run. the noise was traced back to the compressor exhausting excess air due to pressure built up in the compressor. the zeolite being damaged due to moisture and not being able to filter or pass the air was identified as the cause. the zeolite needs replacement. the device can t be brought back to functionality otherwise.",Duplicate content,
H2-RM-00614,repair_record,Hospital 2,repair_records_2.csv,Oxygen Concentrator,Engage Nepal,,device reported as non-functional,,"the device was thoroughly inspected. the device produced a loud noise frequently which was traced back to the compressor exhausting the excess air due to overpressure. the zeolite was found to be in a powder form and unable to fiter and pass the air leading to overpressure . hence, the seive bed(zeolite) requires replacement or else the device can t be brought back to functionality.","Equipment: Oxygen Concentrator. Manufacturer: Engage Nepal. Problem: device reported as non-functional. Work done: the device was thoroughly inspected. the device produced a loud noise frequently which was traced back to the compressor exhausting the excess air due to overpressure. the zeolite was found to be in a powder form and unable to fiter and pass the air leading to overpressure . hence, the seive bed(zeolite) requires replacement or else the device can t be brought back to functionality.",Duplicate content,
H2-RM-00617,repair_record,Hospital 2,repair_records_2.csv,Oxygen Concentrator,Engage Nepal,,device was reported as non-functional.,,"the device was thoroughly inspected. the device produced a loud noise frequently which was traced back to the compressor exhausting the excess air due to overpressure. the zeolite was found to be in a powder form and unable to fiter and pass the air leading to overpressure . hence, the seive bed(zeolite) requires replacement or else the device can t be brought back to functionality.","Equipment: Oxygen Concentrator. Manufacturer: Engage Nepal. Problem: device was reported as non-functional.. Work done: the device was thoroughly inspected. the device produced a loud noise frequently which was traced back to the compressor exhausting the excess air due to overpressure. the zeolite was found to be in a powder form and unable to fiter and pass the air leading to overpressure . hence, the seive bed(zeolite) requires replacement or else the device can t be brought back to functionality.",Duplicate content,
H2-RM-00638,repair_record,Hospital 2,repair_records_2.csv,Air Rotor,Myricko,Wj-122,new installation,,"a new air rotor was installed, tested and found to be working properly.","Equipment: Air Rotor. Manufacturer: Myricko. Model: Wj-122. Problem: new installation. Work done: a new air rotor was installed, tested and found to be working properly.",Duplicate content,
H2-RM-00639,repair_record,Hospital 2,repair_records_2.csv,Air Rotor,Myricko,Wj-122,new installation,,"a new air rotor was installed, tested and found to be working properly.","Equipment: Air Rotor. Manufacturer: Myricko. Model: Wj-122. Problem: new installation. Work done: a new air rotor was installed, tested and found to be working properly.",Duplicate content,
H2-RM-00724,repair_record,Hospital 2,repair_records_2.csv,Digital Blood Pressure Monitor,Mhi,,,,"department: opd equipment: digital blood pressure monitor manufacturer: mhi issue reported: the device was reported to display abnormally high blood pressure readings. work performed: the digital bp monitor was thoroughly evaluated. the device was then opened for internal inspection. the pressure transducer/sensor assembly was found to have minor contamination, which can interfere with accurate pressure detection. the sensors were carefully cleaned, and the system wasreset to restore proper pressure mapping. the bp cuff and tubing were inspected for leaks or deformities and were found to be in good condition. after reassembly and repeated functional testing, the device produced readings within acceptable accuracy limits.","Equipment: Digital Blood Pressure Monitor. Manufacturer: Mhi. Work done: department: opd equipment: digital blood pressure monitor manufacturer: mhi issue reported: the device was reported to display abnormally high blood pressure readings. work performed: the digital bp monitor was thoroughly evaluated. the device was then opened for internal inspection. the pressure transducer/sensor assembly was found to have minor contamination, which can interfere with accurate pressure detection. the sensors were carefully cleaned, and the system wasreset to restore proper pressure mapping. the bp cuff and tubing were inspected for leaks or deformities and were found to be in good condition. after reassembly and repeated functional testing, the device produced readings within acceptable accuracy limits.",Missing both fault_description and initial_diagnosis,cc3ee23a65baa060
H2-RM-00730,repair_record,Hospital 2,repair_records_2.csv,Dental Chair,Confident,Mookambika,water leakage from the handpiece,,"the dental chair unit was thoroughly inspected. water droplets were observed coming from the air rotors even when the foot switch was released. the handpieces were individually examined and found to be functioning properly. upon further inspection, the wrv (water regulation valve) was identified as the cause of the issue. the valve was unable to fully stop the water flow due to a spring mechanism being stuck as a result of accumulated debris. the valve assembly was cleaned, debris removed, and the spring mechanism lubricated. after servicing, the system was tested and confirmed to be operating normally. no water leakage was observed from the air rotors.","Equipment: Dental Chair. Manufacturer: Confident. Model: Mookambika. Problem: water leakage from the handpiece. Work done: the dental chair unit was thoroughly inspected. water droplets were observed coming from the air rotors even when the foot switch was released. the handpieces were individually examined and found to be functioning properly. upon further inspection, the wrv (water regulation valve) was identified as the cause of the issue. the valve was unable to fully stop the water flow due to a spring mechanism being stuck as a result of accumulated debris. the valve assembly was cleaned, debris removed, and the spring mechanism lubricated. after servicing, the system was tested and confirmed to be operating normally. no water leakage was observed from the air rotors.",Duplicate content,
H2-RM-00733,repair_record,Hospital 2,repair_records_2.csv,Oxygen Concentrator,Engage Nepal,Qjzy10La,,,"the oxygen concentrator was thoroughly inspected. oxygen output was evaluated using an oxygen analyzer, which confirmed that the oxygen purity and actual flow rate were within acceptable limits. however, the flowmeter display indicated a lower flow than the actual output. the ultrasonic transducer was checked and found to be functioning properly. upon further assessment, the flowmeter was confirmed to be faulty. the defective flowmeter was replaced with a functional unit taken from a non-functional device.","Equipment: Oxygen Concentrator. Manufacturer: Engage Nepal. Model: Qjzy10La. Work done: the oxygen concentrator was thoroughly inspected. oxygen output was evaluated using an oxygen analyzer, which confirmed that the oxygen purity and actual flow rate were within acceptable limits. however, the flowmeter display indicated a lower flow than the actual output. the ultrasonic transducer was checked and found to be functioning properly. upon further assessment, the flowmeter was confirmed to be faulty. the defective flowmeter was replaced with a functional unit taken from a non-functional device.",Missing both fault_description and initial_diagnosis,44b8e41d68bff056
H2-RM-00742,repair_record,Hospital 2,repair_records_2.csv,Nebulizer,Ross Max,Ne100,,,"the device was tested and found to have no air output, although the compressor motor was running. upon disassembly, it was observed that the piston had become detached due to a worn holder. the holder was repaired, and the piston was securely reattached. additionally, the filter and compressor chamber were found to be dirty and were thoroughly cleaned. after reassembly and testing, the device was found to be operating normally with proper air output.","Equipment: Nebulizer. Manufacturer: Ross Max. Model: Ne100. Work done: the device was tested and found to have no air output, although the compressor motor was running. upon disassembly, it was observed that the piston had become detached due to a worn holder. the holder was repaired, and the piston was securely reattached. additionally, the filter and compressor chamber were found to be dirty and were thoroughly cleaned. after reassembly and testing, the device was found to be operating normally with proper air output.",Missing both fault_description and initial_diagnosis,66335c913fa3e863
H2-RM-00755,repair_record,Hospital 2,repair_records_2.csv,Suction Machine,Jinsol,Js-001,,,"the device was thoroughly inspected and the compressor was found to be generating adequate vacuum. however, suction was not effective. further inspection revealed that one of the collection bottles had cracks, causing loss of vacuum. the cracked bottle was replaced with a new one. after replacement, the suction function was tested and found to be operating normally.","Equipment: Suction Machine. Manufacturer: Jinsol. Model: Js-001. Work done: the device was thoroughly inspected and the compressor was found to be generating adequate vacuum. however, suction was not effective. further inspection revealed that one of the collection bottles had cracks, causing loss of vacuum. the cracked bottle was replaced with a new one. after replacement, the suction function was tested and found to be operating normally.",Missing both fault_description and initial_diagnosis,984f23d3d55d9097
H2-RM-00810,repair_record,Hospital 2,repair_records_2.csv,Usg Machine,Sonoscape,E2,,,"technical diagnostics confirmed that the thermal printer was not receiving an input signal when the print command was initiated. although the video cable connection at the printer terminal was initially reset, signal transmission remained absent. further troubleshooting identified a loose or improperly seated video cable interface at the usg machine output terminal. after the connection was properly re-established and secured at the main unit, the communication link was restored, and the system began printing correctly. the device has been verified and returned to full operational status for the opd.","Equipment: Usg Machine. Manufacturer: Sonoscape. Model: E2. Work done: technical diagnostics confirmed that the thermal printer was not receiving an input signal when the print command was initiated. although the video cable connection at the printer terminal was initially reset, signal transmission remained absent. further troubleshooting identified a loose or improperly seated video cable interface at the usg machine output terminal. after the connection was properly re-established and secured at the main unit, the communication link was restored, and the system began printing correctly. the device has been verified and returned to full operational status for the opd.",Missing both fault_description and initial_diagnosis,55329674e1bb522b
H2-RM-00821,repair_record,Hospital 2,repair_records_2.csv,Dental Chair,Confident,Mookambika,,,"issue was observed with the air rotor, where water leakage was present due to the foot switch not being relieved properly because of dirt accumulation. the solenoid valve was also found to be contaminated. the foot switch mechanism and solenoid valve of the air rotor were cleaned and lubricated, resolving the water leakage issue and restoring proper operation.","Equipment: Dental Chair. Manufacturer: Confident. Model: Mookambika. Work done: issue was observed with the air rotor, where water leakage was present due to the foot switch not being relieved properly because of dirt accumulation. the solenoid valve was also found to be contaminated. the foot switch mechanism and solenoid valve of the air rotor were cleaned and lubricated, resolving the water leakage issue and restoring proper operation.",Missing both fault_description and initial_diagnosis,8fea3b4b623f2361
H2-RM-00832,repair_record,Hospital 2,repair_records_2.csv,Patient Monitor,Hwatime,H8,,,"upon inspection, no ecg signal was observed on both the monitors. further checking revealed that a 3 lead ecg cable was connected, while the device settings were configured for a 5 lead ecg. due to this mismatch between the cable type and device configuration, the ecg signal was not being displayed. the device settings were reconfigured from 5 lead ecg to 3 lead ecg to match the connected ecg cable. after reconfiguration, the ecg signal was observed and found to be displaying properly.","Equipment: Patient Monitor. Manufacturer: Hwatime. Model: H8. Work done: upon inspection, no ecg signal was observed on both the monitors. further checking revealed that a 3 lead ecg cable was connected, while the device settings were configured for a 5 lead ecg. due to this mismatch between the cable type and device configuration, the ecg signal was not being displayed. the device settings were reconfigured from 5 lead ecg to 3 lead ecg to match the connected ecg cable. after reconfiguration, the ecg signal was observed and found to be displaying properly.",Missing both fault_description and initial_diagnosis,a0878a164a82cc4d
H3-RM-00044,repair_record,Hospital 3,repair_records_3.csv,Bubble Cpap,Resmed,,need operational verification before use,,performed pre operational tests,Equipment: Bubble Cpap. Manufacturer: Resmed. Problem: need operational verification before use. Work done: performed pre operational tests,Duplicate content,
H3-RM-00045,repair_record,Hospital 3,repair_records_3.csv,Bubble Cpap,Resmed,,need operational verification before use,,performed pre operational tests,Equipment: Bubble Cpap. Manufacturer: Resmed. Problem: need operational verification before use. Work done: performed pre operational tests,Duplicate content,
H3-RM-00075,repair_record,Hospital 3,repair_records_3.csv,Ventilator,Hamilton,C3,preop tests issue,,successful preop tests performed,Equipment: Ventilator. Manufacturer: Hamilton. Model: C3. Problem: preop tests issue. Work done: successful preop tests performed,Duplicate content,
H3-RM-00085,repair_record,Hospital 3,repair_records_3.csv,Infusion Pump,,,stand holder issue,,holder fixed,Equipment: Infusion Pump. Problem: stand holder issue. Work done: holder fixed,Duplicate content,
H3-RM-00090,repair_record,Hospital 3,repair_records_3.csv,Ventilator,,,tests issue,,preop tests successful,Equipment: Ventilator. Problem: tests issue. Work done: preop tests successful,Duplicate content,
H3-RM-00102,repair_record,Hospital 3,repair_records_3.csv,Tens Machine,,,broken electrode connector,,fixed connector,Equipment: Tens Machine. Problem: broken electrode connector. Work done: fixed connector,Duplicate content,
H3-RM-00134,repair_record,Hospital 3,repair_records_3.csv,Ventilator,Hamilton,C3,requested inspection of ventilator,,found o2cell defective,Equipment: Ventilator. Manufacturer: Hamilton. Model: C3. Problem: requested inspection of ventilator. Work done: found o2cell defective,Duplicate content,
H3-RM-00140,repair_record,Hospital 3,repair_records_3.csv,Ventilator,Hamilton,C1,requested for inspection of ventilator,,found the need to perform pm,Equipment: Ventilator. Manufacturer: Hamilton. Model: C1. Problem: requested for inspection of ventilator. Work done: found the need to perform pm,Duplicate content,
H3-RM-00160,repair_record,Hospital 3,repair_records_3.csv,Ventilator,Mindray,,,,pre op checked,Equipment: Ventilator. Manufacturer: Mindray. Work done: pre op checked,Missing both fault_description and initial_diagnosis,9e8154a64a233996
H3-RM-00161,repair_record,Hospital 3,repair_records_3.csv,Ventilator,Hamilton,,,,pre op checked,Equipment: Ventilator. Manufacturer: Hamilton. Work done: pre op checked,Missing both fault_description and initial_diagnosis,e30a79eee884a9fd
H3-RM-00162,repair_record,Hospital 3,repair_records_3.csv,Ventilator,Hamilton,,,,pre op checked,Equipment: Ventilator. Manufacturer: Hamilton. Work done: pre op checked,Duplicate content,
H3-RM-00171,repair_record,Hospital 3,repair_records_3.csv,Ventilator,Hamilton,,,,pre op checked,Equipment: Ventilator. Manufacturer: Hamilton. Work done: pre op checked,Duplicate content,
H3-RM-00172,repair_record,Hospital 3,repair_records_3.csv,Ventilator,Mindray,,,,pre op checked,Equipment: Ventilator. Manufacturer: Mindray. Work done: pre op checked,Duplicate content,
H3-RM-00179,repair_record,Hospital 3,repair_records_3.csv,Ventilator,Mindray,,,,pre op checked,Equipment: Ventilator. Manufacturer: Mindray. Work done: pre op checked,Duplicate content,
H3-RM-00184,repair_record,Hospital 3,repair_records_3.csv,Sphygmomanometer,,,,,maintanence done,Equipment: Sphygmomanometer. Work done: maintanence done,Missing both fault_description and initial_diagnosis,dab3dde45aef65c5
H3-RM-00185,repair_record,Hospital 3,repair_records_3.csv,Ventilator,Hamilton,,,,pre op checked,Equipment: Ventilator. Manufacturer: Hamilton. Work done: pre op checked,Duplicate content,
H3-RM-00196,repair_record,Hospital 3,repair_records_3.csv,Patient Monitor,Philips,Intellivue Mp20,spo2 cable not working,,spo2 cable repaired and insulated,Equipment: Patient Monitor. Manufacturer: Philips. Model: Intellivue Mp20. Problem: spo2 cable not working. Work done: spo2 cable repaired and insulated,Duplicate content,
H3-RM-00205,repair_record,Hospital 3,repair_records_3.csv,Ventilator,Hamilton,,,,pre operational checked,Equipment: Ventilator. Manufacturer: Hamilton. Work done: pre operational checked,Missing both fault_description and initial_diagnosis,6573e06d217fd1c5
H3-RM-00206,repair_record,Hospital 3,repair_records_3.csv,Ventilator,,,,,pre operation checked,Equipment: Ventilator. Work done: pre operation checked,Missing both fault_description and initial_diagnosis,a19b9185c4824341
H3-RM-00207,repair_record,Hospital 3,repair_records_3.csv,Ventilator,,,,,pre operational checked,Equipment: Ventilator. Work done: pre operational checked,Missing both fault_description and initial_diagnosis,9de428fe8610aa64
H3-RM-00221,repair_record,Hospital 3,repair_records_3.csv,Nebulizer,Niscomed,,no fuming,,general maintenance,Equipment: Nebulizer. Manufacturer: Niscomed. Problem: no fuming. Work done: general maintenance,Duplicate content,
H3-RM-00236,repair_record,Hospital 3,repair_records_3.csv,Nebulizer,Niscomed,,,,inspection was done working fine,Equipment: Nebulizer. Manufacturer: Niscomed. Work done: inspection was done working fine,Missing both fault_description and initial_diagnosis,df9c04062abc0ae0
H3-RM-00303,repair_record,Hospital 3,repair_records_3.csv,Ventilator,Hamilton,Hamilton-C3,,,pre op checked,Equipment: Ventilator. Manufacturer: Hamilton. Model: Hamilton-C3. Work done: pre op checked,Missing both fault_description and initial_diagnosis,0f3efd53869d03d0
H3-RM-00304,repair_record,Hospital 3,repair_records_3.csv,Ventilator,Hamilton,Hamilton-C3,,,pre op checked,Equipment: Ventilator. Manufacturer: Hamilton. Model: Hamilton-C3. Work done: pre op checked,Duplicate content,
H3-RM-00358,repair_record,Hospital 3,repair_records_3.csv,Ventilator,Hamilton,Hamilton-C3,,,circuit pass was done,Equipment: Ventilator. Manufacturer: Hamilton. Model: Hamilton-C3. Work done: circuit pass was done,Missing both fault_description and initial_diagnosis,e5c7d05d7b58f655
H3-RM-00359,repair_record,Hospital 3,repair_records_3.csv,Ventilator,Leistung,,,,circuit passed and made standby,Equipment: Ventilator. Manufacturer: Leistung. Work done: circuit passed and made standby,Missing both fault_description and initial_diagnosis,d42c2cd08cb454ce
H3-RM-00466,repair_record,Hospital 3,repair_records_3.csv,Ventilator,Hamilton,Hamilton-C1,o2 cell calibration failed.,,inspected and vt analayzer was use to calibrate the oxygen flow.,Equipment: Ventilator. Manufacturer: Hamilton. Model: Hamilton-C1. Problem: o2 cell calibration failed.. Work done: inspected and vt analayzer was use to calibrate the oxygen flow.,Duplicate content,
H3-RM-00515,repair_record,Hospital 3,repair_records_3.csv,Blood Gas Analyzer,Wondfo,,,,installation was done by company representative. user traninig was provided.,Equipment: Blood Gas Analyzer. Manufacturer: Wondfo. Work done: installation was done by company representative. user traninig was provided.,Missing both fault_description and initial_diagnosis,8d1244def2c21090
H3-RM-00516,repair_record,Hospital 3,repair_records_3.csv,Hematology Analyzer,Horiba,Yumizen H500,,,installation of h550 done. user and general maintenance training provided. and sample validation done.,Equipment: Hematology Analyzer. Manufacturer: Horiba. Model: Yumizen H500. Work done: installation of h550 done. user and general maintenance training provided. and sample validation done.,Missing both fault_description and initial_diagnosis,002e91ebe77b8bf7
H3-RM-00523,repair_record,Hospital 3,repair_records_3.csv,Patient Monitor,Schiller,Truscope Ultra Q7,spo2 probe locking issue,,re-assessment was performed,Equipment: Patient Monitor. Manufacturer: Schiller. Model: Truscope Ultra Q7. Problem: spo2 probe locking issue. Work done: re-assessment was performed,Duplicate content,
H3-RM-00524,repair_record,Hospital 3,repair_records_3.csv,Patient Monitor,Schiller,Truscope Ultra Q7,spo2 probe locking issue,,re-assessment was performed,Equipment: Patient Monitor. Manufacturer: Schiller. Model: Truscope Ultra Q7. Problem: spo2 probe locking issue. Work done: re-assessment was performed,Duplicate content,
H3-RM-00543,repair_record,Hospital 3,repair_records_3.csv,Patient Monitor,Schiller,Truscope Ultra Q7,incompatible ecg probe,,re-assessment was performed,Equipment: Patient Monitor. Manufacturer: Schiller. Model: Truscope Ultra Q7. Problem: incompatible ecg probe. Work done: re-assessment was performed,Duplicate content,
H3-RM-00544,repair_record,Hospital 3,repair_records_3.csv,Patient Monitor,Schiller,Truscope Ultra Q7,incompatible ecg probe,,re-assessment was performed,Equipment: Patient Monitor. Manufacturer: Schiller. Model: Truscope Ultra Q7. Problem: incompatible ecg probe. Work done: re-assessment was performed,Duplicate content,
H3-RM-00546,repair_record,Hospital 3,repair_records_3.csv,,,,,,training sessions was conducted among sister in charge for qr access,Work done: training sessions was conducted among sister in charge for qr access,Missing both fault_description and initial_diagnosis,4d069c9aadc1abd6
H3-RM-00555,repair_record,Hospital 3,repair_records_3.csv,Patient Monitor,Philips,Efficia Cm20,bp cuff unable to give reading,,re-assessment was performed,Equipment: Patient Monitor. Manufacturer: Philips. Model: Efficia Cm20. Problem: bp cuff unable to give reading. Work done: re-assessment was performed,Duplicate content,
H3-RM-00556,repair_record,Hospital 3,repair_records_3.csv,Patient Monitor,Philips,Efficia Cm20,bp cuff unable to give reading,,re-assessment was performed,Equipment: Patient Monitor. Manufacturer: Philips. Model: Efficia Cm20. Problem: bp cuff unable to give reading. Work done: re-assessment was performed,Duplicate content,
H3-RM-00557,repair_record,Hospital 3,repair_records_3.csv,Patient Monitor,Philips,Efficia Cm20,bp cuff unable to give reading,,re-assessment was performed,Equipment: Patient Monitor. Manufacturer: Philips. Model: Efficia Cm20. Problem: bp cuff unable to give reading. Work done: re-assessment was performed,Duplicate content,
H3-RM-00558,repair_record,Hospital 3,repair_records_3.csv,Patient Monitor,Philips,Efficia Cm20,bp cuff unable to give reading,,re-assessment was performed,Equipment: Patient Monitor. Manufacturer: Philips. Model: Efficia Cm20. Problem: bp cuff unable to give reading. Work done: re-assessment was performed,Duplicate content,
H3-RM-00559,repair_record,Hospital 3,repair_records_3.csv,Patient Monitor,Philips,Efficia Cm20,bp cuff unable to give reading,,re-assessment was performed,Equipment: Patient Monitor. Manufacturer: Philips. Model: Efficia Cm20. Problem: bp cuff unable to give reading. Work done: re-assessment was performed,Duplicate content,
H3-RM-00614,repair_record,Hospital 3,repair_records_3.csv,Ventilator,Hamilton,C1,high tidal volume during spont mode,,inspected cleaned the filters and verified with vt analayzer,Equipment: Ventilator. Manufacturer: Hamilton. Model: C1. Problem: high tidal volume during spont mode. Work done: inspected cleaned the filters and verified with vt analayzer,Duplicate content,
H3-RM-00615,repair_record,Hospital 3,repair_records_3.csv,Ventilator,Hamilton,C1,high tidal volume during spont mode,,inspected cleaned the filters and verified with vt analayzer,Equipment: Ventilator. Manufacturer: Hamilton. Model: C1. Problem: high tidal volume during spont mode. Work done: inspected cleaned the filters and verified with vt analayzer,Duplicate content,
H3-RM-00627,repair_record,Hospital 3,repair_records_3.csv,Syringe Pump,Mindray,Benefusion Sp3,unabel to infuse all the medicine,,calibration was performed.,Equipment: Syringe Pump. Manufacturer: Mindray. Model: Benefusion Sp3. Problem: unabel to infuse all the medicine. Work done: calibration was performed.,Duplicate content,
H3-RM-00630,repair_record,Hospital 3,repair_records_3.csv,Infant Radiant Warmer,,,preopeartion of the machine was required,,reassessment was performed for the machine,Equipment: Infant Radiant Warmer. Problem: preopeartion of the machine was required. Work done: reassessment was performed for the machine,Duplicate content,
H3-RM-00631,repair_record,Hospital 3,repair_records_3.csv,Infant Radiant Warmer,,,preopeartion of the machine was required,,reassessment was performed for the machine,Equipment: Infant Radiant Warmer. Problem: preopeartion of the machine was required. Work done: reassessment was performed for the machine,Duplicate content,
H3-RM-00640,repair_record,Hospital 3,repair_records_3.csv,Bubble Cpap,,,pre operation was required,,working condition of machine was assured.,Equipment: Bubble Cpap. Problem: pre operation was required. Work done: working condition of machine was assured.,Duplicate content,
H3-RM-00662,repair_record,Hospital 3,repair_records_3.csv,Mattress Inflator,Niscomed,,broken cabel,,broken cabel was repaired,Equipment: Mattress Inflator. Manufacturer: Niscomed. Problem: broken cabel. Work done: broken cabel was repaired,Duplicate content,
H3-RM-00663,repair_record,Hospital 3,repair_records_3.csv,Mattress Inflator,Niscomed,,broken cabel,,broken cabel was repaired,Equipment: Mattress Inflator. Manufacturer: Niscomed. Problem: broken cabel. Work done: broken cabel was repaired,Duplicate content,
H3-RM-00785,repair_record,Hospital 3,repair_records_3.csv,Ventilator,Hamilton,C1,general maintenance required,,general maintenance was performed,Equipment: Ventilator. Manufacturer: Hamilton. Model: C1. Problem: general maintenance required. Work done: general maintenance was performed,Duplicate content,
H3-RM-00854,repair_record,Hospital 3,repair_records_3.csv,Sphygmomanometer,,,manometer dial was not in correct place.,,we first inspected the manometer dial and placed it in the correct order.,Equipment: Sphygmomanometer. Problem: manometer dial was not in correct place.. Work done: we first inspected the manometer dial and placed it in the correct order.,Duplicate content,
H3-RM-00882,repair_record,Hospital 3,repair_records_3.csv,Defibrillator,Philips,Efficia Dfm100,,,operational check was performed to ensure that the device was functioning properly.,Equipment: Defibrillator. Manufacturer: Philips. Model: Efficia Dfm100. Work done: operational check was performed to ensure that the device was functioning properly.,Missing both fault_description and initial_diagnosis,c2829b279daa77c0
H3-RM-00883,repair_record,Hospital 3,repair_records_3.csv,Defibrillator,Mindray,Beneheart D3,,,routine test was performed to ensure that the device was working properly,Equipment: Defibrillator. Manufacturer: Mindray. Model: Beneheart D3. Work done: routine test was performed to ensure that the device was working properly,Missing both fault_description and initial_diagnosis,51359d8712fddb3a
H3-RM-00895,repair_record,Hospital 3,repair_records_3.csv,Sphygmomanometer,,,manometer dial was displaced.,,we placed the manometer dial at its correct position and made sure that the device was working properly.,Equipment: Sphygmomanometer. Problem: manometer dial was displaced.. Work done: we placed the manometer dial at its correct position and made sure that the device was working properly.,Duplicate content,
H3-RM-00896,repair_record,Hospital 3,repair_records_3.csv,Sphygmomanometer,,,manometer dial was displaced.,,we placed the manometer dial at its correct position and made sure that the device was working properly.,Equipment: Sphygmomanometer. Problem: manometer dial was displaced.. Work done: we placed the manometer dial at its correct position and made sure that the device was working properly.,Duplicate content,
H3-RM-00902,repair_record,Hospital 3,repair_records_3.csv,Ecg Machine,Philips,Pagewriter Tc20,,,as a part of preventive maintenance. emergency ecg was under went to 1.touch calibration test (manual calibration) 2.lead wire shortage test the test was successfully passed. and machine is working fine.,Equipment: Ecg Machine. Manufacturer: Philips. Model: Pagewriter Tc20. Work done: as a part of preventive maintenance. emergency ecg was under went to 1.touch calibration test (manual calibration) 2.lead wire shortage test the test was successfully passed. and machine is working fine.,Missing both fault_description and initial_diagnosis,87a5e021bef6dba7
H3-RM-00947,repair_record,Hospital 3,repair_records_3.csv,Ventilator,Hamilton,C1,the nursing staff reported that the flow sensor was not working.,,"first we tried to calibrate the sensor and the sensor could not be calibrated on multiple attempts. we even tried to calibrate the flow sensor on other ventilator and still the flow sensor could not be calibrated. so, we concluded that due to long term use the flow sensor had degraded.","Equipment: Ventilator. Manufacturer: Hamilton. Model: C1. Problem: the nursing staff reported that the flow sensor was not working.. Work done: first we tried to calibrate the sensor and the sensor could not be calibrated on multiple attempts. we even tried to calibrate the flow sensor on other ventilator and still the flow sensor could not be calibrated. so, we concluded that due to long term use the flow sensor had degraded.",Duplicate content,
H3-RM-00953,repair_record,Hospital 3,repair_records_3.csv,Nebulizer,,,nebulizer not working properly.,,"the nebulizer was inspected and found that the nebulizer was not producing mist effectively. so, we lubricated the motor and fan and cleaned the internal compartments. hence, the nebulizer delivered the mist effectively.","Equipment: Nebulizer. Problem: nebulizer not working properly.. Work done: the nebulizer was inspected and found that the nebulizer was not producing mist effectively. so, we lubricated the motor and fan and cleaned the internal compartments. hence, the nebulizer delivered the mist effectively.",Duplicate content,
H3-RM-00995,repair_record,Hospital 3,repair_records_3.csv,Patient Monitor,,,,,routine maintenance check was conducted on the patient monitor to ensure all critical components were fully operational.,Equipment: Patient Monitor. Work done: routine maintenance check was conducted on the patient monitor to ensure all critical components were fully operational.,Missing both fault_description and initial_diagnosis,218bc87966b71100
H3-RM-01015,repair_record,Hospital 3,repair_records_3.csv,Patient Monitor,Schiller,Truscope Ultra Q7,faulty spo2 lock.,,the defective lock was replaced by a new spo2 lock. the functionality was tested and the monitor successfully displayed the spo2 reading.,Equipment: Patient Monitor. Manufacturer: Schiller. Model: Truscope Ultra Q7. Problem: faulty spo2 lock.. Work done: the defective lock was replaced by a new spo2 lock. the functionality was tested and the monitor successfully displayed the spo2 reading.,Duplicate content,
H3-RM-01016,repair_record,Hospital 3,repair_records_3.csv,Patient Monitor,Schiller,Truscope Ultra Q7,faulty spo2 lock.,,the defective lock was replaced by a new spo2 lock. the functionality was tested and the monitor successfully displayed the spo2 reading.,Equipment: Patient Monitor. Manufacturer: Schiller. Model: Truscope Ultra Q7. Problem: faulty spo2 lock.. Work done: the defective lock was replaced by a new spo2 lock. the functionality was tested and the monitor successfully displayed the spo2 reading.,Duplicate content,
H3-RM-01017,repair_record,Hospital 3,repair_records_3.csv,Patient Monitor,Schiller,Truscope Ultra Q7,faulty spo2 lock.,,the defective lock was replaced by a new spo2 lock. the functionality was tested and the monitor successfully displayed the spo2 reading.,Equipment: Patient Monitor. Manufacturer: Schiller. Model: Truscope Ultra Q7. Problem: faulty spo2 lock.. Work done: the defective lock was replaced by a new spo2 lock. the functionality was tested and the monitor successfully displayed the spo2 reading.,Duplicate content,
H3-RM-01018,repair_record,Hospital 3,repair_records_3.csv,Patient Monitor,Schiller,Truscope Ultra Q7,faulty spo2 lock.,,the defective lock was replaced by a new spo2 lock. the functionality was tested and the monitor successfully displayed the spo2 reading.,Equipment: Patient Monitor. Manufacturer: Schiller. Model: Truscope Ultra Q7. Problem: faulty spo2 lock.. Work done: the defective lock was replaced by a new spo2 lock. the functionality was tested and the monitor successfully displayed the spo2 reading.,Duplicate content,
H3-RM-01019,repair_record,Hospital 3,repair_records_3.csv,Patient Monitor,Schiller,Truscope Ultra Q7,faulty spo2 lock.,,the defective lock was replaced by a new spo2 lock. the functionality was tested and the monitor successfully displayed the spo2 reading.,Equipment: Patient Monitor. Manufacturer: Schiller. Model: Truscope Ultra Q7. Problem: faulty spo2 lock.. Work done: the defective lock was replaced by a new spo2 lock. the functionality was tested and the monitor successfully displayed the spo2 reading.,Duplicate content,
H3-RM-01020,repair_record,Hospital 3,repair_records_3.csv,Patient Monitor,Schiller,Truscope Ultra Q7,faulty spo2 lock.,,the defective lock was replaced by a new spo2 lock. the functionality was tested and the monitor successfully displayed the spo2 reading.,Equipment: Patient Monitor. Manufacturer: Schiller. Model: Truscope Ultra Q7. Problem: faulty spo2 lock.. Work done: the defective lock was replaced by a new spo2 lock. the functionality was tested and the monitor successfully displayed the spo2 reading.,Duplicate content,
H3-RM-01081,repair_record,Hospital 3,repair_records_3.csv,Nebulizer,,,the nebulizers were not working.,,"upon inspection, it was found that the power wires were disconnected, preventing the nebulizers from turning on. the wires were reconnected, restoring the electrical connection and allowing the nebulizers to power on. the nebulizers have been fully restored and are now functioning properly.","Equipment: Nebulizer. Problem: the nebulizers were not working.. Work done: upon inspection, it was found that the power wires were disconnected, preventing the nebulizers from turning on. the wires were reconnected, restoring the electrical connection and allowing the nebulizers to power on. the nebulizers have been fully restored and are now functioning properly.",Duplicate content,
H3-RM-01191,repair_record,Hospital 3,repair_records_3.csv,Infant Radiant Warmer,Shreeyash,,routine inspection,,"a comprehensive routine inspection was carried out. during the assessment, the device powered on successfully with no signs of power supply issues. the functionality of air temperature sensor and skin temperature was thoroughly tested, and found to be responsive. additionally, the observation lamps and touch interface of the device was checked and confirmed to be fully functional. in conclusion, the device is fully functional with no faults or performance concerns noted.","Equipment: Infant Radiant Warmer. Manufacturer: Shreeyash. Problem: routine inspection. Work done: a comprehensive routine inspection was carried out. during the assessment, the device powered on successfully with no signs of power supply issues. the functionality of air temperature sensor and skin temperature was thoroughly tested, and found to be responsive. additionally, the observation lamps and touch interface of the device was checked and confirmed to be fully functional. in conclusion, the device is fully functional with no faults or performance concerns noted.",Duplicate content,
H3-RM-01192,repair_record,Hospital 3,repair_records_3.csv,Infant Radiant Warmer,Shreeyash,,routine inspection,,"a comprehensive routine inspection was carried out. during the assessment, the device powered on successfully with no signs of power supply issues. the functionality of air temperature sensor and skin temperature was thoroughly tested, and found to be responsive. additionally, the observation lamps and touch interface of the device was checked and confirmed to be fully functional. in conclusion, the device is fully functional with no faults or performance concerns noted.","Equipment: Infant Radiant Warmer. Manufacturer: Shreeyash. Problem: routine inspection. Work done: a comprehensive routine inspection was carried out. during the assessment, the device powered on successfully with no signs of power supply issues. the functionality of air temperature sensor and skin temperature was thoroughly tested, and found to be responsive. additionally, the observation lamps and touch interface of the device was checked and confirmed to be fully functional. in conclusion, the device is fully functional with no faults or performance concerns noted.",Duplicate content,
H3-RM-01193,repair_record,Hospital 3,repair_records_3.csv,Infant Radiant Warmer,Shreeyash,,routine inspection,,"a comprehensive routine inspection was carried out. during the assessment, the device powered on successfully with no signs of power supply issues. the functionality of air temperature sensor and skin temperature was thoroughly tested, and found to be responsive. additionally, the observation lamps and touch interface of the device was checked and confirmed to be fully functional. in conclusion, the device is fully functional with no faults or performance concerns noted.","Equipment: Infant Radiant Warmer. Manufacturer: Shreeyash. Problem: routine inspection. Work done: a comprehensive routine inspection was carried out. during the assessment, the device powered on successfully with no signs of power supply issues. the functionality of air temperature sensor and skin temperature was thoroughly tested, and found to be responsive. additionally, the observation lamps and touch interface of the device was checked and confirmed to be fully functional. in conclusion, the device is fully functional with no faults or performance concerns noted.",Duplicate content,
H3-RM-01194,repair_record,Hospital 3,repair_records_3.csv,Infant Radiant Warmer,Shreeyash,,routine inspection,,"a comprehensive routine inspection was carried out. during the assessment, the device powered on successfully with no signs of power supply issues. the functionality of air temperature sensor and skin temperature was thoroughly tested, and found to be responsive. additionally, the observation lamps and touch interface of the device was checked and confirmed to be fully functional. in conclusion, the device is fully functional with no faults or performance concerns noted.","Equipment: Infant Radiant Warmer. Manufacturer: Shreeyash. Problem: routine inspection. Work done: a comprehensive routine inspection was carried out. during the assessment, the device powered on successfully with no signs of power supply issues. the functionality of air temperature sensor and skin temperature was thoroughly tested, and found to be responsive. additionally, the observation lamps and touch interface of the device was checked and confirmed to be fully functional. in conclusion, the device is fully functional with no faults or performance concerns noted.",Duplicate content,
H3-RM-01195,repair_record,Hospital 3,repair_records_3.csv,Infant Radiant Warmer,Shreeyash,,routine inspection,,"a comprehensive routine inspection was carried out. during the assessment, the device powered on successfully with no signs of power supply issues. the functionality of air temperature sensor and skin temperature was thoroughly tested, and found to be responsive. additionally, the observation lamps and touch interface of the device was checked and confirmed to be fully functional. in conclusion, the device is fully functional with no faults or performance concerns noted.","Equipment: Infant Radiant Warmer. Manufacturer: Shreeyash. Problem: routine inspection. Work done: a comprehensive routine inspection was carried out. during the assessment, the device powered on successfully with no signs of power supply issues. the functionality of air temperature sensor and skin temperature was thoroughly tested, and found to be responsive. additionally, the observation lamps and touch interface of the device was checked and confirmed to be fully functional. in conclusion, the device is fully functional with no faults or performance concerns noted.",Duplicate content,
H3-RM-01198,repair_record,Hospital 3,repair_records_3.csv,Patient Monitor,Schiller,Truscope Ultra Q7,faulty spo2 lock.,,the defective lock was replaced by a new spo2 lock. the functionality was tested and the monitor successfully displayed the spo2 reading.,Equipment: Patient Monitor. Manufacturer: Schiller. Model: Truscope Ultra Q7. Problem: faulty spo2 lock.. Work done: the defective lock was replaced by a new spo2 lock. the functionality was tested and the monitor successfully displayed the spo2 reading.,Duplicate content,
H3-RM-01207,repair_record,Hospital 3,repair_records_3.csv,Colposcope,Lutech,Lt-300Sd,issue with no image on the screen.,,"issue with no image on the screen was assessed and loose connections was the problem. so, we properly connected the wires and the problem was resolved.","Equipment: Colposcope. Manufacturer: Lutech. Model: Lt-300Sd. Problem: issue with no image on the screen.. Work done: issue with no image on the screen was assessed and loose connections was the problem. so, we properly connected the wires and the problem was resolved.",Duplicate content,
H3-RM-01221,repair_record,Hospital 3,repair_records_3.csv,Sphygmomanometer,,,pressure gauge needle was not resting at the zero position.,,"the pressure gauge was found to be misaligned, with the needle not returning to the zero mark.the gauge was carefully realigned to ensure accurate baseline readings. pressure gauge successfully adjusted. the sphygmomanometer is now functioning correctly and providing accurate readings.","Equipment: Sphygmomanometer. Problem: pressure gauge needle was not resting at the zero position.. Work done: the pressure gauge was found to be misaligned, with the needle not returning to the zero mark.the gauge was carefully realigned to ensure accurate baseline readings. pressure gauge successfully adjusted. the sphygmomanometer is now functioning correctly and providing accurate readings.",Duplicate content,
H3-RM-01223,repair_record,Hospital 3,repair_records_3.csv,Syringe Pump,Smiths Medical,Graseby C9,device repeatedly turning off.,,"an initial assessment was conducted to investigate the reported issue. the battery was removed, and its voltage was checked, confirming a low battery condition. the battery was then charged for a period. following the charging, the device was tested and found to be functioning correctly without further power interruptions. it was determined that the issue was primarily due to a depleted battery. device restored to operational condition . the issue was resolved by charging the depleted battery.","Equipment: Syringe Pump. Manufacturer: Smiths Medical. Model: Graseby C9. Problem: device repeatedly turning off.. Work done: an initial assessment was conducted to investigate the reported issue. the battery was removed, and its voltage was checked, confirming a low battery condition. the battery was then charged for a period. following the charging, the device was tested and found to be functioning correctly without further power interruptions. it was determined that the issue was primarily due to a depleted battery. device restored to operational condition . the issue was resolved by charging the depleted battery.",Duplicate content,
H3-RM-01227,repair_record,Hospital 3,repair_records_3.csv,Syringe Pump,Smiths Medical,Graseby C9,device repeatedly turning off.,,"an initial assessment was conducted to investigate the reported issue. the battery was removed, and its voltage was checked, confirming a low battery condition. the battery was then charged for a period. following the charging, the device was tested and found to be functioning correctly without further power interruptions. it was determined that the issue was primarily due to a depleted battery. device restored to operational condition . the issue was resolved by charging the depleted battery.","Equipment: Syringe Pump. Manufacturer: Smiths Medical. Model: Graseby C9. Problem: device repeatedly turning off.. Work done: an initial assessment was conducted to investigate the reported issue. the battery was removed, and its voltage was checked, confirming a low battery condition. the battery was then charged for a period. following the charging, the device was tested and found to be functioning correctly without further power interruptions. it was determined that the issue was primarily due to a depleted battery. device restored to operational condition . the issue was resolved by charging the depleted battery.",Duplicate content,
H3-RM-01241,repair_record,Hospital 3,repair_records_3.csv,Ventilator,Hamilton,C1,routine maintenance and performance verification.,,"a routine service and performance verification were carried out on the hamilton c1 ventilator. the following checks and calibrations were performed using the manufacturer s service software, such as blower timer check, and alarm system test. additionally, the flow sensor was calibrated to ensure accurate airflow and volume measurements. post-calibration, the ventilator s performance was verified using the vt900a gas flow analyzer. parameters such as tidal volume and fio₂ were adjusted on the ventilator and cross-verified with the actual values measured by the analyzer. the measured values from the analyzer closely matched the configured settings on the ventilator, confirming that the device is accurately delivering the prescribed respiratory support.","Equipment: Ventilator. Manufacturer: Hamilton. Model: C1. Problem: routine maintenance and performance verification.. Work done: a routine service and performance verification were carried out on the hamilton c1 ventilator. the following checks and calibrations were performed using the manufacturer s service software, such as blower timer check, and alarm system test. additionally, the flow sensor was calibrated to ensure accurate airflow and volume measurements. post-calibration, the ventilator s performance was verified using the vt900a gas flow analyzer. parameters such as tidal volume and fio₂ were adjusted on the ventilator and cross-verified with the actual values measured by the analyzer. the measured values from the analyzer closely matched the configured settings on the ventilator, confirming that the device is accurately delivering the prescribed respiratory support.",Duplicate content,
H3-RM-01242,repair_record,Hospital 3,repair_records_3.csv,Ventilator,Hamilton,C1,routine maintenance and performance verification.,,"a routine service and performance verification were carried out on the hamilton c1 ventilator. the following checks and calibrations were performed using the manufacturer s service software, such as blower timer check, and alarm system test. additionally, the flow sensor was calibrated to ensure accurate airflow and volume measurements. post-calibration, the ventilator s performance was verified using the vt900a gas flow analyzer. parameters such as tidal volume and fio₂ were adjusted on the ventilator and cross-verified with the actual values measured by the analyzer. the measured values from the analyzer closely matched the configured settings on the ventilator, confirming that the device is accurately delivering the prescribed respiratory support.","Equipment: Ventilator. Manufacturer: Hamilton. Model: C1. Problem: routine maintenance and performance verification.. Work done: a routine service and performance verification were carried out on the hamilton c1 ventilator. the following checks and calibrations were performed using the manufacturer s service software, such as blower timer check, and alarm system test. additionally, the flow sensor was calibrated to ensure accurate airflow and volume measurements. post-calibration, the ventilator s performance was verified using the vt900a gas flow analyzer. parameters such as tidal volume and fio₂ were adjusted on the ventilator and cross-verified with the actual values measured by the analyzer. the measured values from the analyzer closely matched the configured settings on the ventilator, confirming that the device is accurately delivering the prescribed respiratory support.",Duplicate content,
H3-RM-01243,repair_record,Hospital 3,repair_records_3.csv,Ventilator,Hamilton,C1,routine maintenance and performance verification.,,"a routine service and performance verification were carried out on the hamilton c1 ventilator. the following checks and calibrations were performed using the manufacturer s service software, such as blower timer check, and alarm system test. additionally, the flow sensor was calibrated to ensure accurate airflow and volume measurements. post-calibration, the ventilator s performance was verified using the vt900a gas flow analyzer. parameters such as tidal volume and fio₂ were adjusted on the ventilator and cross-verified with the actual values measured by the analyzer. the measured values from the analyzer closely matched the configured settings on the ventilator, confirming that the device is accurately delivering the prescribed respiratory support.","Equipment: Ventilator. Manufacturer: Hamilton. Model: C1. Problem: routine maintenance and performance verification.. Work done: a routine service and performance verification were carried out on the hamilton c1 ventilator. the following checks and calibrations were performed using the manufacturer s service software, such as blower timer check, and alarm system test. additionally, the flow sensor was calibrated to ensure accurate airflow and volume measurements. post-calibration, the ventilator s performance was verified using the vt900a gas flow analyzer. parameters such as tidal volume and fio₂ were adjusted on the ventilator and cross-verified with the actual values measured by the analyzer. the measured values from the analyzer closely matched the configured settings on the ventilator, confirming that the device is accurately delivering the prescribed respiratory support.",Duplicate content,
H3-RM-01244,repair_record,Hospital 3,repair_records_3.csv,Syringe Pump,Smiths Medical,Graseby C9,transmission error.,,"the device was displaying a transmission error during operation. to address the issue, all internal cables were disconnected, and the internal syringe plunger mechanism was accessed for inspection. the internal components were carefully disassembled, cleaned, and reassembled to ensure proper alignment and functionality. all connections were re-secured, and the device was reassembled completely. after reassembly, the syringe pump was tested extensively. the transmission error was no longer present, and the device operated normally throughout multiple test cycles.","Equipment: Syringe Pump. Manufacturer: Smiths Medical. Model: Graseby C9. Problem: transmission error.. Work done: the device was displaying a transmission error during operation. to address the issue, all internal cables were disconnected, and the internal syringe plunger mechanism was accessed for inspection. the internal components were carefully disassembled, cleaned, and reassembled to ensure proper alignment and functionality. all connections were re-secured, and the device was reassembled completely. after reassembly, the syringe pump was tested extensively. the transmission error was no longer present, and the device operated normally throughout multiple test cycles.",Duplicate content,
H3-RM-01256,repair_record,Hospital 3,repair_records_3.csv,Patient Monitor,Philips,Efficia Cm120,routine inspection.,,"a routine inspection was conducted on the patient monitor.the touchscreen, alarm system, and all control buttons were thoroughly tested. the functionality of all accessories including ecg cables, spo₂ probes, temperature probes, and nibp cuffs was also verified.","Equipment: Patient Monitor. Manufacturer: Philips. Model: Efficia Cm120. Problem: routine inspection.. Work done: a routine inspection was conducted on the patient monitor.the touchscreen, alarm system, and all control buttons were thoroughly tested. the functionality of all accessories including ecg cables, spo₂ probes, temperature probes, and nibp cuffs was also verified.",Duplicate content,
H3-RM-01257,repair_record,Hospital 3,repair_records_3.csv,Patient Monitor,Philips,Efficia Cm120,routine inspection.,,"a routine inspection was conducted on the patient monitor.the touchscreen, alarm system, and all control buttons were thoroughly tested. the functionality of all accessories including ecg cables, spo₂ probes, temperature probes, and nibp cuffs was also verified.","Equipment: Patient Monitor. Manufacturer: Philips. Model: Efficia Cm120. Problem: routine inspection.. Work done: a routine inspection was conducted on the patient monitor.the touchscreen, alarm system, and all control buttons were thoroughly tested. the functionality of all accessories including ecg cables, spo₂ probes, temperature probes, and nibp cuffs was also verified.",Duplicate content,
H3-RM-01258,repair_record,Hospital 3,repair_records_3.csv,Patient Monitor,Philips,Efficia Cm120,routine inspection.,,"a routine inspection was conducted on the patient monitor.the touchscreen, alarm system, and all control buttons were thoroughly tested. the functionality of all accessories including ecg cables, spo₂ probes, temperature probes, and nibp cuffs was also verified.","Equipment: Patient Monitor. Manufacturer: Philips. Model: Efficia Cm120. Problem: routine inspection.. Work done: a routine inspection was conducted on the patient monitor.the touchscreen, alarm system, and all control buttons were thoroughly tested. the functionality of all accessories including ecg cables, spo₂ probes, temperature probes, and nibp cuffs was also verified.",Duplicate content,
H3-RM-01270,repair_record,Hospital 3,repair_records_3.csv,Nebulizer,Handyneb,Classic,not turning on.,,"upon visual inspection, we found that a wire was broken. we reconnected the wire. additionally, the fan was dirty and the compressor required maintenance. we cleaned the fan and lubricated the compressor. nebulizer restored to proper working.","Equipment: Nebulizer. Manufacturer: Handyneb. Model: Classic. Problem: not turning on.. Work done: upon visual inspection, we found that a wire was broken. we reconnected the wire. additionally, the fan was dirty and the compressor required maintenance. we cleaned the fan and lubricated the compressor. nebulizer restored to proper working.",Duplicate content,
H3-RM-01303,repair_record,Hospital 3,repair_records_3.csv,Syringe Pump,Smiths Medical,Graseby C9,reported to be non-functional; device failed to power on.,,"the syringe pump was found to be unresponsive despite being connected to a power source. the device was disassembled for internal inspection, during which it was observed that the ribbon cable connecting the display to the main board had accumulated residue, leading to poor connectivity. the ribbon cable was thoroughly cleaned and securely reconnected. upon powering on the device, it displayed a system error 6, which prevented normal operation. all internal cable connections were then carefully checked and reseated to ensure proper electrical contact. after completing these steps, the syringe pump powered on successfully without displaying any error codes. final functionality checks confirmed that the device is operating normally. the syringe pump is now fully functional and ready for clinical use.","Equipment: Syringe Pump. Manufacturer: Smiths Medical. Model: Graseby C9. Problem: reported to be non-functional; device failed to power on.. Work done: the syringe pump was found to be unresponsive despite being connected to a power source. the device was disassembled for internal inspection, during which it was observed that the ribbon cable connecting the display to the main board had accumulated residue, leading to poor connectivity. the ribbon cable was thoroughly cleaned and securely reconnected. upon powering on the device, it displayed a system error 6, which prevented normal operation. all internal cable connections were then carefully checked and reseated to ensure proper electrical contact. after completing these steps, the syringe pump powered on successfully without displaying any error codes. final functionality checks confirmed that the device is operating normally. the syringe pump is now fully functional and ready for clinical use.",Duplicate content,
H3-RM-01306,repair_record,Hospital 3,repair_records_3.csv,Syringe Pump,Smiths Medical,Graseby C9,syringe plunger open alarm,,"upon receiving the complaint, the syringe pump was inspected for the reported syringe plunger open alarm. the unit was disassembled, and mechanical inspection of the plunger mechanism revealed that the internal gear had been displaced from its proper position, preventing the secure engagement of the syringe plunger. the gear mechanism was realigned and reassembled carefully to ensure proper movement and locking of the plunger assembly. once reassembled, the syringe pump was powered on, and functional tests were conducted. the alarm no longer appeared, confirming that the issue had been resolved. the syringe pump is now fully functional.","Equipment: Syringe Pump. Manufacturer: Smiths Medical. Model: Graseby C9. Problem: syringe plunger open alarm. Work done: upon receiving the complaint, the syringe pump was inspected for the reported syringe plunger open alarm. the unit was disassembled, and mechanical inspection of the plunger mechanism revealed that the internal gear had been displaced from its proper position, preventing the secure engagement of the syringe plunger. the gear mechanism was realigned and reassembled carefully to ensure proper movement and locking of the plunger assembly. once reassembled, the syringe pump was powered on, and functional tests were conducted. the alarm no longer appeared, confirming that the issue had been resolved. the syringe pump is now fully functional.",Duplicate content,
H3-RM-01310,repair_record,Hospital 3,repair_records_3.csv,Patient Monitor,Schiller,Truscope Ultra Q7,touchscreen non-functional,,"the patient monitor was initially inspected, and it was observed that the touchscreen functionality was intermittent, occasionally responding but often unresponsive. the device was carefully disassembled for further evaluation. upon inspection, the touchscreen connector cable was tested for continuity and found to be intact. however, it was discovered that the cable responsible for the touchscreen interface was not securely seated in its connector. the cable was then securely reattached. following reassembly and powering on the device, the touchscreen functionality was restored and operated consistently during testing. the patient monitor is now fully operational.","Equipment: Patient Monitor. Manufacturer: Schiller. Model: Truscope Ultra Q7. Problem: touchscreen non-functional. Work done: the patient monitor was initially inspected, and it was observed that the touchscreen functionality was intermittent, occasionally responding but often unresponsive. the device was carefully disassembled for further evaluation. upon inspection, the touchscreen connector cable was tested for continuity and found to be intact. however, it was discovered that the cable responsible for the touchscreen interface was not securely seated in its connector. the cable was then securely reattached. following reassembly and powering on the device, the touchscreen functionality was restored and operated consistently during testing. the patient monitor is now fully operational.",Duplicate content,
H3-RM-01319,repair_record,Hospital 3,repair_records_3.csv,Syringe Pump,Smiths Medical,Graseby C9,syringe plunger open alarm,,"upon receiving the complaint, the syringe pump was inspected for the reported syringe plunger open alarm. the unit was disassembled, and mechanical inspection of the plunger mechanism revealed that the internal gear had been displaced from its proper position, preventing the secure engagement of the syringe plunger. the gear mechanism was realigned and reassembled carefully to ensure proper movement and locking of the plunger assembly. once reassembled, the syringe pump was powered on, and functional tests were conducted. the alarm no longer appeared, confirming that the issue had been resolved. the syringe pump is now fully functional.","Equipment: Syringe Pump. Manufacturer: Smiths Medical. Model: Graseby C9. Problem: syringe plunger open alarm. Work done: upon receiving the complaint, the syringe pump was inspected for the reported syringe plunger open alarm. the unit was disassembled, and mechanical inspection of the plunger mechanism revealed that the internal gear had been displaced from its proper position, preventing the secure engagement of the syringe plunger. the gear mechanism was realigned and reassembled carefully to ensure proper movement and locking of the plunger assembly. once reassembled, the syringe pump was powered on, and functional tests were conducted. the alarm no longer appeared, confirming that the issue had been resolved. the syringe pump is now fully functional.",Duplicate content,
H3-RM-01327,repair_record,Hospital 3,repair_records_3.csv,Ultrasound Therapy,,,no output at the transducer end.,,"the ultrasound therapy unit was inspected following a complaint of no output from the transducer. the ultrasound probe was carefully disassembled, and continuity testing was performed across both ends of the internal wiring. the test revealed a discontinuity in one of the internal wires, which was the root cause of the issue. the damaged section of the wire was identified, and a secure reconnection was carried out to restore continuity. after the repair, the probe was reassembled and reconnected to the main unit. functional testing was then performed, and the transducer was observed to be delivering ultrasound output correctly, confirming successful restoration of functionality","Equipment: Ultrasound Therapy. Problem: no output at the transducer end.. Work done: the ultrasound therapy unit was inspected following a complaint of no output from the transducer. the ultrasound probe was carefully disassembled, and continuity testing was performed across both ends of the internal wiring. the test revealed a discontinuity in one of the internal wires, which was the root cause of the issue. the damaged section of the wire was identified, and a secure reconnection was carried out to restore continuity. after the repair, the probe was reassembled and reconnected to the main unit. functional testing was then performed, and the transducer was observed to be delivering ultrasound output correctly, confirming successful restoration of functionality",Duplicate content,
H3-RM-01357,repair_record,Hospital 3,repair_records_3.csv,Bubble Cpap,,Ad-Ia,functionality check.,,"the nursing staff had reported issue with the maintenance of spo2 in patients when using bubble cpap. the functionality of the bubble cpap was tested using oxygen analyzer. the fio2 was adjusted on the bubble cpap and the value of the fio2 was checked on the oxygen analyzer. the discrepancy between the set and measured values was small. so, the bubble cpap is functioning optimally and is delivering the set fio2 .","Equipment: Bubble Cpap. Model: Ad-Ia. Problem: functionality check.. Work done: the nursing staff had reported issue with the maintenance of spo2 in patients when using bubble cpap. the functionality of the bubble cpap was tested using oxygen analyzer. the fio2 was adjusted on the bubble cpap and the value of the fio2 was checked on the oxygen analyzer. the discrepancy between the set and measured values was small. so, the bubble cpap is functioning optimally and is delivering the set fio2 .",Duplicate content,
H3-RM-01373,repair_record,Hospital 3,repair_records_3.csv,Ecg Machine,Philips,Pagewriter Tc20,artifacts in ecg waveform.,,"a lead shortage test was performed using the system s diagnostic tool, which confirmed that there were no faults or shortages in the ecg cable. a detailed visual inspection of the ecg cable and suction electrodes revealed a significant buildup of conductive gel. this residue compromised signal transmission and led to waveform anomalies. all leads and electrodes were thoroughly cleaned to remove the conductive gel. following cleaning, the artifacts were no longer present in the ecg waveform. the machine is now fully functional.","Equipment: Ecg Machine. Manufacturer: Philips. Model: Pagewriter Tc20. Problem: artifacts in ecg waveform.. Work done: a lead shortage test was performed using the system s diagnostic tool, which confirmed that there were no faults or shortages in the ecg cable. a detailed visual inspection of the ecg cable and suction electrodes revealed a significant buildup of conductive gel. this residue compromised signal transmission and led to waveform anomalies. all leads and electrodes were thoroughly cleaned to remove the conductive gel. following cleaning, the artifacts were no longer present in the ecg waveform. the machine is now fully functional.",Duplicate content,
H3-RM-01375,repair_record,Hospital 3,repair_records_3.csv,Infusion Pump,Mindray,Benefusion Vp3,a discrepancy was reported between the set infusion time and the actual observed infusion time during operation.,,"the infusion pump was inspected and tested under controlled conditions. it was confirmed that the delivered infusion duration did not match the programmed settings, indicating a calibration deviation. the pump was recalibrated multiple times to restore its accuracy. post-calibration, the pump was subjected to performance verification by setting different infusion rates and volumes. the observed infusion times and delivered volumes were found to be consistent with the programmed parameters.","Equipment: Infusion Pump. Manufacturer: Mindray. Model: Benefusion Vp3. Problem: a discrepancy was reported between the set infusion time and the actual observed infusion time during operation.. Work done: the infusion pump was inspected and tested under controlled conditions. it was confirmed that the delivered infusion duration did not match the programmed settings, indicating a calibration deviation. the pump was recalibrated multiple times to restore its accuracy. post-calibration, the pump was subjected to performance verification by setting different infusion rates and volumes. the observed infusion times and delivered volumes were found to be consistent with the programmed parameters.",Duplicate content,
H3-RM-01405,repair_record,Hospital 3,repair_records_3.csv,Ventilator,Hamilton,C1,failed leak test.,,"the pre-operational test was performed however, the leak test failed. the exhalation valve was inspected and found that a significant amount of residue had been accumulated in the exhalation valve and diaphragm. this led to incomplete seal. after cleaning the diaphragm and the valve, the pre-operational test was performed. the leak test passed successfully.","Equipment: Ventilator. Manufacturer: Hamilton. Model: C1. Problem: failed leak test.. Work done: the pre-operational test was performed however, the leak test failed. the exhalation valve was inspected and found that a significant amount of residue had been accumulated in the exhalation valve and diaphragm. this led to incomplete seal. after cleaning the diaphragm and the valve, the pre-operational test was performed. the leak test passed successfully.",Duplicate content,
H3-RM-01406,repair_record,Hospital 3,repair_records_3.csv,Ventilator,Hamilton,C1,failed leak test.,,"the pre-operational test was performed however, the leak test failed. the exhalation valve was inspected and found that a significant amount of residue had been accumulated in the exhalation valve and diaphragm. this led to incomplete seal. after cleaning the diaphragm and the valve, the pre-operational test was performed. the leak test passed successfully.","Equipment: Ventilator. Manufacturer: Hamilton. Model: C1. Problem: failed leak test.. Work done: the pre-operational test was performed however, the leak test failed. the exhalation valve was inspected and found that a significant amount of residue had been accumulated in the exhalation valve and diaphragm. this led to incomplete seal. after cleaning the diaphragm and the valve, the pre-operational test was performed. the leak test passed successfully.",Duplicate content,
H3-RM-01407,repair_record,Hospital 3,repair_records_3.csv,Syringe Pump,Smiths Medical,Graseby C9,syringe plunger open alarm,,"upon receiving the complaint, the syringe pump was inspected for the reported syringe plunger open alarm. the unit was disassembled, and mechanical inspection of the plunger mechanism revealed that the internal gear had been displaced from its proper position, preventing the secure engagement of the syringe plunger. the gear mechanism was realigned and reassembled carefully to ensure proper movement and locking of the plunger assembly. once reassembled, the syringe pump was powered on, and functional tests were conducted. the alarm no longer appeared, confirming that the issue had been resolved. the syringe pump is now fully functional.","Equipment: Syringe Pump. Manufacturer: Smiths Medical. Model: Graseby C9. Problem: syringe plunger open alarm. Work done: upon receiving the complaint, the syringe pump was inspected for the reported syringe plunger open alarm. the unit was disassembled, and mechanical inspection of the plunger mechanism revealed that the internal gear had been displaced from its proper position, preventing the secure engagement of the syringe plunger. the gear mechanism was realigned and reassembled carefully to ensure proper movement and locking of the plunger assembly. once reassembled, the syringe pump was powered on, and functional tests were conducted. the alarm no longer appeared, confirming that the issue had been resolved. the syringe pump is now fully functional.",Duplicate content,
H3-RM-01423,repair_record,Hospital 3,repair_records_3.csv,Syringe Pump,Smiths Medical,Graseby C9,reported to be non-functional.,,the device reported to have a system error 4 which remained unresolved even after resetting the machine and the internal connections. the error was due to the fault in the main board itself.,Equipment: Syringe Pump. Manufacturer: Smiths Medical. Model: Graseby C9. Problem: reported to be non-functional.. Work done: the device reported to have a system error 4 which remained unresolved even after resetting the machine and the internal connections. the error was due to the fault in the main board itself.,Duplicate content,
H3-RM-01455,repair_record,Hospital 3,repair_records_3.csv,Infusion Pump,Smiths Medical,Graseby 1200,,,"the infusion pump repeatedly displayed an occlusion alarm, interrupting infusion delivery. upon inspection, the issue was traced to incorrect settings configuration. the settings were reconfigured, and the pump was recalibrated. after recalibration, the infusion pump was functionally tested and operated optimally, confirming resolution of the issue.","Equipment: Infusion Pump. Manufacturer: Smiths Medical. Model: Graseby 1200. Work done: the infusion pump repeatedly displayed an occlusion alarm, interrupting infusion delivery. upon inspection, the issue was traced to incorrect settings configuration. the settings were reconfigured, and the pump was recalibrated. after recalibration, the infusion pump was functionally tested and operated optimally, confirming resolution of the issue.",Missing both fault_description and initial_diagnosis,bcb2ec9833cec409
H3-RM-01470,repair_record,Hospital 3,repair_records_3.csv,Infant Radiant Warmer,Shreeyash,,reported to be non-functional,,"upon inspection, the infant radiant warmer did not power on despite proper connection to the power supply. the power fuse was checked and found to be intact. further inspection revealed that the main power switch was defective, preventing power from reaching the internal circuitry. the faulty switch was replaced with a new one, after which the unit powered on successfully. the warmer was tested for heater functionality and temperature regulation, and both were found to be operating normally. the device was confirmed to be fully functional and returned to service.","Equipment: Infant Radiant Warmer. Manufacturer: Shreeyash. Problem: reported to be non-functional. Work done: upon inspection, the infant radiant warmer did not power on despite proper connection to the power supply. the power fuse was checked and found to be intact. further inspection revealed that the main power switch was defective, preventing power from reaching the internal circuitry. the faulty switch was replaced with a new one, after which the unit powered on successfully. the warmer was tested for heater functionality and temperature regulation, and both were found to be operating normally. the device was confirmed to be fully functional and returned to service.",Duplicate content,
H3-RM-01475,repair_record,Hospital 3,repair_records_3.csv,Sphygmomanometer,,,reported to be non-functional,,"each unit was inspected in detail, and multiple issues were identified, including air leakage in the tubing and bulb, stiff or jammed air-release valves, and improper needle zeroing on the manometer dial. the affected components were serviced accordingly air leaks were sealed, valves were cleaned and lubricated for smooth operation, and the manometer needles were recalibrated to zero position.","Equipment: Sphygmomanometer. Problem: reported to be non-functional. Work done: each unit was inspected in detail, and multiple issues were identified, including air leakage in the tubing and bulb, stiff or jammed air-release valves, and improper needle zeroing on the manometer dial. the affected components were serviced accordingly air leaks were sealed, valves were cleaned and lubricated for smooth operation, and the manometer needles were recalibrated to zero position.",Duplicate content,
H3-RM-01477,repair_record,Hospital 3,repair_records_3.csv,Sphgmomanometer,,,reported to be non-functional.,,"each unit was inspected in detail, and multiple issues were identified, including air leakage in the tubing and bulb, stiff or jammed air-release valves, and improper needle zeroing on the manometer dial. the affected components were serviced accordingly air leaks were sealed, valves were cleaned and lubricated for smooth operation, and the manometer needles were recalibrated to zero position.","Equipment: Sphgmomanometer. Problem: reported to be non-functional.. Work done: each unit was inspected in detail, and multiple issues were identified, including air leakage in the tubing and bulb, stiff or jammed air-release valves, and improper needle zeroing on the manometer dial. the affected components were serviced accordingly air leaks were sealed, valves were cleaned and lubricated for smooth operation, and the manometer needles were recalibrated to zero position.",Duplicate content,
H3-RM-01512,repair_record,Hospital 3,repair_records_3.csv,Infusion Pump,Smiths Medical,Graseby 1200,functionality check.,,"the infusion pump retrieved from the store was tested to verify its operational readiness for icu use. a two-point accuracy calibration was performed, and the device successfully passed all calibration checks. an infusion run test was then conducted, during which the pump delivered the set volume accurately and completed the infusion within the expected time frame, consistent with the displayed parameters. status: the infusion pump is fully functional and ready for clinical use.","Equipment: Infusion Pump. Manufacturer: Smiths Medical. Model: Graseby 1200. Problem: functionality check.. Work done: the infusion pump retrieved from the store was tested to verify its operational readiness for icu use. a two-point accuracy calibration was performed, and the device successfully passed all calibration checks. an infusion run test was then conducted, during which the pump delivered the set volume accurately and completed the infusion within the expected time frame, consistent with the displayed parameters. status: the infusion pump is fully functional and ready for clinical use.",Duplicate content,
H3-RM-01516,repair_record,Hospital 3,repair_records_3.csv,Ventilator,Hamilton,C1,,,"initial troubleshooting included replacing the patient circuit; however, the issue persisted. a detailed inspection of the expiratory system revealed significant residue buildup on the exhalation valve and diaphragm. the exhalation valve and diaphragm were thoroughly cleaned. after cleaning, the ventilator was reassembled, and all pre-operational tests, including the leak and flow sensor tests, were successfully completed. status: the ventilator is now fully functional and passed all pre-operational checks.","Equipment: Ventilator. Manufacturer: Hamilton. Model: C1. Work done: initial troubleshooting included replacing the patient circuit; however, the issue persisted. a detailed inspection of the expiratory system revealed significant residue buildup on the exhalation valve and diaphragm. the exhalation valve and diaphragm were thoroughly cleaned. after cleaning, the ventilator was reassembled, and all pre-operational tests, including the leak and flow sensor tests, were successfully completed. status: the ventilator is now fully functional and passed all pre-operational checks.",Missing both fault_description and initial_diagnosis,16ae2c68e1e7aeb7
H3-RM-01523,repair_record,Hospital 3,repair_records_3.csv,Bubble Cpap,,,the flow rate could not be increased beyond 4 lpm.,,"the bubble cpap system was inspected and it was observed that adequate bubbling was not occurring. further assessment revealed leakage in the patient breathing circuit. in addition, the water level in the bubble chamber was found to be above the recommended maximum level, causing water overflow and affecting proper pressure and flow generation. the patient circuit connections were secured correctly to eliminate leakage. excess water from the bubble chamber was drained and the water level was adjusted to the recommended range. after corrective actions, proper bubbling was observed and the flow rate could be increased beyond 4 lpm without difficulty. user training was provided to the nursing staff regarding correct circuit connections, proper water level maintenance, and routine handling of the bubble cpap system.","Equipment: Bubble Cpap. Problem: the flow rate could not be increased beyond 4 lpm.. Work done: the bubble cpap system was inspected and it was observed that adequate bubbling was not occurring. further assessment revealed leakage in the patient breathing circuit. in addition, the water level in the bubble chamber was found to be above the recommended maximum level, causing water overflow and affecting proper pressure and flow generation. the patient circuit connections were secured correctly to eliminate leakage. excess water from the bubble chamber was drained and the water level was adjusted to the recommended range. after corrective actions, proper bubbling was observed and the flow rate could be increased beyond 4 lpm without difficulty. user training was provided to the nursing staff regarding correct circuit connections, proper water level maintenance, and routine handling of the bubble cpap system.",Duplicate content,
