Equipment Description,Manufacturer,Model,Problem ,Work Done 
CTG,OSEN Technology,OSEN9000E,Main Menu appeared in the screen and CTG device did not print,Inspected and found oit the encoder to be faulty. Aligned the encoder and solved the issue
Hydro Extractor,Ramsons ,,Motor not working ,Checked the system and electrical parts 
Endoscope ,Olympus ,,Lamp light dim ,"Checked the system, current, voltage "
Ventilator,Philips ,Trilogy Evo,External flow sensor failed ,Checked the system and calibrated 
Ventilator,Philips ,,Low Tidal volume ,Checked and calibrated the system 
Ventilator,Hamilton ,,02 sensor replacement and battery replacement ,Checked and calibrated the system 
Dental Compressor ,Dynamic Industries ,DA7001,Compressor does not cut in upper pressure limit ,Set the upper pressure cut limit 
X-Ray Machine,Aditya Medical ,AMS 6010-E/IX70,Oil leakage and guide cone loosen ,Sealed the leakages and fixed the guide 
Phototherapy,Neotech ,,Side panels broken of 2 pieces ,Fixed the broken locks at side panels 
Infant Radiant Warmer,Shreeyash ,,Spring broken at side panels of 5 pieces Warmer bed. ,Repaired 
OT Light,Senmars  Healthcare ,,Yellow color light not glowing ,Main control board was repaired 
Hydro Extractor,Ramsons ,RDD,Device turns on when setting the timer and does not brake ,MCB and other electrical circuit checked 
Gauge Cutter,,,Sharpener push mechanism handle loose ,Fixed loosed parts 
View Box,,,Not glowing ,Fixed 3pieces of light with it's electrical connection 
Needle Destroyer ,,,Not working ,3pin top changed 
ECG Machine,Philips ,PageWriter TC20,Cable Connector and lead issues ,Repaired and user guidance 
Sphygmomanometer,,,"Gauze meter, leakage and  inflation bulb issue ",Repaired 8 pieces in total
Mattress Inflator,,,Does not turn on ,Power reestablished (2 piece) 
USG Machine,Mindray ,Z6,Keypad not responsive ,Serviced the keypad 
Central Monitoring System,Philips ,,Display driver not functioning ,Serviced processing unit 
Freezer,Haier,,Clogged drain causing water overflow,Fixed the clogged drain
C-Arm Machine,Siemens ,Multi Mobil 4c,Extended wires ,Fixed the wires 
CTG,Osen Technology ,Osen9000E,CTG didn't print the report ,Fixed the encoder 
Patient Monitor,Philips,Intellivue MP20,Device doesn't turn ON ,Repaired internal power supply unit
OT Light,,,One dome not turning on,Disassemble the dome and fixed the loose connection 
ECG Machine,Philips,Page writer TC20,ECG interpretation faulty,"Disabled ECG interpretation, analysis"
X-Ray Machine,Allengers,Mars 40,Collimator light does not turns on,Inspected and repaired the blown pcb
Ventilator,Hamilton,C3,"Calibration didn't pass
And alarms for limited inspiration volume was showing",Adjusted alarms and performed pre operational tests
ECG Machine,Nihon kohden ,,Not printing ,Fixed the printer 
ECG Machine,,ECG MAC ,Not printing ,found Paper expired and recommended for paper change
Defibrillator,Mindray ,,Cross indicator ,Performed user test 
Infant Radiant Warmer,,,No power on,"found switch to be faulty, and Neutral wires were not connected properly "
Infant Radiant Warmer,Shreeyash ,,No continuous power on,Found fuse connector loose and fixed the fuse. 
Patient Monitor,Philips,Intellivue MP20,Uninstalled,Installed
Bubble CPAP,,Resmed,Flow was not delivered ,Operational training provided 
Electrosurgical Unit,,,Patient plate Broken Wire ,Wire fixation performed
Infant Radiant Warmer,Shreeyash,,Control Panel Power Issue,"Rewired the power supply unit
Faulty switch was repalced too"
Electrosurgical Unit,MEDILAB,250,Patient plate wire broken,Soldering of the wire performed
Nebulizer,Niscomed,NB-117,Equipment did not turn on,The broken power supply wires were fixed
Nebulizer,Niscomed,NB-117,Equipment did not turn on,The broken power supply wires were restored
Blood Gas Analyzer,EDAN,i15,Cartridge not qualified,Ran a standard test
Ventilator,Hamilton,C3,"Test not passed, no humidifer",All test passed and humidifier connected
Ventilator,Hamilton ,C3,Tests not passed,Tests passed successfully 
Bubble CPAP,Resmed,,Need operational verification before use,Performed pre operational tests
Bubble CPAP,Resmed,,Need operational verification before use,Performed pre operational tests 
Bubble CPAP,ResMed,,Need operational verification before use ,Performed pre operational tests 
Ventilator,Hamilton ,C3,Tests not passed ,"Tightness and flow sensor tests passed, O2  cell twst failed"
Blood Gas Analyzer,EDAN,i15,Na and Cl electrolyte result not shown,Calibrant fluid pack replaced
Weighing Balance,,,Power switch not working properly,switch replaced
Infant Radiant Warmer,,,loose wire connection,Wire connected properly 
Infusion Pump,,,Pressure High,Settings and general maintenance done
Ventilator,Mindray,,Set and delivered O2 confusion,User guidance provided
BIPAP,,,Setting issue,Inspection and ran a check
USG Machine,,,Transducer not working,"Inspection, testing and transducer repaired"
USG Machine,Krishjay Physio,,The transducer didnot give off ultrasonic energy,Rewired the Transducer
Chest Vibrator,,,Device did not function,"Inspected and found power board faulty
Replaced the faulty component and tested to be functional."
Laryngoscope,,,Bulb missing,Bulb installed
Patient Bed,,,Safety bar screw missing,Safety bar screw nut managed and fixed
ECG Machine,Philips,PageWriter TC20,No proper waves shown,Inspection and guidance provided
Electrolyte Analyzer,Jokoh,EX-D,Na Drift Issue,Figured out the need to change Na electrode 
Coulter Counter,Nihon Kohden,Celltac-G,Leakage Issue,Checked and loose tube reconnected
Bubble CPAP,,,Leakage from Flowmeter,Fixed the knob
Ventilator,MINDRAY ,,Tidal Volume mismatch and circuit resistance high,Tubing sealed and humidifier maintained
Electrolyte Analyzer,Jokoh,EX-D,Na drift issue,Na electrode changed
Electrolyte Analyzer,Jokoh,EX-D,Bent Sampling Needle,Inspection and figured out the need to change sampling needle
Coulter Counter,Nihon Kohden,Celltac G,Found detergent pipeline bitten by mouse,Pipeline changed 
ECG Machine,Philips,PageWriter TC20,Waves not shown,"Inspection,  testing and guidance "
Infant Radiant Warmer,Shreeyash ,,Loose controller section,Fixed
X-Ray Machine,Allengers,,Collimator light not working,Burnt wire near collimator bulb fixed
Electrolyte Analyzer,Jokoh,EX-D,Bent sampling needle ,Replaced sampling needle 
USG Machine,,,Transducer not functioning,Rewired the transducer and tested the device to be fully functional
Patient Bed,Tmotion,NA,The hydraulics didnot work,Tightned the power supply wirings
Ventilator,Hamilton ,C1,PreOp tests fail,Successful PreOp tests performed
Ventilator,Hamilton ,C1,PreOp tests fail,Diaphragm cleansed and Successful PreOp tests performed 
Ventilator,Hamilton,C3,PreOp tests issue, Successful PreOp tests performed
Ventilator,Hamilton ,C3,PreOp tests issue,Successful PreOp tests performed 
Bubble CPAP,,,Humidifier doesn't heat up,Adjusted the device settings and device started heating up
Infant Radiant Warmer,Shreeyash ,,Front panel lock broken,Fixed the locking mechanism
Patient Monitor,MINDRAY ,SV200,SPO2 not displayed,Inspected and found SpO2 probe to be damaged
Syringe Pump,Enmind,EN-S7 Smart,System error ,Ran a check and fixed
Syringe Pump,mindray ,Benefusion SP3,Infusion Interrupted,Settings configured
Bubble CPAP,,,Humidifier not heating up,Tubing arrangement fixed
Infant Radiant Warmer,Shreeyash,,Not heating Up,Ran a check and guidance provided
Bubble CPAP,,,Bubbles not appearing ,Tubing managed properly 
Infusion Pump,,,Stand holder issue,Holder fixed
Infusion Pump,,,Stand holder issue,Holder fixed
Infant Radiant Warmer,Shreeyash ,,Power switch doesn't turn Off ,Replaced switch
Ventilator,,,"Exhalation Obstruction when used on patient
",Checked and tests performed successfully. Suggested to change diaphragm
Ventilator,,,"Exhalation Obstruction when used on patient
",Checked and tests performed successfully. Cleaned dust filters
Ventilator,,,Tests  issue,PreOp tests successful 
Ventilator,,,Tests issue,PreOp tests successful
Patient Monitor,,,Loose SpO2 connector on device ,Screw tightened
Syringe Pump,,,AC connection interrupted,AC cable connected loosely onto power socket
ECG Machine,Philips,Typewriter ,ECG history not shown ,Settings maintained
Patient Bed,,,Loose screw ,Fixed screw connection
View Box,,,Not turning ON,"Adapter scrutiny. Board issue, suggested for replacement"
Patient Bed,,,Up movement not working,Settings adjusted
Patient Bed,,,Up movement not working,Setting adjusted
Nebulizer,Niscomed,,Does not power on,Inspected and found wire damaged and repaired the wire
Nebulizer,,Cwan ,Low output,General Maintenance performed 
Infant Radiant Warmer,Shreeyash,,Safety bar Broken ,Fixed safety bar hinges 
TENS Machine,,,Broken electrode connector,Fixed connector
TENS Machine,,, Broken electrode connector ,Fixed connector 
Nebulizer,Niscomed ,,Does not turn on,Wire fixed
Nebulizer,Lever Care ,,Low output,General Maintenance 
ECG Machine,Philips ,PageWriter TC20,Ecg cable does not respond ,Ecg cable fixed
ECG Machine,Nihon Kohden ,,Does not print ,Fixed printer
Patient Monitor,Philips,Efficia CM120,NIBP not working ,Tested and fixed the cable
Patient Bed,,,Safety bar loose,Fixed the safety bar
ECG Machine,ECGMAC,EM 301,Doesn't print ,Printer paper position fixed
Drum,,,Broken Cap,Fixed Cap 
Syringe Pump,Smiths Medical ,,Battery not charging,Charging adapter loose prongs fixed
USG Machine,Mindray ,,Appearance of Black line on the screen of USG,TCB settings done 
Patient Monitor,Philips,Efficia CM120,NIBP reading not displaying on the screen,NIBP cuff changed
Microscope,Takagi OM-5,,Surgical Microscope handel was loose,Handel was tightened 
Lithotripter,,,Lithotripter's loose footh switch problem ,Foot switch cable fixed
OT Bed,,,Up and Down gear mechanism problem ,Screw was tightened
ECG Machine,Nihonkohden ,,No waves while used on patients ,inspection and maintenance performed 
OT Light,,,OT light handel was loose can't fixed in one position ,OT light handel was brought into it's original position by tightening the screw.
Blood Warmer,,,3 pin power top was broken ,3 pin power top changed 
Chest Vibrator,Thrive,,Broken wire in between the cable,Attached the broken wire
Chest Vibrator,Thrive,,Wire disconnected at board ,Disconnected wire was fixed 
ECG Machine,Nihon Kohden ,,Printing Error,electrode Tightened and printer error fixed
Nebulizer,,,Broken 3-pin power connector,3 pin connector changed
Chest Vibrator,Thrive,,Power Cable wire broken,Cable repaired and fixed
Chest Vibrator,Thrive,,Over vibrating and producing sound,Interner nut tightened and fixed connections
Weighing Balance,TS,TS500,Faulty power switch,Switch changed
Syringe Pump,Mindray,,No delivery of total VTBI ,Calibration Performed
X-Ray Machine,Allengers,,Collimator light not glowing,Collimator bulb burnt wire fixed
Syringe Pump,Mindray,,No total VTBI delivery ,Calibration performed 
Patient Bed,,,No power,Power Socket inspected and found faulty 
Drum,,,Broken lid hinge,Fixed 
Biochemistry Analyzer,,A25,Needle blockage and leakage,Cleared the needle blockage and leaking tube fixed
Ventilator,Hamilton,C3,Requested inspection of ventilator,Found O2cell defective 
Ventilator,Hamilton,C3,Requested inspection of Ventilator,Found O2cell defective
Ventilator,Hamilton ,C1,Requested inspection of ventilator ,Found the need to perform PM
Ventilator,Hamilton ,C1,Requested for inspection of ventilator ,Found the need to perform PM
Ventilator,Hamilton ,C1,Requested to inspection of ventilator ,Found the need to perform PM
Ventilator,Hamilton ,C1,Requested for inspection of ventilator,Found the need to perform PM and O2cell defective 
X-Ray Machine,Konica Minolta,,System Hang,Power reset performed
Ventilator,Hamilton,C1,Requested for inspection of ventilator ,Found the need to perform PM
BIPAP,,,"Not showing Tidal volume
",Settings maintained 
Drum,,,ICU drum cap broken,Screw tigthened 
TENS Machine,,,Tens electrode broken,Electrode cut and fixed 
Speculum,,,"Speculum parts broken 
",2 speculum were assembled and fixed 
Blood Warmer,,,Blood Warmer cable broken,Cable was fixed  by cutting and soldering 
View Box,,,No light in xray view box ,Disconnected 3 pin  cable was fixed
Infusion Pump,JMS,OT-701,Early warning of empty error ,Drip senor attached and calibration performed
Infusion Pump,Jms,OT 701,Early warning of empty error ,Drip senor attached and calibration performed
Patient Bed,,,Bed side lock broken nut loose,Nut tigntened
Patient Bed,,,Patient Bed not responding up and down inputs ,Lock in remote was unlocked
ECG Machine,,,No showing waveforms,Leg electrode properly attached 
X-Ray Machine,,,Collimater wire was burn ,New wire was attached 
Patient Monitor,,,SpO2 probe not responding ,Need to change the probe 
TENS Machine,,,Electrode problem ,Cut and join
Syringe Pump,Mindray ,,Empty error ,Calibration done
ENT Microscope ,,,Light issue,
Microscope,,,No screw in microscope,Screw tigthened 
CTG,,,CTG alarm sound was low , Increase the sound to maximum. Settings done
Infant Radiant Warmer,,,Skin sensor fail,Skin sensor tightened 
Ventilator,Mindray ,,,Pre op checked 
Ventilator,Hamilton ,,,Pre op checked 
Ventilator,Hamilton ,,,Pre Op checked 
Sphygmomanometer,,,No movement of manometer needle while pumping ,Manometer needle was aligned
Blood Gas Analyzer,,,Sample aspiration error. ,Bubble was removed and test was performed successfully 
Syringe Pump,Advanced,,Showing empty in 5ml remaining. ,Syringe pump was calibrated 
Autoclave,,,No heating ,Heating rod changed
BIPAP,Philips ,,No enough CO2 clearence ,Bipap maintanence
Nebulizer,Niscomed,,Burnt wire ,3 pin top changed 
Coulter Counter,,,Clog in tubing and flow sheath error,Cleared tubing and tube cross verified and replaced flow sheath sensor
Ventilator,Hamilton,C3,Requested to perform preop check,Preop check performed
Ventilator,Hamilton ,,,Pre op checked 
Ventilator,Mindray ,,,Pre Op checked 
PFT,,,Loose probe connection ,Probe with Monitor was tightened
Central Monitoring System,Philips,Efficia CM120,Not displaying the data of  a patient Monitor ,Connection reset and functions check up. 
Blood Warmer,HEPHO,,Charging prob connection broken ,Wire was connected and soldered 
ECG Machine,Philips ,,High interference in Wave,Neutral limb probe was tightened 
Nebulizer,Niscomed,,Brunt probe,Prob soldered 
Slit lamp,,,Lamp not glowing ,Examined and fixed the electrical connections. 
Ventilator,Mindray ,,,Pre Op checked 
Incubator,,,Temperature controller not working properly ,Running under manual mode
Nebulizer,Niscomed,,Wire connection brunt ,Wire was fixed. 
Nebulizer,Niscomed ,,Broken 3 pin top ,3 pin top changed 
Sphygmomanometer,,,Mamometer not working properly. ,Sphygmomanometer was replaced 
Sphygmomanometer,,,,Maintanence done
Ventilator,Hamilton ,,,Pre op checked 
ELISA Washer,,,Leakage on pipe,Vendor consultant 
ECG Machine,Mindray ,,Printer issue and cable broken,Cable was changed
Anesthesia workstation,Neptune ,,Ventilator broken wheel support ,Inspection done and wheel support fixed 
ECG Machine,Philips,Page writer TC20,Interpretation prompt display needs to be disabled,Settings done 
Refrigerator,Haier,HYC-260,Does not turn ON,Fixed the power cable
Refrigerator,Haier,HYC-260,Temperature is not at required range,System checked and door locked properly 
X-Ray Machine,Allengers,,Misalignment of collimator light,Alignment done and collimator light matched the size and shape of the x-ray field.
Infusion Pump,Mindray,BeneFusion VP3,System Error,System checked and board maintenance performed.
Patient Monitor,Philips,Intellivue MP20,Spo2 cable not working,Tested SpO2 cable and replaced
Patient Monitor,Philips,Intellivue MP20,Spo2 cable not working,Spo2 cable repaired and insulated
Patient Monitor,Philips,Intellivue MP20,Spo2 cable not working,Spo2 cable repaired and insulated
Pulse Oximeter,,,Spo2 cable not working and battery error,Battery replaced and requested to replace spo2 cable
Pulse Oximeter,,,Spo2 cable not working,Requested to replace spo2 cable
Sphygmomanometer,,,Aneroid gauge does not show proper reading ,Gauge repaired
ECG Machine,Philips ,,Interpretation appears on screen,Settings maintained
Electrolyte Analyzer,,,Reagent error ,Electrode washer cleaned and performed the test
ELISA Washer,BIOBASE,BK-9622,Elisa washer is not working,Tip was cleaned with warm water and pipe leakage was found 
USG Machine,JUS-2,,No vibration and heat on the probe head.,Probe head interchanged from old probe
USG Machine,Johari,Jus -2,E5 error ,Settings inscepted and solved 
Ventilator,Hamilton,,,Pre operational checked
Ventilator,,,,Pre operation checked
Ventilator,,,,Pre operational checked 
Ventilator,Mindray ,,High circuit resistance ,Inspected the circuit and tested 
Blood Gas Analyzer,,,Cartridge stuck,Cartridge properly withdrawn and provided user guidance 
OT Light,,,Light was not glowing ,Inspected and provided guidance to ON and OFF the light 
ECG Machine,Nihon Kohden ,CardiofaxC,User details was not displaying ,Settings done to show user details.
Incubator,HL scientific industries ,,No increase in temperature ,Tested and found to be system to be working
X-Ray Machine,,,Cassette key sliding lock loose,Lock was fixed with screw
Sphygmomanometer,,,Sphygmomanometer was not showing reading ,Inspected and Tested
Sphygmomanometer,,,Needle orientation faulty ,Needle alignment performed 
Nebulizer,,CWAN,Nebulizer is not delivering air,Found piston to be broken and suggested to replace 
Hot Air Oven,HL scientific industries ,,Temperature is not increasing to required degree.,Found the wire to be burnt and repair done
Patient Bed,,,3 pin top burnt,3 pin top changed 
Patient Bed,,,Head portion does not lift up,Settings configured
Nebulizer,Niscomed ,,No fuming,General Maintenance
Nebulizer,Niscomed,,No fuming,General Maintenance
Central Monitoring System,,,Parameters does not display on CMS,Connection configured
Patient Bed,,,Power supply does not turn on,Inspected and found power cord faulty
Patient Monitor,Schiller,Truscope ULTRA Q7,Touch screen not working ,General Maintenance and cable reset
ECG Machine,Philips ,,Waves does not appear on screen and Neutral cable does not respond properly ,Fixed the cable connection
Electrolyte Analyzer,Jokoh,,Slope Error,Cleaned all the tubing
ECG Machine,,,No waves shown on display ,Fixed the cable and found expired paper
Hydrocollator,,,No heating,Heating rod changed 
Nebulizer,Niscomed ,,Burnt 3 pin Top,3 pin Top changed 
Stethoscope ,,,Stethoscope diaphram was not working ,Unused Diaphram was replaced 
Stethoscope ,,,Sound was hearing in only one side,Loose diaphram was tightened 
Stethoscope ,,,One ear bud was missing ,Ear buds was fixed from unused stethoscope 
Weighing Balance,,TS500,Fluctuating Display ,Connect Reset 
Nebulizer,Niscomed ,,Burnt wire,Wire was soldered
Nebulizer,Niscomed ,,Wire connectivity ,Wire was soldered 
Nebulizer,Niscomed ,,,Inspection was done working fine
Central Monitoring System,Acer,,CMS no showing Bed.218 information ,Lan cabel was checked and tightened 
Patient Monitor,Mindray,UMec 10,SpO2 probe insulation was worn out,Wire was insulated properly
Patient Monitor,,,Showing green screen ,Display cabel was  reconnected and fixed
Patient Bed,T motion ,,Bed not working up and down,Settings done
Central Monitoring System,,,No power in CPU,Connection fixed
Ventilator,Hamilton,C3,Requested for circuit test passed,Performed the circuit test
Ventilator,Mindray,SV600,Requested for circuit test pass,Performed the circuit test
X-Ray Machine,Allengers,,Collimator light not working,Burnt wire repaired
Anesthesia workstation,Dameca,Siesta i whisper,Oxygen leakage,Inspected internal oxygen tank and connections tightened. Also oxygen port connector tightened
Immunoassay Analyzer,Snibe,Maglumi2000,Chamber lift cannot moved down,Removed deposited crystal and cleaning has done
Coulter Counter,Nihon Kohden,CelltacG,Reagent expired,Reagent replaced
ECG Machine,Philips ,Page writer TC20,Paper jam,Paper reinstalled
ECG Machine,Philips,PageWriter TC20,Unable to print the ECG graph,Paper proplerly placed 
OT Light,,, Light Head loose,Light Head connection Tightened 
Ventilator,Leistung,Luft3,3pin top broken,3 pin top changed
BIPAP,Philips,Respironics,Co2 no clearance,General Maintainance done
Ventilator,Hamilton,C3,Requested for circuit test pass,Performed circuit test
Gauge Cutter,,,Blunt Blade,Cutting blade replaced and sharpener alignment maintained
View Box,,,No power ,Inspected and found adapter to be faulty
Ventilator,Hamilton,C1,O2 port loose,Tightened O2 connector
Patient Bed,,,Fault in power module,Board Repaired
USG Machine,,,No power ON and faulty switch,Switch and fuse changed
ECG Machine,Nihon kohden,Cardio fax C,Paper improperly fixed,Paper fixed properly and replaced expired paper
Bubble CPAP,,,Requested for inspection,Inspection done and circuit maintained
Infant Radiant Warmer,Neotech,,Requested for inspection,Performed inspection
Laryngoscope,,,User unable to fix bulb,Bulb fixed properly
ECG Machine,Nihon Kohden,EM-301,Missing paper Holder,Holder fixed
Nebulizer,Niscomed ,,Burnt cable,Burnt cable repaired
Mattress Inflator,Accurate,,Burnt cable,Fixed  cable connection and  general Maintenance done
Mattress Inflator,,,No power on and faulty switch ,Replaced switch and general maintenance done
Weighing Balance,,,Low battery ,New Battery changed
Laryngoscope,,,User Issue,Tightened the screw
Patient Monitor,Philips,Efficia CM120,"BP Cuff reading not shown,",Inspected and found leakage in BP Cuff
Ventilator,Hamilton,C3,Requested for inspection ,Pre-Op check performed
Anesthesia workstation,Meditech,Neptune ,Ventilator wheel detached ,Caster wheel detached Araldite application and maintenance performed 
Infant Radiant Warmer,Shreeyash,,Faulty switch,Switch repaired
Infant Radiant Warmer,,,Loose fuse,Fuse checked and Tightened 
Nebulizer,,,Burnt Wire,3 pin Top changed 
Ventilator,Mindray ,SV,Request for inspection,Pre Op tests performed
Ventilator,Hamilton,C3,Low O2,Inspected and found O2 cell faulty
Blood Gas Analyzer,Edan,i15,Po2 Calibration failed ,"Contact with vendor 
Sampling issue "
Patient Monitor,Philips,Efficia CM120,Artifacts in ECG signal,Notch Filter Turned ON
ECG Machine,ECGMAC,EM 301,ECG paper not printing,Compatible paper was used 
Infant Radiant Warmer,Shreeyash ,,User issue,Inspected and provided User guidance
Infant Radiant Warmer,Shreeyash,,Faulty switch. ,Switch terminal replaced 
Syringe Pump,Smiths Medical ,Graseby C9,User Issue,Inspected and instruction provided how to use
Nebulizer,,,Loose part inside ,Loose part are attached using Vega and fixed
Electrosurgical Unit,Conmed,System 2450,Fluctuating in Cut and coagulation ,Connecter pin repaired 
Electrosurgical Unit,Meditom,DT-400P,Current Leakage,Inspection and board level repaired 
Infant Radiant Warmer,Shreeyash,,Heater not working ,Board wire repaired 
ECG Machine,Nihion Kohden,Cardiofax,ECG not printing ,New paper replaced. 
Chest Vibrator,Thrive,,Short Circuit ,Wire joined and connection made
Patient Monitor,Mindray ,UMec 10,NIBP Type Wrong ,Changed in Settings
Patient Monitor,Schiller,Truscope ULTRA Q7,Showing Alaram of ECG Lead Incompatible ,Compatible ECG lead was used
Electrosurgical Unit,MEDITOM,DT-400,Coagulation at foot switch not working,Foot switch connection repaired at cautry end 
Electrosurgical Unit,CONMED ,System 2450,Cut function not working,Inspected and connection reset 
ECG Machine,Nihon Kohden,CardioFax C,ECG graph not showing ,ECG cabel fixed properly
Patient Monitor,Mindray,UMec 10,Spo2 not working,Connection restored
Patient Monitor,Philips,Efficia CM120,BP not working,Restored connection
Patient Bed,T Motion,,Doesn't turn on,Board repaired and performed the test
CO2 Regulator,,,CO2 leakage,Tightened the regulator with cylinder
Sphygmomanometer,AND Medical,UA651,Doesn't turn ON,General Maintenance and battery replaced
ECG Machine,Nihon kohden,Cardio fax C,Doesn't turn ON,Put on battery charge and performed test
ECG Machine,Philips,Page writer TC20,Unable to print the ECG graph,Cleaned the motor shaft
Electrosurgical Unit,Meditom,DT-400P,Foot paddle not working,Repaired switch and board
Laryngoscope,,,Light wasn't glowing-Displacement of the bulb,Light bulb was fixed in its suitable position
Ventilator,Hamilton ,Hamilton-C3,,Pre Op checked 
Ventilator,Hamilton ,Hamilton-C3,,Pre Op checked 
Patient Bed,Ti Motion ,,Upper leftside bed frame loose,Compatible screw was fitted
Infant Radiant Warmer,Shreeyash,,Broken 3 pin plug,3 pin plug was changed 
Sphygmomanometer,,,User issue,Inspected and provide instruction for use
Central Monitoring System,Philips,Efficia CM120,Information of 216 patient monitor not showing in CMS,Inspected 
Biochemistry Analyzer,,BA400,Washing solution bottle calibration issue,Checked and calibrated the washing solution bottle weight sensor 
Biochemistry Analyzer,,A25,Sample probe fluidics error,Leakage from sample probe tube was adjusted
OT Light,,,Loose petals ,Tighten the screw of petals end
ECG Machine,Nihon kohden ,CardiofaxC ,Reported of getting flat ecg -loose VGA cabel connection ,Tightened the VGA and Provided instructions for  use 
Sphygmomanometer,,,No sign of  deflection of pressure gauge ,Rearranged the position of Gauge needle
TENS Machine,,,TENS Probe was broken,Connection was made by soldering 
Patient Bed,,,Bed Frame lock broken,Fixed with Aerolite and Tape
Infant Radiant Warmer,Shreeyash ,,Faulty Switch with internal connection was burnt,Burnt part was soldered and made connection strong. Faulty switch changed
X-Ray Machine,Allengers,,Light was continuous faulty switch ,Switch was replaced    
Ozone Therapy ,,,Burnt in power section ,Repaired power section board
Incubator,HL Scientific,,Incubator not meeting required temperature ,Broken Input wire was repaired 
Central Monitoring System,Philips,Efficia CM120,Monitor  stopped Monitoring:License not detected ,Connection reset
ECG Machine,ECGMAC,EM 301,Roller missing and broken display mirror,Inspected and found roller missing 
Immunoassay Analyzer,Snibe Diagnostic ,Maglumi-1000,Sample needle error,Needle coordination was fixed and checked overall units
Immunoassay Analyzer,Snibe diagnostic ,Maglumi 2000,Software error,"Updated new software 
Recovered backup file"
Ventilator,Neo respire,,Circuit not compatible ,Instructed to use compatible circuit 
Patient Monitor,Philips,Efficia CM120,Not displayed in CMS ,Connection established between patient monitor and CMS
OT Bed,,,Kidney Elvator not working propery,Mechanical parts of kidney elevator repaired 
ECG Machine,Philips ,PageWriter TC20,Printing isssue ,General maintenance 
Incubator,,,Fluctuation in the temperature ,Provide user guidance for operation
ECG Machine,Philips ,Typewriter,Print issue,Inspected and provided guidance 
Infusion Pump,Enmind ,ENV7 smart,Continuous bepping of alarm of  Air bubbles ,General Maintenance  and Calibration done
Nebulizer,,,Piston broken,Piston fixed and issue solved
USG Machine,Medison,AccuviXG,Black print,Setting Configured
Infusion Pump,JMS,OT701,Continues alaram of air and drift,Settings changed and configured 
Ventilator,Hamilton ,Hamilton C1,3 pin plug broken,Change 3 pin plug
Laryngoscope,,,Loose light bulb,Tighthtened the light bulb
Patient Monitor,Schiller ,Truscope ULTRA Q7,Screen not responding to touch,Woking with button for now
Mattress Inflator,,,Inflator not  functional ,General maintenance done
View Box,,,Tube light not glowing ,Wiring repaired 
C-Arm Machine,Epsilon,EPvictory RA-6,No complete movement of wheel,Aligned wheel chain mechanism 
Fetal Doppler,,,Ripped wire insulation ,General maintenance done 
Pulse Oximeter,,,Damage spo2 probe,Changed SpO2 probe
Patient Monitor,Philips,Efficia CM120,Wall mount losse nut,Tightened the wall mount loose nut.
Sphygmomanometer,,,Pressure Gauge needle faulty ,Alligned the Faulty needle to its orginal position 
Sphygmomanometer,,,Pressure gauge  glass was lost,Put new display and manage the alignment  of needle 
Patient Monitor,Mindray ,UMec 10,Light was not glowing in SPO2 probe,General maintenance was performed and solved the issue 
Ventilator,Mindray ,SV600,Flow sensor didn't pass during circuit  pass,Passed the circut with compatibile flow sensor
Patient Bed,Ti Motion,,Patient Bed bumper castor was broken,Bumper castor was repaired 
Fumigation Machine,,,No delivery of disinfectant/ chemical liquid,Broken checmical delivery tube repaired and re installed.
Electrosurgical Unit,Meditom,DT-400P,Request for general  maintenance ,Operational modes were checked and performed general maintenance 
Electrosurgical Unit,Conmed,System2450,Requested for the operational check,Checked all cabels and performed all general maintenance 
Electrosurgical Unit,RM medical,,Requested for the general maintenance ,Operation of all cabels were performed and maintanence done
Ventilator,Hamilton ,Hamilton-C1,Obstruction in ventilation while using in patient ,Issue with flow sensor was detected and solved the problem 
Chest Vibrator,,,3 pin plug broken,Connection was made 
Laryngoscope,,,Loose light bulb ,Light bulb was tightened 
TENS Machine,,,Multiple broken cord of TENS machine,Multiple Probe were adjusted and made working  fine
Biochemistry Analyzer,Bio System ,BA400,Overflow was detected on rotar,Cleaned rotaring house and cleand needle and calibrated 
Patient Monitor,Philips,Intellivue MP20,Requested for Installation ,Installation was done in wall mount 
Ventilator,Hamilton,Hamilton-C3,,Circuit pass was done 
Ventilator,Leistung ,,,Circuit passed and made standby
Sphygmomanometer,,,Pressure Gauge was not in proper alignment ,Adjusted the needle alignment and worked properly 
Patient Monitor,Schiller ,Truscope ULTRA Q7,Spo2 probe lock broken,Elstoplast was used to fit the spo2 probe for temporary use
Infusion Pump,JMS,OT700,Showing drip Alarm ,Drip sensor was cleaned and issue solved 
Centrifuge,Remi,,Stopped rotation ,Checked all parts and  found commutator erroded 
Infant Radiant Warmer,Shreeyash ,,No response of Temperature probe,Loose connection on the port was tightened 
Centrifuge,Remi,,Couldn't complete rotary action ,Open and found out commutator part was broken
Laryngoscope,,,Light bulb not glowing ,Light bulb was detached and adjusted 
Heater,,,Not working ,"Checked and found heater coil was damage, Fan was missing "
Heater,,,Heater not working properly ,Checked and reparied the  wiring of heating coil 
ECG Machine,Nihon Kohden ,,Printing issue ,Paper alignment was maintained 
Fumigation Machine,,,Fumigation Machine not working,Instructions were provided on how to use.
Pulse Oximeter,,,User issue: SpO2 probe was detached and wasn't fitting on the lock,Spo2 probe was adjusted properly enough for working.
Laryngoscope,,,Low intensity light ,Battery had low voltage. New battery changed.
Nebulizer,Niscomed,,Broken 3 pin plug. ,3 pin plug was changed
ECG Machine,Philips ,Typewriter ,Ecg showing Acute MI ,Checked the machine settings. And found no issue with machine. Instructions were provided to operator 
Infant Radiant Warmer,Shreeyash ,,Fail temperature signal,Tightened the probe.
HFNC,BMC,,Flow rate was not displaying on the screen,Machines Settings configuration was verified and maintained the flow rate
HFNC,BMC ,,"Values of Fio2, temperature and flow rate wasn't showing in the display.",Settings were configured and maintained default setting reboot the system.
Sphygmomanometer,,,Bp cuff  showing fluctuating pressure.,Leakage at bulb was reported and replace the bulb holder.
Nebulizer,Niscomed ,,3 pin plug was detached ,3 pin plug was adjusted and repaired 
Nebulizer,Niscomed,,Electrical circut was broken ,Circut was made continuous by soldering 
ECG Machine,Nihion Kohden ,CardioFaxC,Printer issue and flat graph,Paper alignment was adjusted.
Laryngoscope,,,Bulb glowing in low intensity ,Light was tightened 
Patient Monitor,Schiller ,Truscope ULTRA Q7,Monitor not showing SpO2 recording,"SpO2 probe was tightened and locked.
"
Syringe Pump,Mindray ,BeneFusionSP3,Syringe pump unable to infuse all medicine. ,Checked settings and calibration performed 
Central Monitoring System,Philips,Efficia CM120,CMS not showing details of inuse monitor ,LAN cabel was connected to switch.
Centrifuge,Remi,,Carbon brush issue was distorted ,New carbon brush was changed 
Centrifuge,Remi,,Centrifuge wasn't speeding enough,Carbon brush alignment was readjusted
Patient Bed,,,"Bed side loose  handel, lost screw",Screw was tightened and made fixed
Pulse Oximeter,,,Oximeter not working properly.,Checked and found out that the  cabel is incompatible. Requested to use compatible cabel.
Vein Finder ,,,Loose light holder,Holder was stick with vega and made firm to glow light.
Mattress Inflator,Niscomed ,,Enough air wasn't dissipated. ,Checked and open the internal parts cleaned it and resolder the broken wire.
Blood Gas Analyzer,Edan,Edan i15,Calibrant wasn't aspirated properly ,Poco pin were cleaned and Calibration fluid pack was changed 
Hydro Extractor,Ramsons ,RDD ,Hydro Extractor was not unabel to start. Start switch was broken.,Checked and new switch was replaced and made working.
Hydro Extractor,Ramsons ,RDD ,Brake was not working. Braking system was failed.,"Plugging Method wire rearrangement, Brake Delay Timer Adjustment, Relay and Start NO switch replacement were performed!"
ECG Machine,Philips ,Type Writer,"Report showing Acute MI,Baseline ECG,Abnormal ECG continues to same patient in different cycle of ECG.",Confirm the reported problem and Settings were managed. 
Sphygmomanometer,,,Pressure gauge meter wasn't aligned in 0. Fluctuating reading.,Pressure gauge needle was aligned to 0.
Infusion Pump,JMS,OT-701,Showing air and drip alaram,"Checked and perform the test run, made working. "
Gauge Cutter,,,Blade sharper wasn't touching the blade and blade wasn't being sharpened.,Position of sharpener was adjusted and made touch with blade.
USG Machine,ACCUVIX,,Abnormal printing of data from printer.,Checked all cabels and readjusted and restart the system. Printer was working fine.
Infusion Pump,Enmind ,EN- V7-Smart,Pump door locking problem. ,Checked and disassemble the pump door and redjusted the locking door.
TENS Machine,,,TENS Machine Probe were broken,Checked and soldered all the possible probe to make it work.
Drill Machine ,Bosch,,Chuck head wasn't working properly. It was not being abel to hold drill bit in correctly ,Chunck head was exchanged from another drill machine whose motor was damaged.
Microscope,Olympus,,Coarse focus dail couldn't set in fix position.,Loose stage of microscope has been adjusted and maintained
Refrigerator,Haier,,Temperature wasn't meeting required value. ,"Checked all the components,cleaned the compressor part. Found compressor and fan was faulty"
Phototherapy,,,Loose Bulb cover of phototherapy ,Nut was fixed and light cover was made tightened 
Patient Monitor,Philips,Efficia CM120,SpO2 probe reading wasn't showing in Patient Monitor ,"Checked the  probe and  found light wasn't glowing up, outer wire was ripped out. Suggested for the wire replacement "
X-Ray Machine,Konica Minolta,Sigma double,Problem in  Xray printer filter ,Full servicing sigma double xray printer 
ECG Machine,Philips ,Pagewriter TC20,Request for the pre op checked ,Pre operational of the ECG machine was checked. Working fine.
Nebulizer,Niscomed ,,Disconnected wire machine not working ,Reconnected the wire and made working 
Suction Machine,Sereixn,,Low suction intensity ,General Maintenance of motor was done. Pipe placement and settings adjusted.
Nebulizer,Niscomed ,,Nebulizer wire connection broken,Broken wire was readjusted 
Blood Roller Mixer ,Coslub,,Unsynchronized tube rollers rotation.,Adjustment in the tube roller gear.
Stethoscope ,Microlife,,One Earpiece missing ,Earpiece was installed 
Blood Bank Refrigerator,Remi,BR-120 ultra,Door lock issue of Refrigerator at Blood Bank.,Lock was repaired and solved lock problem
Syringe Pump,Smiths Medical,Graseby C9,Transmission Error,Checked the plunger holder of syringe.  Factory reset was performed. Manual calibration was done. And test run was performed.
Patient Monitor,Philips,Efficia CM120,Loose Wall mount and bedside monitor was loosen ,Screw was tightened and position was adjusted.
ECG Machine,Philips ,Page writer ,ECG graph printed with full detail and reasons.,Seeting instructions was provided to the user and provided guidance to the user.
Infusion Pump,Enmind ,EN V7 smart ,Door lock problem ,Door portion was opened and Readjusted 
Nebulizer,Niscomed ,,Nebulizer not working. No power in Nebulizer ,Nebulizer was dissambled and found out transformer winding was burnt.
Defibrillator,Philips ,,Shock was not delivered to patient.,Defibrillator pad was reconnected properly and  checked
Infusion Pump,Smiths Medical ,,Frequent alarm of air bubble and occlusion,Seetings was readjusted and Calibration was performed 
Blood Gas Analyzer,Edan,,Printing issue.Thermal head roller misplacement,  Roller was readjusted and performed printing.
Blood Gas Analyzer,Edan,,Continue Notification even after cartridge is removed.,Machine was restarted.
Infusion Pump,Mindray ,,Stand holder broken.,New stand holder nut was fixed. Crack near holder were sticked.
Patient Bed,,,Patient bed side frame loose. Nut lost,New nut was adjusted to it and made it tightened.
Syringe Pump,Enmind ,,Issue of short circuit ,Device was checked and performed genral maintenance.
Gauge Cutter,,,Requested to change the blade,Blade was changed and performed maintenance 
Sphygmomanometer,,,The mamometer needle wasn't stationary ,Inspected and found the BP Cuff bag had leakage 
Patient Monitor,Philips,Efficia CM120,Monitor wasn't charging properly. ,Inspected and identified that the charge cabel wasn't plugged properly at monitor end.
ECG Machine,ECGMAC,EM 301,Reported that ECG wasn't Printing properly.,Inspected and  checked all the cabels and made pre operation checked. Printing fine.
Patient Monitor,Philips,Efficia CM120,Spo2 probe wasn't not recording fine. Showing less sp02 value than normal.,Inspected and cross verified the probe. Spo2 probe was reading fine.
Nebulizer,Niscomed ,, Nebulizer 3 pin plug was broken,New 3 pin plug was replaced 
Chest Vibrator,Thrive ,,3 pin plug broken. Vibration sound was unusual than normal.,3 pin plug was changed. Vibrator handel were made tightened with tape.
TENS Machine,,,TENS wire were broken,Wire were resoldered and managed to be work.
ECG Machine,Mindray ,Beneheart R12,Paper type error.,Inspected and crossed verified the paper. Found out incompatible paper was in use. Mindrya compatible paper was used and printing fine without error.
Endoscope ,Olympus,,Air flow and suction not functioning,Cleaned the tubing
Endoscope ,Olympus,,Suction not functioning ,Cleaned the tubings
Laryngoscope,,,Light not glowing,Cleaned the contacts and changed bulbs
Laryngoscope,,,Bulb not glowing,Cleaned contacts and changed bulbs 
Nebulizer,Niscomed,,Brunt 3 pin plug ,3 pin plug was changed.
Nebulizer,,CWAN,Fuse was blown.,Inspected and new fuse was replaced 
Pulse Oximeter,,,Battery drained out.,New battery was replaced.
Chest Vibrator,Thrive,,Connection was broken.,Wire were readjusted and made stabel connection.
Chest Vibrator,Thrive,,Soldered were worn out.,Resoldered the wire.
Patient Monitor,Philips,Intellivue MP20,"Patient Monitor unable to read blood pressure.
",BP cuff replaced.
Centrifuge,Remi,R-303,Centrifuge not spinning properly.,Carbon was made good cotact.
BIPAP,Philips,Respironics,Unresponsive control ,Inspected and found SD card error
BIPAP,Philips,Respironic,Unresponsive Controls,Inspected and found SD card error
Patient Bed,Timotion,,Wheels not working.,Wheels were replaced from not working bed
View Box,,,Faulty Switch.,Connection were reset to working Switch.
View Box,,,Broken 3 pin plug.,3 pin plug was changed.
Blood Gas Analyzer,Edan,i15,Calibrant wasn't aspirated properly.,Calibrant fluid pack pin and poco pin cleaned.
Tissue Processor,,KEDDEE, Requested to change lifting belt and  colling fan,Perform General maintenance  removed all dust particles and changed lifting belt.
Refrigerator,Haier,,Unusual sound  from fan,Genral maintenance performed
Delivery Bed,,,Bed Uplifting piston holder broken,Broken portion was adjusted with Nut for temporary use.
Patient Bed,Ti Motion ,,Remote not responding ,Connection in  power moudel was reset.
Patient Bed,Ti Motion ,,Remote not responding.,"Inspected and found that the system was locked. 
System was unlocked."
Anesthesia workstation,Meditech England ,,Abnormal shrinking of bellow,"Assessment done and found Bellow while still flexible, may have lost elasticity, impacting contraction/expansion efficiency during ventilation. Excessive flexibility can compromise the seal, causing air leakage and reduced tidal volume. "
Nebulizer,Niscomed,,3 pin plug broken,New 3 pin plug was changed
Ventilator,Hamilton,C3,Back up for ICU,Perop were checked and made stand by
Laryngoscope,,,Pediatric Laryngascope one bulb not glowing.,Inspected and found the used bulb size  was incompatible. Suggested to get compatible bulb.
Patient Monitor,Philips ,Efficia CM120,SpO2 probe not responding,Inspected and found out the Spo2 probe was broken.
Ventilator,Hamilton,Hamilton-C1,Ventilator O2 cell calibration fail,Inspected and VT Analayzer was use to Calibrate the oxygen flow.
Ventilator,Hamilton,Hamilton-C1,O2 cell calibration failed.,Inspected and VT Analayzer was use to Calibrate the oxygen flow.
Ventilator,Hamilton,Hamilton-C1,O2 cell calibration Failed.,Inspected and VT Analayzer was used to Calibrate the oxygen flow.
Ventilator,Hamilton,Hamilton-C1,O2 cell calibration failed.,Inspected and VT Analayzer was use to Calibrate the oxygen flow.
Colposcope,Lutech,LT-300SD,Image wasn't showing in the Monitor,"Inspected and device were crossed verified with HDMI and 3.0USB cabel.
New software was downloaded and tried.
"
OT Light,,,Light board wasn't responding. ,"Inspected and cross checked the voltage drop in each point. Issue with board components was concluded.
Board was hand over to company. "
ECG Machine,Nihion Kohden,Cardio fax C,Unable to print ECG graph,Inspected and found that leads are working fine but Machine was out of paper
ECG Machine,Philips,Page writer TC20,Unable to print the ECG graph,Cleaned the thermal head and roller with spirit. Readjusted the paper properly.
Nebulizer,Niscomed,,Fume wasn't generated from Mask.,"Inspected,crosseverified and cleaned the moter and piston area. 
Filter was cleaned too."
ECG Machine,ECGMAC,EM 301,Continuous printing of ECG graph. ,Inspected crossed verified and system settings were adjusted to default.
USG Machine,Mindray,Z6,"Machine unable to read the Curvilinear probe.
Artifacts(black line) was seen in Linear probe.","Inspected crossed verified talk with vendor and concluded as
Linear probe internal  crystal was broken.
Curvilinear probe locking system was damaged"
Central Monitoring System,Philips,Efficia CM120,Continuous  yellow Alarm with the CMS License Key Board.,"Inspected and checked battery voltage.
Requested to replace the Battery"
Blood Gas Analyzer,Edan,Edani15,Cartridge not aspirated properly,Fluid pack was installed properly after maintaining room temperature
Drying Machine,Ramsons,,Bealt  was worn-out ,New bealt was replaced 
Syringe Pump,Smiths Medical,Graseby C9,Continuous beep sound ,"Dispaly cabel was reconnected 
Calibration performed and seeting adjusted."
Ventilator,Philips,V200,Showing more Tidal volume  than set tidal volume ,"Inspected crossed verified, cleaned the  filters and reconnected cabels"
Sphygmomanometer,,,No deflection in needle,Inspected and found leakage in BP cuff. Suggested to change.
View Box,,,In compatible adapter,Requested to get  compatible adapter and changed.
Laparoscopic Tower,,,No camera holder in the tower.,Camera holder was installed using plaster design
Syringe Pump,Smiths Medical,Graseby C9,Power on issue. ,"Inspected display cabel was readjusted.
1st calibration was performed "
Patient Bed,,,Remote wasn't responding ,Connection in power box restored and checked.
Nebulizer,Niscomed,,Nebulizer unresponsive ,Cabel connection was readjusted
Centrifuge,Remi,,Disoriented spinning of Centrifuge ,Inspected and Nobe was tightened. Screw on the button was readjusted 
Centrifuge,Remi,,Slow speed rotation of centrifuge,Inspected and carbon placement was readjusted
ECG Machine,ECGMAC,EM 301,"Unable to ECG waves
 ","Inspected and identified Suction electrode probe tightened nut was lost.
Replaced with other nut"
CTG,Orean,,Machine unable to print.,Factory setting was performed and system setup 
Sphygmomanometer,,,Manometer wasn't needle wasn't aligned at 0,Needle was readjusted to its orginal position
Sphygmomanometer,,,Unable to pump by Inflation bulb,Inspected and found Inflation bulb had leakage. Leakage was mitigate by general maintenance 
Infusion pump,Smiths Medical ,Graseby TM1200,Air in line notification. Unabel to infuse,Inspected and Bolus was performed.
Sphygmomanometer,,,General Maintenance was performed,
Ventilator,Hamilton,C1,Unabel to pass leak test,Diaphragm was cleaned and performed leak test 
Ventilator,Hamilton,C1,O2 cell test unabel to pass,Per op checked and circuit passed
Syringe Pump,Enmind,ENS7 smart ,System error,"Inspected the machine. General maintenance was performed
"
Infusion Pump,Enmind,,Unresponsive display,Machine was inspected and found broken display.
Syringe Pump,Smiths Medical,Graseby C9 ,No response to power on/off button.,"Machine was inspected and ribbon cabel towards display board was readjusted.
"
Syringe Pump,Smiths Medical,Graseby C9 ,Unresponsive power on/off button,Machine was inspected and ribbon cabel towards display board was readjusted.
Nebulizer,,,Uabel to give proper gas from.,Genral maintenance was performed.Air filter was changed.
Syringe pump,Smiths Medical,Graseby C9,"Unresponsive power on/off button
","Inspected the machine. Ribbon cabel towards display board was readjusted.
"
ECG Machine,ECGMAC,EM 301,Showing abnormal ECG graph. ,Settings were adjusted. And reprinting was performed.
C-Arm Machine,Allengers,HF49R,Coordination issue between Handel and wheel.,Inspected the machine and verifed the problem Handel nut was tightened. 
Central Monitoring System,,,CMS unable to turn ON. ,All the cabels were readjusted and restarted the system.
Electrosurgical Unit,,,ESU unabel to cut or colag,Inspected the machine crossed verified and found out machine was working fine.
OT Light,,,One petal of OT light wasn't working.,Inspected the machine found out light were working fine.
Stethoscope,,,Diaphragm missing,Diaphragm was replaced
Sphygmomanometer,,,Mamometer needle wasn't responding to the bulb,Mamometer was crossed verified. Bulb had leakage 
Chest Vibrator,Thrive,,Wire connection was broken,Wire were readjusted and made connections.
TENS Machine,,,TENS Probe were broken.,Broken TENS cabels were rejoined.
Patient Bed,Ti Motion,,Wheels not working,Inspected the bed  and provided user information to Lock and unlock the bed wheels.
Syringe pump,Advanced,,Holder nut was broken ,Broken holder was tightened.
Lithotripter,NIDHI LITH,,Foot switch not responding effectively.,Broken power cabel connection at foot switch end was repaired.
Sphygmomanometer,,,Needle alignment wasn't correct,"Needle alignment  was corrected
 Crosseverified and checked."
CTG,Osen Tech,OSEN9000E,"No sound of Transducer.
","Inspected the machine.
 Factory seeting was done. Machine was restarted again."
Blood Gas Analyzer,Wondfo,,,Installation was done by company representative. User Traninig was provided.
Hematology Analyzer,HORIBA,Yumizen H500,,Installation of H550 done. User and General Maintenance training provided. And Sample validation done.
Hematology Analyzer,,Huma Count 5D,Platelet count is high,"RBC and WBC was cleaned with HC clean.
 Checked Earthing and power cabel. Changed diluent. Checked all valves and pump."
Biosafety Cabinet,BIOBASE,BSC-1200ll A2-Z,Cabinet unabel to power on,Inspected the cabinet crossed verified. cabinet was turn on properly. User guidance was provided on how to use.
Fumigation Machine,ULV fumigation ,,Low fumes high humidity,Machine was inspected. The speed controller knob was broken.
Nebulizer,,,Motor not pumping air properly.,General Maintenance of motor was performed.
Patient Monitor,Schiller,Truscope ULTRAQ7,Spo2 locking issues ,Reassessment was performed.
Patient Monitor,Schiller,Truscope ultra Q7 ,Spo2 probe locking issue,Re-assessment  was performed
Patient Monitor,Schiller,Truscope ultra Q7,SpO2 probe locking issue,Re-assessment was performed
Patient Monitor,Schiller,Truscope ultra Q7,Spo2 probe  locking issue,Re-assessment  was performed
Patient Monitor,Schiller,Truscope ultra Q7,Spo2 probe locking issue. Lock is broken,Re-assessment was performed
Patient Bed,,,Upper left side frame locking malfunction,Inspected the bed.
ECG Machine,ECGMAC,EM 301,ECG Machine button not responding.,Inspected the machine and provided user guidance to operate the machine.
Biosafety Cabinet,BIOBASE,BSC-1200II A2-Z,Remote was not responding.,Remote was inspected. Battery voltage was checked.
Patient Bed,,,Remote not responding to up and down.,Inspected the bed. Crossed verified and cabel with power box was readjusted.
ECG Machine,Philips,PageWriter TC20,Unable to print the ECG graph,Inspected the machine. Checked the printer and  Paper was reinserted properly.
Infusion Pump,Smiths Medical,Graseby T1200,User Training was needed,User guidance and training was provided
Sphygmomanometer,,,Mamometer Needle was not align in 0.,Needle was realigned at 0
Traction Machine,,,Machine height wasn't in the desired position.,Machine was realigned in the desired position.
ECG Machine,ECGMAC,EM 301,Unable to print the ECG graph,Machine was inspected and paper placement was readjusted. ECG was Printing fine.
Light source,OM surgicals,L 180,Switch unable to complete the electrical circuit,New switch was replaced to complete the electrical circuit.
Chest Vibrator,Thrive,,Chest Vibrator unabel to power on,Inspected and general maintenance was performed
Chest Vibrator,Thrive,,Vibrator was unabel to power on,2 pin was replaced.
Chest Vibrator,Thrive,,Brunt wire.Broken wire connection,Brunt wire was readjusted and made connection
Syringe pump,Mindray,BenefusionSP3,Syringe unable to infuse properly,Inspected and Calibration performed successfully.
Anesthesia workstation,Medion,,Ventilator unabel to power on.,Machine was inspected. Blown fuse was replaced
Syringe pump,Smiths Medical,Graseby C9,Unabel to power on. ,Inspected and soldered the detached cabel in PCB board.
Patient Monitor,Schiller,Truscope ultra Q7,Incompatible ECG probe,Re-assessment was performed
Patient Monitor,Schiller,Truscope ultra Q7,Incompatible ECG probe,Re-assessment was performed
Patient Monitor,Schiller,Truscope ultra Q7,Incompatible ECG probe,Re-assessment was performed
Syringe pump,Mindray,,Syringe unabel to infuse properly,General maintenance was performed
,,,,Training sessions was conducted among Sister in charge for QR access
Metal Hammer,,,Loose handel ,Welding was done to fix the handel
Autoclave,,,Door unabel to closed,Inspected and found misalignment of gear. Gear was readjusted and closed the door.
Patient Monitor,Philips,Efficia CM120,Bp cuff unabel to givereading,Spare cabel connector was installed
ECG Machine,ECGMAC,EM 301,Unable to get ECG waves,Inspected and crossed checked all connections.
X-Ray Machine,Allengers,Mars 40,Collimator light not glowing.,Inspected and changed the wire connection
Sphygmomanometer,,,Mamometer needle alignment isn't aligned to 0,"Inspected the manometer and tried fixing it
"
BIPAP,BMC,,Unabel perform the BIPAP mode,Bipap mode was enabled 
Patient Monitor,Philips,Efficia CM20,BP cuff unable to give reading,Re-assessment was performed
Patient Monitor,Philips,Efficia CM20,BP cuff unable to give reading,Re-assessment was performed
Patient Monitor,Philips,Efficia CM20,BP cuff unable to give reading,Re-assessment was performed
Patient Monitor,Philips,Efficia CM20,BP cuff unable to give reading,Re-assessment was performed
Patient Monitor,Philips,Efficia CM20,BP cuff unable to give reading,Re-assessment was performed
Patient Monitor,Philips,Efficia CM20,BP cuff unable to give reading,Re-assessment was performed
Bubble CPAP,,,User issue,User Guidance was given on  how to use.
Patient Bed,,,Remote not responding,Reassessment perform and provided guidance.
Ventilator,Philips,V200,Failed circuit.,Pre op checked and general maintenance performed.
ECG Machine,ECGMAC,EM 301,ECG not working properly,Genral maintenance performed.
ECG Machine,ECGMAC,EM 301,ECG not responding to buttons ,Inspected and genral maintenance performed
Ventilator,Hamilton,C3,Ventilator unabel to pass the circuit.,Inspected and circuit was passed.
Nebulizer,,,Circuit was broken,General maintenance was performed.
Nebulizer,,,Motor wasn't functioning properly,Genral maintenance was performed.
Chest Vibrator,,,Broken wire,Genral maintenance was performed
TENS Machine,,,Multiple Wire were broken,General maintenance was performed.
Anesthesia workstation,Medion,,"Fuse blown out. 
","Higher ampere fuse was installed.
Battery was installed 
Vaporizer was installed "
Infusion Pump,Smiths Medical,,Problem with setting interference,Settings were adjusted and provided user guidance
Autoclave,,,Auto clave not turning on.,Inspected and general maintenance performed.
ECG Machine,Philips,PageWriter TC20,V2 not showing in ECG Machine.,Inspected and provided guidance to use the ECG electrodes.
ECG Machine,Nihon kohden,Cardio fax C,"Problem with roller 
1 pin from cabel holder is broken",Inspected and problem concluded 
Immunoassay Analyzer,Snibe,Maglumi 2000,Left and right pipet unabel to move down,"Check supplied voltage, Check earting, cleaning and maintenance performed."
Laryngoscope,,,Bulb not glowing.,Assessment was performed. Bulb conductance was measured.
Syringe pump,Smiths Medical,Graseby C9,Unabel to power on.,"Inspected , Ribbon cabel were readjusted properly."
Ventilator,Hamilton,C1,Leak test unabel to pass.,Inspected  the circuit for any leakage. 
Infusion Pump,Enmind,EN V7 smart ,Loose clamp holder,General maintenance was performed
Bubble CPAP,,,Not Working stickers was pasted.,Reassessment was performed and checked the machine. Working fine
Patient Bed,,,Bumper Castor was detached,Inspected and reattached the bumper castor
Autoclave,,,"Autoclave not reaching the required temperature.
",Inspected and checked the contunity of heating rod.
Nebulizer,Niscomed,,3 pin plug was detached,3 pin plug wiring system was reattached
Nebulizer,Niscomed,,Motor not working properly,General maintenance was performed
Nebulizer,Niscomed,,"Motor not working properly
",Genral maintenance was performed
,,,No inventory for new machine,Inventory of newly installed machine was performed.
Ventilator,Hamilton,C1,Ventilator showing fluctuating in Tidal volume,Inspected. probe check was performed. Leakage from Oxygen onnector was maintained.
ECG Machine,Philips,PageWriter TC20,High electrical interference in the ECG wave pattern,"Inspected crossed verified the lead placement. 
Power cabel was disconnected from charging port."
Syringe pump,Smiths Medical,Graseby C9,System error ,"Inspected all cabels were reset and restart the equipment
"
Coulter counter,,Humancount 5D,Vertical motor don't initialize and move,Inspected and changed the horizontal and vertical wire.
Sphygmomanometer,,,Misalignment of neddle in manometer,Alignment of needle was adjusted
Nebulizer,,,Connection of air outlet port was broken,Outer cover was replaced
TENS Machine,,,TENS connector probe were broken,Connector were readjusted and maintained
Ventilator,Hamilton,C3,Low oxygen Alaram even patient getting enough oxygen,Limts of Oxygen was maintained to reslolved the Alaram 
Ventilator,Hamilton,C1,Obstruction in ventilation due to continuous alarm of flip flow sensor,Inspected and checked flow sensor connection were adjusted.
Syringe pump,Mindray,Benefuion SP3,Unabel to infuse all the medicine,System calibration was performed
Ventilator,Philips,Respironics V200 Esprit,Showing high Tidal Volume,"General maintenance was performed. Filters were cleaned.
EST test was performed"
Infant Radiant Warmer,Shreeyash,,No response to power,Loose cabel  in the power system was maintained.
View box,,,Light not glowing at one side of  the view box ,"Inspected and faulty connection was identified.
Connection  as reestablished"
Chest Vibrator,,,Loose potentiometer,Inspected and loose potentiometer was tightened.
Chest Vibrator,,,Misalignment of the vibrator tip,Vibrator tip was realigned in correct position
Ultrasound Therapy,,,Broken TENS probe,Broken cabel were readjusted
Nebulizer,,,Nebulizer cabel broken,Broken cabel was reconnected.
View Box,,,View box not glowing,Adapter cabel connection was adjusted properly.
Sphygmomanometer,,,Needle alignment was distorted,Needle alignment was adjusted at 0
Nebulizer,Niscomed,,Short circuit,Wire was readjusted and connected properly
Hot Air Oven,,,Fumes were releasing from the side valve,User guidance was provided.
Coulter Counter,DYMIND,DF55,Unable to show the data of Haemoglobin,Volatge was adjusted at about 45-50 v range
Central Monitoring System,Philips ,Efficia CM120,CMS Unable to display the data of monitors,Cabel were readjusted.
VDRL Shaker,HL scientific Industries,,VDRL shaker speed rotar unable to maintain speed,Inspected and fasten the screw holding the speed controller potentiometer.
Infusion Pump,Mindray,Benefusion,Clamp holder broken,Adjust temporarily using vega
Coulter Counter,DYMIND,,Unabel to perform test,Vacuum voltage was maintained 
Ventilator,Hamilton,C1,High tidal volume during spont mode,Inspected cleaned the filters and verified with VT analayzer
Ventilator,Hamilton,C1,High tidal volume during spont mode,Inspected cleaned the filters and verified with VT analayzer
Ventilator,Hamilton,C1,High tidal volume during spont mode,Inspected cleaned the filters and verified with VT analayzer
BIPAP,Philips,,Door Locking  issue,Lock was rearranged and door lock maintenance performed
Hematology Analyzer,Horiba,YumizenH550,Unabel to perform test and show results,Diluent valve with white driff  valve was readjusted.
X-Ray Machine,Allengers,Mars 40,Collimeter light not glowing.,Inspected. Timer card  components was checked. Capacitor was  found to be damage.
ECG Machine,Philips,Page writer TC20,Date and time was mismatched,Seetings for date and time was corrected
ECG Machine,ECGMAC,EM 301,Unable to get ECG waves,User guidance was provided. 
Nebulizer,,,Unabel to produce enough fumes,Inspected new air filter was replaced
Colposcope,Lutech,LT-300SD,Unabel to get image in Monitor,Repaired  colposcope was installed and work verification was performed by coordination with doctors
Patient Bed,,,Side frame unabel to lock,Side frame was replaced with other patient bed.
Syringe pump,Smiths Medical,Graseby C9,Unabel to power on.  Ribbon cabel was faulty. It was returned to store,Ribbon cabel board was replaced from another Syringe pump showing system error 09
Syringe pump,Smiths Medical,Graseby C9,System erro 09,Inspected. Its ribbon cabel board was replaced with ICU044 from store. 
Syringe pump,Mindray,Benefusion SP3,Unabel to infuse all the medicine,Calibration was performed.
Syringe pump,Mindray,Benefusion SP3,Unabel to infuse all the medicine,Calibration was performed.
Infant Radiant Warmer,Shreeyash,,Preopeartion of the machine was required,Reassessment was performed for the machine
Infant Radiant Warmer,,,Preopeartion of the machine was required,Reassessment was performed for the machine
Infant Radiant Warmer,,,Preopeartion of the machine was required,Reassessment was performed for the machine
Infant Radiant Warmer,,,Preopeartion of the machine was required,Reassessment was performed for the machine
X-Ray Machine,Allengers,Mars 40,Collimeter bulb not glowing,Inspected found out blown out 5A fuse along with fuse holder.
CTG,Shenzhen Osen Tech,OSEN900E,Unabel to print the graph of certain time frame,Setting were adjusted and user guidance was provided.
Bilirubin Tester,,,Unabel to set zero,Reset and set button were readjusted
Infusion Pump,Mindray,Benefusion VP3,Clamp holder was broken,Metal plate was fixed at the base for firmly support
Infant Radiant Warmer,Shreeyash,,Switch not working properly,Loose nuts were fasten tight around switch area
Autoclave,,,Unable to cook properly ,Fasten the nuts at joint 
CTG,,,CTG Transducer unabel to produce sound.,Transducer connection to CTG was rechecked.
Bubble CPAP,,,Pre operation was required,Working condition of machine was assured.
Bubble CPAP,,,Pre operation was required,Working condition of machine was assured.
Hematology Analyzer,Horiba,YumizenH550,Unabel to perform test and show results,Earting was provided and sample was runed
Patient Monitor,Philips,,SpO2 probe unabel to give reading,Probe was replaced
Lithotripter,Nidhi(NMS),Lithdigi,Lithotripter gun not functioning properly,"Bullet was cleaned and readjusted properly
"
Incubator,,,No rise in temperature,Inspected crossed verified found broken cabel cabek was cahanged temperature was maintained.
Infant Radiant Warmer,Shreeyash,,Switch not functioning,Cross verified Switch was replaced. Working fine.
,,,Issues on cleaning the Laryngoscope and ventilator,Instructions  and guidance was provided to nursing staff on cleaning the equipment.
Hematology Analyzer,Horiba,YumizenH550,Unabel to perform test and show results,Valve were rechecked and Flushing was performed.
Nebulizer,,,Motor not responding,Inspected and alignment of motor was adjusted
Sphygmomanometer,,,No deflection of Mamometer Needle ,Manometer was Replaced
Patient Bed,,,Non Compliant Bed remote,wiring was readjusted and solved
Patient Monitor,Mindray,uMEC10,Monitor unabel to give reading,Layout settings were reajusted
Nebulizer,Niscomed,,wire connection was disconnected,Connection was restored
Nebulizer,Niscomed,,Switch not responding,wiring of switch was readjusted
Neuro Burr,,,Disoriented wire and woking in only one direction ,Wiring was adjusted and orentation was adjusted to be working in all direction 
BIPAP,Reamed,,Unabel to adjusted the mode,user guidance was provided
ECG Machine,Philips,PageWriter TC20,"Layout was changed, settings for Filter were mis selected",Default setting were Adjusted
ECG Machine,ECGMAC,EM 301,ECG with artifacts,User training and guidance was provided
Infant Radiant Warmer,Shreeyash,,Unabel to switch On,"Inspected and all the components switch was checked, relay was checked and Triac was checked. Connection was reset."
,,,Sticker worn Out For XRay and ECG in Emergency,New sticker were Pasted
Syringe pump,Smiths Medical,Graseby TM C9,Unabel to set the rate for 0.008,Inspected and requested for recalculation. Set at 8ml
Mattress Inflator,Niscomed,,Broken cabel,Broken Cabel was repaired
Mattress Inflator,Niscomed,,Broken Cabel ,Broken cabel was repaired
Mattress Inflator,Niscomed,,Broken Cabel,Broken Cabel was repaired
Syringe Pump,Advanced,SP200,Tight syringe clamp ,Syringe clamp was fasten
Syringe Pump,Advanced,SP200,Tight Syringe Clamp,Syringe pump clamp was fasten
Blood Bank Refrigerator,Remi,BR ultra 125,Unabel to maintain temperature between 4-6 degree,Inspected and general maintanence was performed and recharge the gas
Anesthesia workstation,Medion,v12,Tidal Volume was unable to maintain,Flow senor was correctly inserted
Phototherapy ,,,2 bulb wasn't glowing,Not glowing bulb was repaired with cross verification
Ventilator,Hamilton,C3,Unabel to pass the tightness of the circuit,inspected and found that  circuit was Incomplete it was verified  and  tightness test was performed
Patient Bed,,,Remote unabel to respond as per instruction,Power box connection was reinserted properly
Defibrillator,Mindray,BeneHeart D3,Continuous blinking of the Cross indicator,Test pass was performed
Hematology Analyzer,Horiba,Yumizen,Start up test failed,"All the reagent was recharge,priming was performed"
Colposcope,Lutech,LT-300SD,Operational Issue,User guidance and training was provided
Nebulizer,Niscomed,,Not working ,Piston was aligned into the correct position
Nebulizer,Niscomed,,Burnt cabel connection,burnt cabel was replaced
Infant Radiant Warmer,Shreeyash,,Alaram for skin sensor fail,Inspected the device and sensor was crossed verified and  concluded to be faulty
Syringe pump,Smiths Medical,Graseby TMC9,Broken display panel holder,Broken parts was attached
ECG Machine,Philips,Page writer TC20,Unable to print the ECG graph,User guidance was provided
Patient Monitor,Schiller,Truscope Utra Q7,ECG led broken,Broken ECG Led was repaired
C-Arm Machine,Allengers,HF49R,Low Imgae quality in Uro surgery,Inspected and  verified the problem KV and MAs was maintanined
Infant Radiant Warmer,Shreeyash,,Switch not responding and 3 pin was also broken ,Faulty  switch was Verified and replaced. broken 3 pin was also replaced
C-Arm Machine,Allengers,HF49R,Foot Switch not responding properly,Foot switch connetion was reset and assured to be working 
Coulter Counter,DYMID,,unabel to give the result,"Inspected,All valve were checked,5 part was checked and Optical unit was replaced"
Hematology Analyzer,HORIBA,Yumizen,Unabel to give DC parameter,"Inspected Rinse was performed, Flow cell was flushed manually but didn't work "
CTG,Shenzhen Osen Tech,OSEN9000E,No sound from the transducer of CTG,Inspected and Factory reset was performed 
ECG Machine,ECGMAC,EM 301,ECG Lead loose connection.,Loose connection were tightened and tested with patient
CO2 Insufflator,OM surgical,Alphaflator2SD,Contiuous Leakage of the CO2 gas from the machine.,Inspected the problem and veriified the issue. Broken Pneumatic pipe was replaced with newe one and verified.
Syringe pump,Smiths Medical,Graseby TMC9,system Error 09,Main board was replaced with the broken syringe pump of ICU
Syringe pump,Smiths Medical,Graseby TMC9,Automatically power off during infusion.,Inpected the battery and checked the voltage. user guidance was provided.
Syringe pump,Smiths Medical,Graseby TMC9,Power turn off during infusion, checked the battery voltage and replaced the Battery from donor unit
Laser Machine,Quanta,,Bacside handel was loose,Nut was fastened to make it intact
C-Arm Machine,Epsilon,EPvictory RA-6,Foot lock Locking issue,Foot lock was manully and mechanicaly adjusted.
Patient Monitor,Meditech England,M757,Colorful display in screen,inspected and cabels were reset 
Electrosurgical Unit,Volksmann surgi Heal,,Contiuous beep sound ,Inspected and provided user guidance
Autoclave,,,Delay in heating rod.,Inspected and checked  all the heating rod
Humidifier,SH 330 Respiratory Humidifier,,Power on issue,Inspected the machine and power unit was checked
Humidifier,Pigeon,PN-2000FB,Humidifier showing Error 2,Inspected issue was with temperature probe. 
Ventilator,Mindray,SV600,Time was mismatched,Settings were adjusted
Coulter Counter,,Huma count 5D,reuest for the montly maintenance,company engineer did the genral maintenance 
CTG,Shenzhen Osen Tech,OSEN9000E,Unabel to retrive the history data,Issue was resolved and history data was recovered
Oxygen Flowmeter,,,leakage of the oxygen from wall flowmeter,Issue was addressed and resolved
Endoscope,olympus,GIF-Q150,No air flow form the scope,Air lekage was detected and issue was resolved by changing the valve
Infant Radiant Warmer,Shreeyash,,No power on,Faulty switch was identified and replaced. 
C-Arm Machine,Epsilon,EPvictory RA-6,C arm unabel to get image on the screen ,Loose connector issue was attached. Auto was enable
X-Ray Machine,Allengers,Mars 40,Collimator light not glowing,loose fuse was reinserted
Ventilator,Hamilton,C3,unabel to pass the flow sensor calibration,inspected and corrected circuit and flow sensor was used 
Central Monitoring System,Philips ,Efficia CM120,Loss of Monitoring,cabels were reset and checked the licence key
ECG Machine,Philips,PageWriter TC20,Missing lead no graph shown.High amount of artifacts during ECG too ,Archive data were cleaned up. Tangeled wire untangeled and perofrmed the ECG yet not showen all led
Nebulizer,Niscomed,,Unsual sound from the nebulizer. No proper vaporization too,Alignment of motor was adjusted
Nebulizer,Niscomed,,motor unabel to power on,motor fan was balanced
ECG Machine,ECGMAC,EM 301,ECG not showing all led,Loose VGA cabel was fasten
Patient Bed,,,Remote not responding,connection was reassured with the board.
Blood Bank Refrigerator,Remi,,Tray unabel to push or pull,Inspected and the nut were was fastened and balanced the tray
Refrigerator ,,,Refrigerator temperature sensor unable to power on,broken wire was resoldered
C-Arm Machine,Allengers,HF49R,No clear image in screen ,CCD lense was cleaned all the cabels to LCD end were reconnected. The cabel for image transfer was reconnceted properly. Alignment of Camera was readjusted properly again. System was restarted and exposure was performed.
C-Arm Machine,Epsilon,EPvictory RA-6,Detector unabel to get ready,Flat panel was open and the detector cabels were readjusted properly. Cabel to Board was inspected and found cabel was disconnected.
PFT,MDD,Easy on PC,Performance verification report was requested,Performance verification report for PFT was made
Audiometer,Interacoustics,Type 2,Performance report was requested,Performance verifaction report was made
TENS Machine,,,Unable to power on,Switch was replaced.
Syringe pump,Smiths Medical,Graseby TMC9,Automatically Power on and off,Battery was drain out and replaced by new one
Patient Monitor,Schiller,Truscope Ultra Q7,Spo2 port was missing,Inspected and found spo2 port was inserted inside Monitor due to excessive pressure. 
Nebulizer,Niscomed,NB-117,No sufficient air,Addressed the issue and found piston to be broken
Glucometer,Vivachek Laboratories,Vivachek Ino,Continuous alarm of Error-2,Addressed the issue and used new test trip and working
Sphygmomanometer ,NA,NA,Air release valve stuck ,"gently used a pair of pliers to loosen it, then applied a small amount of lubricant to ensure smooth operation."
Ventilator,Hamilton,C1,Bench circuit peep maintaining knob not moving gently,Peep knob cleaned and applied lubricant
Autoclave,NA,NA,Doesn't heat up,"Addressed ,found faulty heater and replaced heater coil"
Ventilator,Hamilton,C3,Circuit test id pass,Maintained all the circuit and then performed the circuit test
Ventilator,Mindray,SV600,Alarm of reversed flow sensor,"Maintained the circuit, flow sensor connected properly and then performed the circuit test"
Ventilator,Hamilton,C3,Unwanted sound occurred ,Performed general maintenance of filters and then performed the circuit test
Ventilator,Mindray,SV600,Issue with the seething of RR,Assisted for settings
ECG Machine,ECGMAC,EM 301,Image Artifact,"Cable connected properly,provided operational training to user and made chest suction lead cleaned"
Patient Bed,NA,NA,Broken piston screw,"Broken screw removed, repaired using lathe machine and restored it's threads and structural integrity and then reinstalled."
Central Monitoring System,,,Parameters does not display on CMS,Connection configured and connected at the right  socket
Ventilator,Hamilton,C3,Requested to perform preop check,Performed general maintenance of filters and the. Performed the circuit test
Colposcope,Lutech,LT-300SD,Image not displayed in the monitor,Connection restored
ECG Machine,ECGMAC,EM 301,Doesn't print and no waves in some lead,General maintenance of thermal head and cable connected properly
Infusion Pump,Enmind,EN-V7 Smart,Continuous alarm of Air Bubble,Cleaned the air sensor and performed the test
ECG Machine,Philips,PageWriter TC20,We encountered an issue where leads V1 and V3 were absent from the initial ECG visualization on the ECG machine.,"Cleaning the leads and electrodes resolved the issue, and the missing V1 and V3 leads are now visible on the ECG machine.

"
Glucometer,VivaeChek,,E2 and E3 Error- The problem is with the main board,We clean the circuit board but it doesnot shows any positive fuction as it should show. There could be internal damaged components like faulty chips that require repair or replacement.
Infant Radiant Warmer,shreeyash,,Unable to power on and not being able to diaplay,Switch was relaced all the components were checked througly 
Gauge Cutter,,,Not cutting properly ,Inspected and crosed verified the problem edge sharpner was made loose to get contact with the blade 
Mattress Inflator,,,unable to power on ,Disconnected cable was connected back to the establish the conection 
Central Monitoring System,Philips ,Efficia CM120,CMS unable to show the data of 201 monitor,Inspected the machine and crossed verifed the problem. 
Hemoglobin Analyzer,DiaSpect TM,,Analyzer unable to power on ,Battery voltage was checked and concluded battery faulty
Ventilator,Hamilton,C1,showing low tidal volume ,"Inpected the machine, cleaned the hepa filter and did  ventilation  in different mode and noted the tidal volume"
Patient Monitor,Schiller,Truscope Ultra Q,NIBP not showing the reading,Inspected and  crossed verified the cable
Distilled water plant,BIOBASE,,Unable to produce the distill water ,inspected the working mechanism of the machine and found leakage from the pipe 
Gauge Cutter,,,Cutter not responding properly while cutting gauge,cutter blade was replaced with new one
ECG Machine,Philips,PageWriter TC20,Preventive maintenance was required,Tested with simulator and concluded machine is  working fine
X-Ray Machine,Allengers,Mars 40,Collimator light was not glowing ,"Inscpected and compactible capacitor(63v ,100mf) was replaced,burnt connector was soldered."
ECG Machine,Philips,Pagewriter TC20,ECG wave was not regular/normal after inspection concluded suction wasn't placed properly,Inspected and cross verified with ECG Smiluator
ECG Machine,ECGMAC,EM 301,Preventive Maintanence required,ECG Machine was checked using ECG simulator
ECG Machine,ECGMAC,EM 301,Preventive Maintenance required,ECG was checked using ECG Simulator
Patient Monitor,Philips,Effica CM120,Installation Required,Installed on wall mount
Ventilator,Hamilton,C1,Leak error,maintenance and preup check
USG Machine,Samsung,Accuvix X6,"USG machine malfunctioning- Freezing, unresponsive cursor, and print button failure diagnosed. Encoder and bearing issues identified and rectified.","Keyboard cleaned, Preventive maintenance performed, System restored to optimal function(Encoder and bearing )."
Phototherapy,,,2 blue Bulb not glowing,Bulb was replaced with each other and solved
OT Light,,,"OT2- OT light malfunction: Burnt controller board in upper domes, circuit board and power supply issues in lower domes.","Verified circuit board issue, vendor contacted."
OT Light,,,"OT3 light malfunction: Lower dome controller board failure, upper dome controller board and power supply failure.",Lower dome controller circuit modified to on/off function only (cannot increase or decrease the intensity of light per requirement).
OT Light,,,"OT4 light malfunction: Lower dome controller board failure, upper dome controller board and power supply failure.",Lower dome controller circuit modified to on/off function only.
Syringe pump,Smiths Medical,Grabsey TMC9,Transmission error,Inspected the machine and cheked the plunger yet showing error and another machine with power issue was repaired using the display board of the ICU068
Patient Bed,,,Unable to lock and unlock the bed,Inspected and found out  screw was missing so compatible screw was used to make the lock frim
Ventilator,Hamilton,C1,Unable to pass the leak test,Inspected the machine and tried mutliple time to pass the leak but couldn't. Checked the flow sensor and found broken at two junction and leakage. leakage was shielded tightely with the vega and tested multiple time succefully
Nebulizer,Niscomed,,Unable to Power ON,Inspected and found the wire connection was broken. Broken wire was rejoined and tested succesfully
CO2 Insufflator,,W 30A,Unabel ot Maintanain the pressure and flow of CO2,Inspected the machine there was no issue with the machine. Operatinal issue was concluded anf guidance was provided
AutoClave,,,Machine unabel to operate water level was overflowing,Inspected and operational guidance was provided
Electrosurgical Unit,Medichem Electronics pvt.ltd,MEDILAP 250 MDD,Pencil not responding to the coagulation,Machine was inspected and found the coag button to be faulty 
TENS Machine,,,TENS probe were broken,Broken probe were reassembled used
Oximeter,,,power was not working,"Inspected and verified battery faulty, we changed the battery connectivity plate"
Oximeter,,,battery cover was missing so functionality was decreased.,used tape as a temporary battery cover.
TENS Machine,Sunmed,,4 pair of TENS's Probe was broken ,soldered and repaired and also we provided the guidence.
ECG Machine,Philips,Page Writer,Artifacts in ECG Wave- probe was not placed properly with enough gel.,Inspected and checked with ECG Simulator.
Ventilator,Hamilton,C3,No Ventilator was in stanby,Ventilator was made stand by
Infant Radiant Warmer,Shreeyash,,Unable to power on,Inspected and check all the voltage found switch to be faulty. switch was replaced
Blood Gas Analyzer,Instrumentation Laboratory,GEM3500,Showing PCO2 Alaram.,Issue was addressed and concluded that the cartridge needs to be replaced.
Agitator,Meditech,,Concern about the Agitator temperature  that it  wasn't maintain in between 20-23 degree,Temerature measurement analyzer was used to determine the internal temperature of the Agitator adn found the internal temperature was in between the range of 20-23 degree
OT Light,Balaji Surgical,,OT 1 one  board panel  was taken by the company(Zenith Surgical) for the repairement/ replacement,Vendor was contaced and new board was replaced yet the outer touch panel is about to come from the company
CO2 Insufflator,,W 30A,Unable to Pass the CO2 gas from the Machine,Inspected and setting was shifted to CO2. But it was suppose to be in Air
Laryngoscope,,,Light wasn't glowing in full intensity ,Battery volatge was measured found to be low. requested for the replacement
Laryngoscope,,,Light wasn't glowing in full intensity ,bulb wasn't inserted properly 
Fumigation Machine,,,Unable to Produce fumes,Inspected and found that that pipe connection was broken
Laryngoscope,,,Adult set Larygscope wasn't glowing,Inspected and found the internal connection of the larygscope was broken. 
Nebulizer,,,Power on issue.,Switch was completly blown out and the switch was replaced
Ventilator,Hamilton,C1,General Maintenance required,General Maintenance was performed
Ventilator,Hamilton,C1,General Maintenance required,General Maintenance was performed
Syringe pump,Mindray,Benefusion,Showing Error 408,Inspected and cross veriifed the issue and resolved the problem by readjusting the connection in presure sensor
C-Arm Machine,Siemens,Multimobile 5C,Showing erroe COD 303 and indication of high temperature.,Inspected and vendor has taken the Main board. Tube was replaced
Syringe pump,Advanced,,Broken Clamp,Broken clamp was reinstalled and checked
Central Monitoring System,Philips,Efficia CM120,No power On Monitor,Loose cabel was maintaned and tightened
Lithotripter,DMS,,Installation was requested to peformed,Installation was completed along with air compressor and oxygen cylinder
Infusion Pump,JMS,OT 701,Alarm of empty ,Crossed verified drip sesnor was reinserted properly
Infusion Pump,JMS,OT 701,Was requested to check,Chcekced and found working good
Dialysis Machine,Baxter,AK98,"Frequent Alarm regarding DIVA/TAVA TEST ERROR, DIALYSIS PRESSURE OUTSIDE LIMITS","Maintenance efforts were performed, including the replacement of the O-ring which did not resolve the error. Upon inspection of the DIVA (Digital Venous Access) and TAVA (Total Access Venous Assist) test errors, it was observed that the machine has exceeded its operational limits without undergoing the necessary preventive maintenance (PM), which is required every 2 years or after 6,000 running hours whichever comes first."
USG Machine,GE,Versana Premier,"The ultrasound machine displays a black, unresponsive area on the image after using the probe.","After thorough testing, it was observed that the ultrasound machine displays a black, unresponsive area on the image when using the linear probe. The cardiac and curvilinear probes were tested and are functioning correctly, producing clear images. This suggests that the issue is isolated to the linear probe, likely due to faulty transducer elements or internal damage. Specialized repair or replacement of the linear probe is recommended to resolve the issue."
ENT Suction Machine,Jull Surg,,Suction not working properly,Clog was formed between two junction of the point. Clog was cleaned and reattached the pipe
Electrosurgical Unit,,DT 400P,Foot switch not responding to coagulation,Inspected and found one wire to be faulty of coagulation to the end of the machine. Faulty wire was replaced and resoldered properly.
CTG,,,No sound and reading of fetal heart rate,Inspected the machine crossed verified the machine with doppler yet no sound. Crossed checked with another patient clear heart sound and reading too. Concluded to be the faulty with the patient.
CO2 Insufflator,Advance,ADVANCE 30 L,Installation required,Installation was performed and made it working
Laryngoscope,,,No.3 Laryngscope base lock  position was displaced and was't in use.,No.3 lock was replaced from the old set of Larygscope. Made one functional unit.
Ventilator,Mindray,SV600,Leakage value was up to 145ml/min during circuit test,Inspected and found that circuit wasn't completed. Distall water was set up and performed the circuit test leakage was reduced to 0
Syringe pump,Smiths Medical,Graseby C9,Display issue. On half way of the infusion of the medicine display goes white.,Display was crossed verified and was replaced from the damaged one ICU040
Ventilator,Hamilton,C3,Showing Alaram of low oxygen,Guidance was provided on operating the ventiator by bypassing the O2 cell
Nebulizer,Optima Care,,Piston was misplaced from the motor position, Misplaced pistion body was accurately replaced in the positon and checked the functionalit of the Nebulizer
Chest Vibrator,Thrive,,3 pin plug was broken,Broken 3 pin plug was replaced and checked
Chest Vibrator,Thrive,,wire connection was broken from the end of the Vibrator,Broken cabel was readjusted and check the function
Humidifier,Pigeon,,system was freez due to over heating,System was reset internally and checked the functionality
ECG Machine,ECGMAC,EM 301,No ECG graph while recording data of the Patient,Loose cabel connection to the end of the ECG Machine. Loose nut were tightened and checked machine is working fine.
Autoclave,,,Door opening issue due to unreleased pressure of gas,Door lock was rinsed with WD40
Humidifier,VADI,VH3000, Not enough heating and number 4 was on display.,inspected and found Heating mode was off.
Colposcope,Lutech,LT-300SD,Unable to capture the image of Colposcope in monitor.,Inspected found to be Operational issue while entering the data. Issue was addressed and solved
Syringe pump,Mindray,BenefusionSP3,locking nut were broken from all sides.,Loose nut were reinserted in their specific position
Defibrillator,Mindray,BeneHeart D3,"Continuous blinking of the Cross indicator
",Upon inspection Test pass was required and performed the test pass.
Infant Radiant Warmer,Shreeyash,,Board switch and light switch not responding to the power issue.,Inspected and checked all fuse to be fine. power voltage was crossed checked and foun the end of fuse wasn't connected properly.
ENT Suction Machine,Jull Surg,,Suction not working properly and not responding.,Inspected and found that the pipe near to suction jar was damaged. damaged pipe was replaced.
Patient Monitor,Schiller,Truscope ultra Q7,Broken ECG led,Broken ecg cable was replaced with new ecg led
Infant Radiant Warmer,Shreeyash,,Warmer display switch and light switch not responding to power was addressed. Issue on fuse holder was encountered .,Fuse was checked and fuse holder was ceaned and readusted properly.
Infusion Pump,JMS,OT-701,"Trigering continuous alarms, IV set was faulty  ",Standard value 20 was set for the IV set
Patient Bed,,,Bed wheel not being to lock,Issue was addressed and solved by reconnectiong the broken parts
Mattress Inflator,Niscomed,,Broken cabel leading to malfunction of machine,Broken cabel was reconnected properly
Mattress Inflator,Niscomed,,Unable to Inlfate the matress,"Rotating kob was set in minimum, setting was set in maximum"
OT Light,Balaji Surgical,,Touch board was not installed ,Touch bpard was installed and verified working
CTG,,,Rotating knob was not responding,Debris in rotating knob was cleaned verified  working
Autoclave,,,slow heating of water. Heating rod was damaged.,2 Heating rod was replaced
Mammogram,Allengers,Venus,There was a problem with the smooth operation of UP and DOWN button  and foot switch.,The signal triggering relays ere traced and voltage was measured adn verified
Colposcope,Lutech ,LT-300SD,Issue with not being able to print the report.,Settings for print were adjusted
Infant Radiant Warmer,Shreeyash,,Power on button didn't respond.,switch connection was restored by soldering.
Patient Bed,,,Patient bed slide down funcion malfunctionin due to missing screws.,screw and nut were replaced.
CTG,,,Unable to print the paper.,Printer roller was fixed in it's original position
ECG Machine,,PageWriter TC20,printing more pages with interpretation. settings changed,setting were adjusted for measurement only
CTG,,,Doppler probe loose that led to loss of noise,probe was inserted properly and was verified working
BIPAP,Philips,Respironics,Language settings was changed,Standard Settings was retained and set. Machine is full functional.
BIPAP,Philips,Respironics,Language settings was changed.,Standard Settings was retained and set. Machine is fully functional.
Syringe pump,Smiths Medical,Graseby TMC9,Pump showing error of plunger open,Plunger and syringe clamp was readjusted properly and restart the machine. Multiple test was run.
Phototherapy,,,2 bulb of Phototherapy Machine wasn't glowing.,Connection were checked and loose connection was restored.
Blood Gas Analyzer,,GEM 3500,ABG Machine failed to calibrate the PH while remaining the 136 samples out of 300. where  Cartidge expiration was in about 20 days,Consult with the vendor and Cartridge was replaced
Mattress Inflator,,,Machine not being able blow the air,Machine was inspected and found the motor to be faulty.
Patient monitor,Philips,IntelliVue,BP cuff didn't show reading.,Inspection and cross verification was performed and we found out BP cuff was incompatible and should be replaced.
Patient monitor,Philips,IntelliVue,BP cuff didn't show reading.,Inspection and cross verification was performed and we confirmed BP cuff was incompatible.
Autoclave,,,3 heating rod was damaged completely,"3KW ,3 pieces heating rod was replaced and checked"
Blood Gas Analyzer,Instrumentation Laboratory,GEM3500,Showing PH Alaram. While remaining of 136 test out of 300. The Expiration date of cartidge was in 10 days.,Issue was addressed and concluded that the cartridge needs to be replaced.
Ultrasound Therapy,,,Ultrasound therapy probe not responding,
Defibrillator,Mindray,Beneheart D3,Pre op test was reuired,pre op test was performed
Ventilator,Hamilton,C1,Flow sensor disruption,Flow sensor was flipped in correct order
Syringe pump,Advanced,SP-200,Syringe clamp was detached from  its position.,"Machine was inspected and the position of the clamp was verified. After that we placed the clamp n its correct position. We also performed calibration and after confirming that the machine was completely functional, we dispatched the machine to ICU."
Ventilator,Hamilton,C1,Requested for new flow sensor placement and calibration.,Flow sensor was installed and calibration was performed. User guidance was given.
Infant Radiant Warmer,Shreeyash,,"Power on issue and because of that, the switch was burnt.","We inspected the power issue, and calculated the current drawn by the load. After that, we also replaced the 3A fuse by a 2A fuse and observed the circuit operation. Following the observation, we concluded that the fuse has no signigance on the power issue, so we properly placed the input and output connections and soldered the wire. "
Patient Bed,Tmotion,,Problem with the movement of bed. Issue with the power board.,We first checked the connections and power supply. We also checked the continuity of the circuit. 
ECG Machine,ECGMAC,EM301,Print was faded.,"We cleaned the thermal head and after that we cross-verified whether there was a problem in the ECG paper with another paper. On, cross-examination it was found that the paper had expired. Hence, we replaced the paper."
CTG,Shenzhen Osen Tech,OSEN9000E,Issue with the sound transmission from the transducer.,User guidance provided to set the volume to audible range.
Patient Monitor,Philips,Efficia CM120,Problem with ECG waveform due to noises and interferences,"First we inspected whether the notch filter was turned on or not. On inspection, we found that notch filter was turned off. So, we turned on the notch filter which in turned produced ECG waveform without interfernces. User guidance was also provided."
X-Ray Machine,Allengers,MARS3.5,"Collimator was displaced , due to which it was difficult to focus at a particular region.","First we inspected what really was the problem with the collimator. On inspection we found that there was a problem with the window. So, we unscrewed the components and found that the wire had been displaced from its original position. Thus, we placed the wire in its correct position and reconnected the components."
C-Arm Machine,Allengers,HF49R,Problem with image quality.,We first insured that the earthing is good and then cleaned the CCD which in turn enhanced the image quality.
Sphygmomanometer ,,,Manometer dial was not in correct place.,We first inspected the manometer dial and placed it in the correct order.
Sphygmomanometer ,,,Manometer dial was not in correct place.,We first inspected the manometer dial and placed it in the correct order.
Syringe pump,Smiths Medical Grasby,C9,Issue with automatic on and off during infusion.,Machine was inspected and found attached battery was depleted below knee voltage. Battery was replaced from the other damaged syringe pump and made the machine functional.
Nebulizer,NISCOMED,,The plug was broken.,The problem with broken plug was addressed.
Ventilator,Hamilton,C1,Flow sensor broken,"We first tried to glue the broken part of the flow sensor and then performed calibration. On calibration, the flow sensor test failed. So, the flow sensor had to be replaced. "
Infant Radiant Warmer,Shreeyash,,"Power on issue and because of that, the switch was burnt.",We repaced the switch and properly connected the wires.
ECG Machine,Philips,Pagewriter TC20,Incorrect date and time shown on display.,We corrected the date and time.
USG Machine,GE,Versana Premier,Linear probe not working properly. Artifacts seen in color doppler due to which the image of the blood vessels was not clearly visible.,"First we cleaned the filters. We inspected whether the linear probe was working properly or not. On inspection, we found that there was a problem in piezoelectric crystals. We changed the connection of the probes and inspected the probe functioning in color doppler mode. However, the image was not clear in color doppler."
 View Box,,,Problem with 3 pin connector.,We replaced the 3 pin connector.
ECG Machine,Philips,Pagewriter TC20,The ECG electrodes had become loose.,We tightened the connections and machine is fully functional.
Ventilator,Hamilton,C1,Handover stating problem with O2 supply fail,Circuit was passed and started ventilation in CMV mode. Tidal volume value were verified with VT analyzer. Supply of oxygen was accurate.
Patient Monitor,Schiller,Truscope Ultra Q7,ECG Lead Graph 1 was showing inverted.,ECG settings was adjusted by comparing with other paient monitor. When setting of ECG lead was changed to lead 2 the graph is good.
ECG Machine,ECGMAC,EM 301,ECG setting was changed and unable to get te standard graph.,Setting was adjusted to defalut.And checked the ECG waveform.
ECG Machine,Philips,PageWriter TC20,ECG print was not clear.,We cleaned the thermal head and performed diagnostic tests.
Patient Monitor,Philips,Efficia CM120,Artifacts seen in ECG waceform.,"First we inspected the problem and found that the notch filter was not turned on. On turning on the notch filter, the waveform was clear. User guidance was also provided."
C-Arm Machine,Allengers,HF49R,Foot switch not working.,"First we checked the continuity and found that connection was not continuous. So, we reconnected the wires by soldering and the device was made functional."
Sphygmomanometer ,,,Manometer dial was displaced.,We placed the manometer dial at its correct position and made sure that the device was working properly.
Sphygmomanometer ,,,Inflation bulb was displaced.,We placed the inflation bulb at its correct position.
Ventilator,Hamilton,C1,Low tidal volume was shown.,"We first inspected the device and performed pre-op tests. Leak tests failed,due to which the device was showing low oxygen. We found that the air was leaking from the flow sensor and we glued the flow sensor. Preventive maintenance was also performed."
ECG Machine,ECGMAC,EM 301,ECG waveform was flat,ECG signal test was done.The wires were not properly placed due to which the waveform was flat. Provided user guidance.
Ventilator,Philips,V200,Upon daily round we found ventilator  filter had all the dust. And was in need of General maintanence,General maintanence was performed and performed the SST and EST test.
Centrifuge,KREW,,Unable to open the chamber cover,Machine was inspected and provided guidance on how to open the cover
Syringe pump,Smiths Medical,GrasebyC9,Automatic on and off while infusion,on inspection we found out ribbon cable was slightly misplaced from it's orginal position. we fixed that problem and we charged the machine and re-calibrated it and made functional
Syringe pump,Smiths Medical,Grabesy C9,System error as per nurse,On inspection we found syringe pump was on working condition. we performed infusion test and calibrated it and it was properly working.
Ventilator,Hamilton,C1,Flow sensor unable to calibrate,While inspection we found out that the compatible flow sensor had the manufacturing default in it. Orginal flow sensor was used to calibrate.
Ventilator,Philips,V200,showing Apnea Alaram while patient breathing is 20BPM and Apnea alaram setting is at 20s. ,"General settings were changed. General maintanence were performed.SST and EST test were performed. while doing EST Exhalation valve and Heated filter Valve test failed. Displaying code 3131 ,2131 "
Laryngoscope,,,Laryngoscope bulb was dim.,We inspected the problem and we checked the battery voltage and cleaned the sensor.
Patient bed ,,,Bed was not moving.,We inspected the problem and found out the wire connected to power supply was obstructed by the side frame. We aligned the wire and checked the connection and it was functional. User guidelines was provided to the nursing staff.
CTG,Shenzhen Osen Tech,OSEN9000E,Loose cable connection due to which sound was not coming.,The machine was first inspected and we found that the cable connection was loose. The connection was tightened and the device was made functional.
Defibrillator,Philips,Efficia DFM100,,Operational check was performed to ensure that the device was functioning properly.
Defibrillator,Mindray,BeneHeart D3,,Routine test was performed to ensure that the device was working properly
ECG Machine,Philips,PageWriter TC20,The lead wires were mixed up together which caused artifacts.,The wires were separated and the device was made functional. User guidance was provided to clean the suction electrode.
Patient Monitor,,,The wire had separated from the connection and the LED and photodetector had also come apart.,We inspected the device and checked whether the wire can be connected or not.
Spirometer,,,The software was not showing the start option. ,We inspected the device and found that the part of the spirometer has weared down. And on replacing the particular component the software showed the start option.
Defibrillator,Mindray,,Daily preop test was required.,Daily preop test was performed.
Defibrillator,Philips,Efficia DFM100,Pre op test was reuired,Pre op test was performed and kept the machine in stand by
Defibrillator,philips,SMART Biphasic,Machine was return back to Store.,While inspection found that the battery was completely drained out below its knee voltage. We kept the machine overnight in AC to revive  the drained out Battery. Yet  Battery couldn't charge upto its nominal voltage.
Ventilator,Hamilton,C1,"Exhalation Obstruction while ventilation.,low VT
Unable to Calibrate the flow sensor.","Flow sensor lekage was passed, and calibration was performed and made the Machine functional."
Syringe pump,Smiths Medical,Graseby TMC9,User training was required,Operational guidance was provided to the staff
Syringe pump,Smiths Medical,Graseby TM C9,Automatic on and off,"The device was first inspected and the voltage of battery was checked. So, we charged the device for few minutes and used to ensure that it was working properly. It was later confirmed that the problem was due to insufficient charging. The device was made functional and user guidance was provided."
Syringe pump,Smiths Medical,Graseby TM C9,Automatic on and off.,"The device was first inspected and the voltage of battery was checked. So, we charged the device for few minutes and used to ensure that it was working properly. It was later confirmed that the problem was due to insufficient charging. The device was made functional and user guidance was provided."
Syringe pump,Smiths Medical,Graseby TM C9,Automaic on and off.,"The device was first inspected and the voltage of battery was checked. So, we charged the device for few minutes and used to ensure that it was working properly. It was later confirmed that the problem was due to insufficient charging. The device was made functional and user guidance was provided."
Sphygmomanometer ,,,Manometer dial was displaced.,We placed the manometer dial at its correct position and made sure that the device was working properly.
Sphygmomanometer ,,,Manometer dial was displaced.,We placed the manometer dial at its correct position and made sure that the device was working properly.
Sphygmomanometer ,,,Manometer dial was displaced.,"We placed the manometer dial at its correct position. However, there was a leakage in the cuff itself."
Central Monitoring System,Philips,Efficia CM120,No signal was displayed.,"First we inspected the system and reconnected all the connections. The device turned on however, the license key was not connected. So, we properly connected the key a the USB port. But still, it showed network error and the parameters were not shown on the CMS. We checked the LAN connections and properly reconnected the connections. The system then showed the parameters from the patient monitor."
Ventilator,Leistung,LUFT 3 ,Circuit test was passed for neonat.User training for the operations was provided to the Nurse.,
Ventilator,Mindray,SV600,Unabel to test pass the flow sensor.,"While inspection found the flow sensor was broken and had leakage from the point of breakdown.  
The connection to the differential flow sensor was ensure properly. And tested with the Ventilator. Circuit  test and flow sensor test was passed. Kept the machine in standby."
Syringe pump,Smiths Medical,Graseby TM C9,Syringe pump was dropped in night shift as per ICU Incharge ma'am. And was beeping continuously while it was handover to us.,Upon inspection found Machine display borad was detached from the main pump. We check the ribbon cabel continuity but it had the broken connection between pins and the machine couldn't be turn on.
ECG Machine,Philips,PageWriter TC20,,"As a part of preventive maintenance. Emergency ECG was under went to 1.Touch calibration test (Manual calibration)
2.Lead wire shortage test
The test was successfully passed. And machine is working fine."
Fumigation Machine,,,Fumigation Machine unable to power on.,"we ensure all the wire are intact. Voltage drop were measured and  found to be in range.Further moving to the motor part found commutator was eroded completely and no area for brush to intact. 
Remarks:So concluded machine commutator need replacement."
Syringe pump,Smiths Medical,Graseby TM C9,issue with display,2 pieces of Syringe pump from store.Having issue with poor display visual was repaired and was hand over to the store departmet.
Syringe Pump,Smiths medical,Graseby C9,Poor display quality.,we changed the display with another one and handover it to the store department
Syringe Pump,Smiths medical,Graseby C9,calibration was needed for the device.,we performed the calibation and handover to the store department.
Mammogram,Allengers,Venus,"No response of button,no exposure except ON ad OFF.","All motherboard were retraacked properly,ensure all cable were attached and havecontinuity.Loadshell was adjustred to the position properly.Emergency switch were reconnected and crossed checked. Tube connection were ensure,collimator light connection to switch was repaired,voltage were rechecked.machine is made fully functional. Exposure and all other button are ensure working properly."
ECG Machine,ECGMAC,EM 301,Unable to get the ECG wave form.,ECG lead resistance were measured. Lead shortage test was erformed and found shortage at V3. the lead damage was confirmed with the ECG simulator. while using ECG simulator no graph was obtained confirmed. ECG lead is damaged and need replacement for fully functionality of the machine.
Ventilator,Philips,V200,Ventilator was unabel to pass circuit test.,Circuit was checked.SST and EST test were passed succesfully and requested for use.
ECG machine,philips,Page Writer TC20,Unable to get ECG graph.,"Upon inspection found physical damaged in the Lead wire. Further test of Lead shortage found Neutral lead to be shortage. Further simulator was also used for confirmation, no ECG graph was found to be obtained."
Syringe pump,Smiths medical,Graseby C9,System error problem as per nursing staff.,Upon investiation we didn't encounter such problem and hence calibrated the machine properly and was handover to the ICU department.
Ventilator,Hamilton, C3, Issue with the low tidal volume ,Issue was addressed and  has been resolved ensuring full functionality of the machine.
Patient Monitor,Philips,Effcia CM120,Installation was required,Installation of machine was done in the respective department. All the neccesity setting were performed and kept the monitor in stnadby mode.
Ventilator,Philips,Triology Evo,Ventilator was installation and operational training was required,"Ventilator operational training was provided to all the nursing saff of the Emergency department. Training was provided on how to calibrate the Circuit, Select the modes"
ECG Machine,,,No standard ECG waveform.,"On, inspection it was found that the settings was changed and we changed it back to default settings. Cross- verification was also performed."
Ventilator,Mindray,SV-600,Tubing of flow sensor was displaced.,The tubing was re-aatched and a second tubing was used to properly secure it to its correct position. 
Ventilator,Hamilton,C1,Displaced tubing of flow sensor.,We re-attached the tubing to its correct position.
Glucometer,,,Blood droplet was not detected and was showing error 2 and 3.,We indentified that the problem was system error and the device was discarded.
Mammogram,Allengers,Venus,The collimator light was not in its correct position.,The collimator light was placed in its position and realigned to properly secure the light. 
Fetal Doppler,BPL,,The insulation was worn out.,The connections was inspected and insulation was done.
Colposcope,Lutech ,LT-300SD,Issue with no image on the screen.,"Issue with no image on the screen was assessed and loose connections was the problem. So, we properly connected the wires and the problem was resolved."
Ambu Bag,,,The valve on the patient side was displaced. ,"So, we assessed the correct position of the valve and the valve was placed in proper position."
Blood Gas Analyzer,Instrumentation Laboratory,GEM3500,Failure to properly accept the replacement catridge showing error prompts.,"ABG machine was unable to take the Cartridge and calibrate the value. Analyer was rebooted, cleaned off ithe acumulated dust from the cartridge chamber and connectors.Installed the cartridge and initiated a warm-up process, which completed successfully after approximately half an hour. Despite successful warming, the system reqested for CVP itesting,  a calibration valiation.  Vendor provided the new barcode which was scanned later and the machine took the barcode successfully. Calibration was done and made the machine fully functional."
Blood Bank Refrigerator,Remi,BR-50,Blood bank refrigertor was initially showing the door alarm while the door was closed.,Upon inspection found the door handle was loose. Further diagnosis revealed the door sensor had debris. so after assessing all the revealed problem we confirmed the proper functionality of the machine. The sensor is functional and doesnot show the error alarm.
Nebulizer,,,"The nebulizer device was not powering on, rendering it inoperative and unavailable for use in the cabin","on inspection, noted that the device's power switch responded inconsistently. Found no visible damage to the wiring or other electronic components, narrowing the fault to the power switch as the primary cause of the issue. Carefully removed the faulty switch and replaced it with a new one. conducted multiple on/off cycles to ensure that the device was operating succesfully."
ECG machine,ECGMAC,EM 301,ECG machine wasn't displaying the standard graph of the patient.,we ensure the proper connection of the ECG Leads and verified the working of the machine after successfully tested with patient.
Patient Bed,,,The remote control was not responding.,"Upon inspection, it was noted that the power box cables were tangled, potentially restricting connectivity, power flow and remote control response. carefully untangled the cables to avoid any wear or damage due to tension. inspected each cable for visible signs of wear and securely connected them to the appropriate terminas on the power box. pressed each button on the remote repeatedly to test functionality. Then, the power box was fixed at a stable location."
OT Light,,,OT light wasn't stationary while operation.,on inspection the issue with loose light arm was revealed due the nut bolt that was misplaced frm it's position. the nut to the end of the Arm was fastend tightly ensuring static moility of the light arm.
X-Ray Machine,Allengers,Mars 40, X-ray machine's collimator light and timer card were malfunctioning.,"The bulb itself was working correctly, but the electrical pathway to the bulb was faulty.The components on the timer card were intact, but the circuit was disrupted.o ensure continued machine operation, a bypass was installed, directly connecting the collimator light to a toggle switch.
"
Blood Gas Analyzer,Instrumentation Laboratory,GEM3500,Machine not being able give the derived data of the patient. Showing incalculable.,"Upon inspection found that the machine was well calibrated,so requested to run another sample of same patient. Ensuring no bubble in the blood sample. All the values were displayed perfectly indicating machine functioning properly."
C-Arm Machine,Allengers,HF49R,Continuous Exposure During Operation.,"Upon examination, it was discovered that the continuous exposure was due to a malfunction in the foot switch.he foot switch was disconnected and carefully disassembled to gain access to the wiring.o prevent any future contact, the were reconnected  and secured using heat shrink tubing. After the repairs were completed, the foot switch was reattached to the C-Arm unit."
OT Light,Balaji Surgical,,Incharge reported both OT light we're not working.,"While inspection we found the Light were not responding. First we ensure ASMPs were delivering required voltage for the board. Later the outgoing connection of the light from the board were reconnected properly. Both connection of the ASMPs were assessed properly and rewired ensuring full functionality of the both OT light.
Current condition:Both light are fully functional."
Infusion Pump,Mindray,Benefusion VP3,"Due to short-circuit,the device was non-functional.","The infusion pump was inspected and found that short circuit  had led to a broken pin in the device's power socket.he device was carefully opened, and the faulty power socket was examined. Since the damaged socket could not be repaired, a compatible socket was sourced from a non-functional syringe pump. This part was carefully removed from the syringe pump, ensuring it was in good working condition. The replacement socket was securely installed in the infusion pump and the device was connected to the power supply to verify whether the device was charging or not. The device was made functional."
Central Monitoring System,Philips,Efficia CM120,Bedside patient monitor's parameters not displayed on the CMS.,"First we inspected the connection hubs and found that green indicator light on the connection hub which signifies secure connection was not illuminated. So, we properly secured the connection on the respective ports on the hub and the bedside parameters were displayed on the screen."
Ventilator,Hamilton,C1,FiO2  could not be manually adjusted.,"We first inspected the device and identified that the problem was with the system configuration, So, we changed the mode from LPO to HPO which enabled the manual adjustment of FiO2."
Ventilator,Hamilton,C1,Oxygen supply failed.,"The ventilator was inspected and checked the error rompt displayed on the screen to see possile causes of the error. First and foremost, the main cause could be that the ventilator was not properly connected to the oxygen source. So, we properly connected the ventilator to the oxygen source and the problem was resolved."
Syringe Pump,Smiths Medical,Graseby TM C9,"System error-09, Device unresponsive","Upon initial inspection, it was observed that the medication had spilled over the ribbon cable and the internal components. We carefully removed the ribbon cable and cleaned the cable and other parts, and the ribbon cable was connected to the device. After that, the device was powered on and the system error was no longer displayed and buttons were responsive as well."
CTG,Shenzhen Osen Tech,OSEN9000E,Unable to print the graph.,"Initial inspection revealed that no recordimg was being captured at the time of incident, as indicated by the review of the previous records. To address this, we initiated a new recording session and once the recording was active for certain duration, the device successfully printed the graph. The issue was operational issue and user guidance was provided."
USG Machine,GE,Versona Premier,Stiff movement of track ball.,The debris within the track ball was cleaned thoroughly. And reinstalled properly ensuring smooth movement of the ball.
Drill Machine,Manman,,Orthopedic drill machine hand piece was stuck in one position.,The hand piece was carefully diassembled and separated the stuck portion. 
Ventilator,Hamilton,C1,O2 cell calibration failed,Ventilaor failed to pass the o2 cell and upon inspection found that O2 cell was expired. So concluded that it need replacement. O2 Cell was replaced and test passed the calibration.
Patient Bed,,,"The patient bed was unresponsive rto the remote, and the bed was not functioning.","Upon inspection, we found that the cable connecting the power box to the power supply had sustained damage and was broken. The damaged cable was reconnected and insulated. The power box displayed a green light indicating secure connectiomn."
Sphygmomanometer ,,,The manometer dial was dispalced and the connecting tube showed signs of wear and damage as well. ,"The manometer dial was dispalced and the connecting tube showed signs of wear and damage as well. So, we positioned the dial at its correct position and removed the damaged section of the tubing and reconnected the tube to the manometer dial and BP cuff."
Sphygmomanometer ,,,Th enusring staff had reported that the BP cuff was not functioning.,"On inspection, we found that the inflation bulb was missing and could not be found. So, the BP cuff had to be replaced."
Defibrillator,Mindray,Beneheart D3,Pre-op user test was failed and as indicating cross-sign contimuously.,Required user test was conducted and passed successfully. Making defibrillator suitable to be used clinically.
Ventilator,Hamilton,C1,The nursing staff reported that the flow sensor was not working.,"First we tried to calibrate the sensor and the sensor could not be calibrated on multiple attempts. We even tried to calibrate the flow sensor on other ventilator and still the flow sensor could not be calibrated. So, we concluded that due to long term use the flow sensor had degraded."
Ventilator,Hamilton,C1,The nursing staff reported that the flow sensor was not working.,"First we tried to calibrate the sensor and the sensor could not be calibrated on multiple attempts. We even tried to calibrate the flow sensor on other ventilator and still the flow sensor could not be calibrated. So, we concluded that due to long term use the flow sensor had degraded."
Nebulizer,,,Nebulizer not working properly.,"The nebulizer was inspected and found that the nebulizer was not producing mist effectively. So, we lubricated the motor and fan and cleaned the internal compartments. Hence, the nebulizer delivered the mist effectively."
Nebulizer,,,Nebulizer not working.,"The nebulizer was inspected and found that it could not be powered on. We checked the continuit of the switch and found that the swith was operatng properly. Then, we checked the continuity of the cable and found discontinuity in the cable. So, we reconnected the cable and cleaned the dust that had accumulated in the internal compartments. On plugging the device to the power supply, the device turned on."
Nebulizer,,,Nebulizer not working. ,"The nebulizer was inspected and found that the wire had been disconnected from the plug. So, we reconnected the wire to the plug and connected the device to the power supply. The device could be turned on."
Syringe Pump,Mindray,BenefusionSP3,The syringe pump was working properly.,The device was inspected and found that the device had to be calibrated. The device was successfully calibrated and the device was tested by adjusting the values of parameters like rate and VBTI. The device functioned properly and delivered the set amount of VBTI.
ESU,R.M. Medical,,Detachment f patient plate plug.,The plug attachment had broken down and due to which the patient plug had detached from its original position. The patient plug had been glued and fixed with the help of screws and washers. The ESU unit was made functional.
Nebulizer,,,Nebulizer not working properly.,"The nebulizer was inspected and found that the nebulizer was not producing mist effectively. So, we lubricated the motor and fan and cleaned the internal compartments. Hence, the nebulizer delivered the mist effectively."
Syringe Pump,Mindray,BeneFusion SP3,Constant alarm during the operation.,"The device was inspected and was calibrated. Even after calibrating, the pump produced alarm indicated infusion interrupted. So, we reset the seetings to factory default settings and performed the accuracy calibration. On doing this, the pump didnot produce alarm indicating infusion interrpted in the middle of the delivery."
Blood Bank Refrigerator,Remi,BR-50,The refrigerator showed door open alarm.,"Upon inspection found that the door handle was loose as a result of which the door did not make a contact with the sensor. The door handle was tightened and fixed with the help of a screw. The sensor was cleaned as well. After fixing the door handle, the door closed properly and did not show door open alarm. The refrigerator could maintained the required temperature."
Blood Bank Refrigerator,Remi,BR-50,The green light indicating the door closed was not displayed on the door.,"On inspection, we found that the sensor detected the door closed however, the green light indicating the door closed was not clearly displayed on the screen. Further inspection revealed that wire  had become loose and due to which the light was not displayed clearly. And it was also observed that the display was flickering. So, we joined the wire connections by soldering. On doing this, the green light was displayed clearly and the display was also not flickering."
Nebulizer,Niscomed,NB-117,The nebulizer was not working.,"On inspection, we found that the power plug had broken and was replaced by a new one. Then, the device was connected to the electrical supply and the device functioned properly."
ECG Machine,Philips,PageWriter TC20,The nursing staff had reported that the lead V5 was not working.,"The lead was visually inspected and diagnostic test was performed. No lead shortages were found. The waveform interference was performed in the water. So, we concluded that the problem was operational issue and user guidance was provided."
Blood Gas Analyzer,Instrumentation Laboratory,GEM3500,Calibration settings were changed into CPV mode which disabled the test of the sample.,Upon inspection found that during insertion of cartridge IQM was selected which disabled the test. same cartridge barcode was scanned but the machine couldn't detect it. so with vendor support new barcode was requested and scanned successfully and made machine fully functional.
Blood Bank Refrigerator,KREW,,Deposition of ice inside the refrigerator while the temperature was set in 4 degree.,"External  digital temperature clock was used to further study the behavior of the machine.later it was revealed that inside temperature is dropped below 0 degree while the display showed 4 degree. concluded, the temperature calibration was needed over the time. further we calibrated the temperature successfully and observed the data record by both digital clock and display, which was similar. Machine is functional for now but we have requested for the more observation until tomorrow to store blood sample."
Ventilator,Hamilton,C3,Oxygen leakage was observed from the connection knob at the ventilator's end.,"Upon inspection, it was identified that the oxygen leakage was due to an improprly secured connedctor.The connector was carefully disambelled, and the attachment was realigned and secured tightened. Following the corrective action, the ventilator was tested, and no further leakage was detected. the ventilator successfully passed the Pre- operational test, confirming it's functionality and eadiness for clinical use."
Nebulizer,NISCOMED,NB-117,Nebulizer was reported to have low output air pressure and heating of the transformer.,"Upon inspection, it was found that the switch connection was imroperly secured,causing inconsistent power supply, and there was significant dust accumulation on the air inlet and outletports,obstructing airflow and straining the compressor.To address these issues,the loose connection switch was properly re-secured, and the device was thoroughly cleaned, including the air inlet, outlet, and nebulizer knob connection points, to ensure unobstructed airflow.post-maintenance testing confirmed that the nebulizer was fully functional, with sufficient pressure output and no overheating issue."
Sample View Box,,,Reported unable to detect the crossed match sample.,Our inspection reveled that the problem occured was due to damaged light strips. We checked individual light stripes that confirmed the couples of light strips need replacement.Current condition: 2 light strip were made functional among 6.Following up to this process. We purchased the led strips and replaced the damaged one and made the machine functional.
Patient Bed,,,"Bed numbers 204 and 206, were found to be loose .","Patient Beds were found to be loose due to loose screw knots. The knots were promptly tightened,and the issue was resolved. Both beds are now functioning properly."
ECG Machine ,Biocare,iE 6,Sudden shutting down of machine while printing operating on battery.,Inspection reveled that the problem occured due to low battery power.Charged the ECG machine and it is smoothly operating on enough battery charge.
USG Machine,GE, Versona Premier,"Linear probe was damaged, the piezoelectric crystal were broken which was confirmed by vendor of GE too. And had suggested for replacement. ",New linear probe has been replaced successfully and checked the functionality too.
ECG Machine,Biocare ,iE6,Only 6 leads displayed during ECG operation. ,"Our inspection revealed that the issue was due to incorrect settings in the lead configuration, which was set to 6-lead mode. The configuration was adjusted to 12-lead mode. All connections were inspected, and operational parameters such as gain, paper speed, and filter settings were verified. The ECG machine is now functioning properly, displaying all 12 leads as required, and is ready for use."
Sphygmomanometer,,,The air release valve was over-tightened.,Loosened the air release valve and ensured its smooth and flexible operation.
Laryngoscope,,,Intermittent bulb glowing during operation.,"Upon inspection, the issue was identified as a faulty base connection and a loose bulb connection. The base connection was repaired, and the bulb was securely fixed. During this process, one bulb was found to be faulty and was replaced with a less frequently used one. A functionality check was then performed to ensure proper illumination. The laryngoscope is now functioning properly and is ready for use. However, a new bulb is required for the pediatric laryngoscope."
ECG Machine ,Philips,PageWriter TC20 ,"The machine displayed ""Out of Paper"" despite paper being loaded.","The ECG recording paper was improperly placed, causing a sensor error. The paper was reloaded correctly, and the sensor was checked. Test prints confirmed proper functionality.  The machine is now working and ready for use."
Blood Gas Analyzer,Instrumentation Laboratory,GEM3500,The ICU's Gem 3500 ABG machine is currently unable to calibrate the lactase due to a faulty cartridge. ,"To maintain uninterrupted service, a Wondfo ABG machine has been prepared as a backup after replacing its reagents.
Wondfo is fully functional."
TENS Machine,Sunmed,,The electrode lead wire jacks were damaged.,Repaired the electrode lead wire jacks and cleaned the rusted parts. Ensured that the lead wire is securely and properly fixed
ENT Microscope,Takagi,OM-5,The microscope's light bulb was reported as not working.,"Upon inspection, the microscope was found to have no power. Two fuses were blown.Further investigation revealed that the copper traces on the circuit board were also damaged. Additionally, two rectifiers were found to be faulty.
The damaged rectifiers were replaced, and the broken copper traces were repaired to restore connectivity.
After completing the board-level repairs, the microscope was powered on, and the light bulb's functionality was tested by adjusting the intensity."
Surgical Drill Machine ,Bosch ,GSR 120-LI  ,"The drill chuck arbor was stuck and excessively tight, with rusted internal components hindering smooth operation.  ","A bench vice was used to loosen the chuck arbor, and the internal components were cleaned and maintained using WD-40.The machine is now functioning smoothly and efficiently."
Mattress Inflator,Niscomed,,Wire connection was broken.,Repaired the wire connection and ensured the equipment is functioning fully.
Nebulizer,Niscomed,,"The power socket of the nebulizer was damaged, causing it to malfunction.
","The damaged socket was replaced with a new one, and the electrical connection was restored securely. The device was tested to confirm proper functioning."
Chest Vibrator,,,"The wire connection was found loose, causing the device to malfunction.  ",The loose wire connection was repaired by securing it properly. The machine was tested to ensure it operates reliably and meets functional requirements.  
BIPAP,BMC,RESmart GII (Y-30T) ,"The air supply pipe of the BiPAP machine was found damaged, resulting in airflow leakage and reduced functionality. ","The damaged pipe requires replacement to restore the machine's performance. The issue has been reported, and awaits replacement of the air supply pipe for proper operation"
Mattress Inflator,Gent-X,,The mattress inflator was reported to be npn-functional.,"The mattress blower was plugged into the power supply but could not be turned on. The mattress blower was disassembled to access the internal components. The disconnected wire was identified and securely reconnected to the power switch. After reassembly and testing, the mattress blower was successfully powered on and found to be functioning normally."
Patient Monitor,,,No ECG reading displayed on the patient monitor.,"The ECG cable was visually inspected and found breakages at multiple points. A continuity test further confirmed the loss of continuity within the cable. So, the defective ECG cable has to be replaced."
TENS Machine,Advanced TENS Therapy: Four Channel,dyno:pulse,Channel 4 was not producing a signal.,"A detailed inspection was conducted on the TENS machine after it was reported that Channel 4 was not functioning. The wire connected to the Channel-4 port had become disconnected, preventing signal transmission. The lead wires were also detached from their respective connectors, further affecting the device's functionality. The disconnected wire at the Channel-4 port was securely reconnected.
The lead wires were reattached to their respective connectors to ensure proper connectivity. After reassembly, the machine was thoroughly tested. Channel-4 functionality was verified by observing the vibration produced upon adjusting the frequency and intensity settings."
Nebulizer,Niscomed,,Nebulizer not functioning properly.,"The device was initially inspected and found that the device was not delivering the mist effectively.
The device was carefully disassembled and we found that significant dust had accumulated in the internal compartment. So, the internal compartments were cleaned. After cleaning and lubricating, the device was connected to the power supply and the delivery of mist was tested. On testing, we found that the device effectively delivered the mist."
Patient Monitor,Schiller,,The patient monitor was not displaying SpO₂ readings,"The initial investigation revealed that the SpO₂ probe was faulty due to a damaged sensor. So, the damaged SpO2 probe has to be replaced for displaying SpO₂ readings accurately."
Sphygmomanometer,,,The nursing staff had reported that the BP cuff was not functional.,"The BP cuff was thoroughly inspected for any air leakages.
No such leakages were detected in the cuff or tubing. The  hoop and loop closure mechanism was found to be worn out and no longer functional. Due to this, the cuff was unable to maintain a secure fit on the patient’s arm, leading to slippage and compromised performance during blood pressure measurement. So, the cuff needs to be replaced to restore its proper functionality and ensure accurate and reliable measurements"
Blood Gas Analyzer,Wondfo,,The machine displayed a notification indicating that the calibration solutions were expired.,"The expired calibration solutions were replaced with new reagents. Following the replacement, the machine was calibrated successfully and is now functioning properly."
Nebulizer,Optima Care,BC68002,Nebulizer not delivering medication effectively.,"The device was initially inspected and found that significant amount of dust had accumulated in the internal compartment. So, the internal compartments were cleaned. Additionally, lubricant was added to the motor and fan. After cleaning and lubricating, the device was connected to the power supply and the delivery of mist was tested. On testing, we found that the device effectively delivered the mist."
Electrosurgical Unit,, DT 400P,The cable of the Electrosurgical Unit (ESU) was found to be non-functional.,"Upon thorough inspection, it was observed that the issue stemmed from a disconnection of the cable at the point where it connects to the electrosurgical instruments. The disconnection had caused the cable to cease functioning.The disconnected wires were carefully reconnected to their respective terminals. After the reconnection, the repaired cable was securely attached to the ESU unit and the cable functioned normally."
Syringe Pump,Smiths Medical,Graseby TM C9,Automatic on and off.,"First the device was inspected to find out what really was the problem with the device. The voltage of the battery was checked and found that the battery had depleted. So, the depleted battery was replaced from another non-functional syringe pump. Then, the device was charged for few minutes and was tested to ensure that it was working properly.The device was made functional."
ECG Machine,Philips,PageWriter TC20,The nursing staff had reported an issue with V4 and V3 lead.,"The device was inspected and diagnostic tests were conducted to determine any lead shortages.
The result from the test revealed no such lead shortages. Additionally, the lead wires were also tangled up together which could have contributed to the problem as well.
So, user guidance was provided to the nursing staff."
Ventilator,Hamilton,C1,The nursing staff reported that the flow sensor was not working.,"First flow sensor was subjected to pre-operational checks  and the sensor could not be calibatred on multiple attempts. The sensors still  could not be calibrated in a different ventilator. So, we concluded that due to long term use ,the flow sensor had undergone fatigue and was non-functional."
USG Machine,Konica Minolta,Aeroscan, Black shadow artifacts were observed during use.,"The issue was diagnosed by inspecting each probe. A probe self-test was conducted, revealing no damage to the USG machine. The performance of all probes was verified in collaboration with the vendor and the ICU consultant. The issue has been resolved, and the machine is now fully functional."
Electrosurgical Unit,,Seal TUR,Installation of the machine was required for an in-vitro surgery.,"The new machine was installed, and pre-operational checks were conducted. The machine was set to standby mode. Both the Cut and Coag modes were tested during the surgery, which was successfully completed."
ECG Machine,Philips,PageWriter TC20,The nursing staff had reported that the V4 lead was not working.,"The lead was visually inspected and diagnostic test was performed. No lead shortages were found. The waveform interference was performed in the water. So, we concluded that the problem was operational issue and user guidance was provided."
Ventilator,Hamilton,C1,The ventilator was reported to have a low tidal volume delivery problem and high leakage percentage during operation.,"The exhalation port and diaphragm were found to have accumulated residue and other deposits. The air filters had also accumulated dirt.
The exhalation port and air filters were thoroughly cleaned to ensure unobstructed airflow.Despite cleaning, the ventilator continued to show issues with delivering the set tidal volume and a high leakage percentage.The ventilator was tested using a new patient circuit and a different flow sensor to isolate the issue.
The initial patient circuit and flow sensor were found to be defective. The defective patient circuit and flow sensor were replaced with new components. The ventilator was calibrated using a Fluke VT900 gas analyzer to ensure proper functionality. Now, the ventilator is fully functional and has been used for clinical purpos"
Patient Monitor,,,,Routine maintenance check was conducted on the patient monitor to ensure all critical components were fully operational.
Suction Machine,Jull Surg,,"The suction machine was reported to be malfunctioning, with inadequate suction performance, potentially affecting clinical operations.","The machine was thoroughly examined for potential leaks, blockages, or damage in the suction pipes. Pipe connections were evaluated to identify any loose fittings or wear-and-tear. All pipe connections were securely fastened using zip ties to eliminate the possibility of air leaks.
Post-maintenance, the machine was operated to verify suction performance and assess optimal functionality. The suction machine is now fully functional and ready for routine use in the ENT OPD."
Patient Monitor,Philips,Efficia CM120,An issue with the BP Cuff was reported.,"The BP cuff and its associated cable were inspected for any physical damage or wear. The fault was traced to the locking mechanism in the cable, which was not functioning as intended. The faulty BP cuff was replaced with a functional unit sourced from bed 104 in the Yellow Zone. The replacement was securely attached to the cable, ensuring compatibility and a proper fit. The patient monitor was tested with the new BP Cuff and the system was found to be operating at optimal functionality."
Patient Monitor,Philips,Efficia CM120,The BP Cuff was reported to be non-functional.,"The BP Cuff was thoroughly inspected and found a leakage in the cuff itself which was affecting the pressure reading. On replacing the cuff with another functional cuff, the BP Cuff performed optimally and provided accurate blood pressure reading."
Ventilator,Hamilton,C1,The ventilator was reported to have a low tidal volume delivery problem and high leakage percentage during operation.,"The exhalation port and diaphragm were found to have accumulated residue and other deposits. The air filters had also accumulated dirt.
The exhalation port and air filters were thoroughly cleaned to ensure unobstructed airflow.Despite cleaning, the ventilator continued to show issues with delivering the set tidal volume and a high leakage percentage.The ventilator was tested using a new patient circuit and a different flow sensor to isolate the issue.
The initial patient circuit and flow sensor were found to be defective. The defective patient circuit and flow sensor were replaced with new components. The ventilator was calibrated using a Fluke VT900 gas analyzer to ensure proper functionality. Now, the ventilator is fully functional and has been used for clinical purposes."
Sphygmomanometer ,,,The BP cuff was reported as non-functional.,"The air release valve was found to be fixed in position, making it impossible to tighten or loosen. This resulted in continuous air leakage, preventing the cuff from maintaining adequate pressure. The connection point of the inflation bulb was loose as well. The air release valve was adjusted and restored to its proper functioning condition, eliminating air leakage.
The inflation bulb's connection point was securely fixed to ensure a stable and airtight seal.
After the repairs, the BP cuff was thoroughly tested for functionality. The device successfully maintained pressure and provided accurate readings."
Laryngoscope,,,"Intermittent bulb glowing during use.
","Upon inspection, the issue was identified as a loose bulb connection. The bulb was securely fixed. A functionality check was performed to ensure proper functionality. The device is now fully-functional."
ABPM,Microlife,,Error 3 and error 2,"The ABPM device was thoroughly inspected for any visible or functional defects.The battery voltage was tested and confirmed to be within the acceptable range, ruling out power supply issues.A leakage in the cuff  was sealed to ensure proper air pressure maintenance during operation. Error 2, commonly triggered by patient movement or stiff arm was addressed. User guidance was provided to keep the patient's hand still, and relaxed.
The device is operational with the above issues addressed."
Ventilator,Hamilton,C1,"The ventilator was reported to have a low tidal volume delivery problem and high leakage percentage during operation.
","Initially, the patient circuit and flow sensors were calibrated and these passed the pre-operational check. Upon inspection,the exhalation port and diaphragm were found to have accumulated residue and other deposits. The air filters had also accumulated dirt. The exhalation port and air filters were thoroughly cleaned to ensure unobstructed airflow.
Following above steps, the ventilator was tested and it delivered the set tidal volume. Now, the ventilator is fully functional."
Ventilator,Hamilton,C1,The ventilator was reported to have a low tidal volume delivery problem and high leakage percentage during operation.,"The exhalation port and diaphragm were found to have accumulated residue and other deposits. The air filters had also accumulated dirt.
The exhalation port and air filters were thoroughly cleaned to ensure unobstructed airflow.Despite cleaning, the ventilator continued to show issues with delivering the set tidal volume and a high leakage percentage.
The initial patient circuit was found to be defective. The defective patient circuit was replaced with new components. The ventilator was calibrated using a Fluke VT900 gas analyzer to ensure proper functionality. Now, the ventilator is fully functional and has been used for clinical purposes."
Infant Radiant Warmer,Shreeyash,,The obervation lamp could not be turned on.,"Initially, the power switch was inspected and on checking the continuity, it was found to be fully functional. Then, the continuity in different connections were checked and no discontinuity in the wire was identified. Then, the input and output voltage to the board was also checked.The functionality of the different components on the board was also inspected . The two capacities were replaced. The bulb was found to have been damaged and has to be replaced to restore the functionality of the observation lamp."
Ventilator,Hamilton,C1,Flow sensor calibration.,The three new flow sensors were calibrated to ensure that they were fully functional. These sensors successfully passed the pre-operational checks and are ready for clinical use
Ventilator,Hamilton,C1, The nursing staff had reported that the flow sensor was faulty.,"The flow sensor was thoroughly inspected and found that the flow sensor had broken down into two parts. The flow sensor was repaired and was calibrated. However, the flow sensor failed the pre-operational check. So, the defective flow sensor has to be replaced."
HFNC,Fisher & Paykel,,The nursing staff had reported an issue with the HFNC machine.,"The device was thoroughly inspected and found that despite inserting the breathing circuit to the device, the device still showed check the tube prompt. So, the breathing tube was cross-checked with another HFNC device and the another device also showed the same prompt. Further inspection revealed a damage to the breathing tube itself. So, the damaged heated breathing tube has to be replaced to restore the functionality of the device ."
Sphygmomanometer ,,,Non-functional,The device was thoroughly inspected and found that the manometer dial had been displaced from its correct position which was affecting the pressure reading. The dial was placed at its correct position and the device is now fully-functional.
Syringe Pump,Smiths Medical,Graseby C9,The device was reported to be non-functional.,"The device was thoroughly inspected and found that the device could not be turned on. The device was disassembled and the continuity of the ribbon cable was checked. The ribbon cable was found to be faulty and so, the cable was replaced from another non-functional syringe pump. And the device was reset which resolved the system error problem.
So, the device is now fully-functional."
Infant Radiant Warmer ,Shreeyash ,,Reported that the machine was unresponsive.,Machine was inspected and found breakage at 3 pin plug. New pulg was replaced. Further   the switch of main board was also faulty. The faulty switch were replaced and made the machine fully functional.
Nebulizer,Optima Care,,Not delivering mist effectively.,"The motors and fans were lubricated and preventive maintenance was performed. Additionally , the filter was also changed. Now, the machine is fully-functional."
Patient Monitor,Schiller ,TRUSCOPE ULTRA Q7,Faulty SpO2 lock.,The defective lock  was replaced by a new SpO2 lock. The he functionality was tested and the monitorsuccessfully displayed the SpO2 reading.
Patient Monitor ,Schiller ,TRUSCOPE ULTRA Q7 ,Faulty SpO2 lock.,The defective lock was replaced by a new SpO2 lock. The functionality was tested and the monitor successfully displayed the SpO2 reading.
Patient Monitor,Schiller ,TRUSCOPE ULTRA Q7 ,Faulty SpO2 lock.,The defective lock was replaced by a new SpO2 lock. The functionality was tested and the monitor successfully displayed the SpO2 reading.
Patient Monitor ,Schiller ,TRUSCOPE ULTRA Q7 ,Faulty SpO2 lock.,The defective lock was replaced by a new SpO2 lock. The functionality was tested and the monitor successfully displayed the SpO2 reading.
Patient Monitor ,Schiller ,TRUSCOPE ULTRA Q7 ,Faulty SpO2 lock.,The defective lock was replaced by a new SpO2 lock. The functionality was tested and the monitor successfully displayed the SpO2 reading.
Patient Monitor ,Schiller ,TRUSCOPE ULTRA Q7 ,Faulty SpO2 lock.,The defective lock was replaced by a new SpO2 lock. The functionality was tested and the monitor successfully displayed the SpO2 reading.
Patient Monitor ,Schiller ,TRUSCOPE ULTRA Q7 ,Faulty SpO2 lock.,The defective lock was replaced by a new SpO2 lock. The functionality was tested and the monitor successfully displayed the SpO2 reading.
Patient Monitor ,Schiller ,TRUSCOPE ULTRA Q7 ,Faulty SpO2 lock.,The defective lock was replaced by a new SpO2 lock. The functionality was tested and the monitor successfully displayed the SpO2 reading.
Sphygmomanometer ,,,Reported as non-functional. ,"The BP Cuff was inspected and found that the manometer dial had been displaced from its original position.
On repositioning the dial at its correct position, the device was tested. The device is now fully-functional."
Sphygmomanometer ,,,Reported as non-functional.,"The device was inspected and found that the manometer dial had been displaced from its correct position.
Additionallly, there was a leakage in the cuff itself. So, the dial was repositionined to its correct position and the cuff was replaced from another non-functional BP Cuff. The device is now fully-functional."
Chest Vibrator,,,Reported as non-functional.,"On inspection, it was found that the wire had been disconnected from the power plug. So, the wire was reconnected and the vibrated was tested by connecting it to the power supply. The vibrator is now fully functional.
"
Chest Vibrator,,,Reported as non-functional.,A loud noise was being produced when powered on. A thorough inspection revealed that the base plate had been broken. The base plate was glued together and the motor was lubricated which resolved the issue.
Chest Vibrator,,,Reported as non-functional.,"A loud noise was being produced when powered on. So, the vibrator was disassembled and the motor was lubricated which resolved the issue."
Mattress Inflator,Niscomed ,,"Reported to be non-functional.
",The device was connected to the power source but could be turned on. The device was disassembled and a discontinuity in the wire was identified as the possible source of the problem.The wire were reconnected and the device could be turned on. The device is now fully-functional.
Nebulizer ,Niscomed,,Reported to be non-functional.,"The device did not produce mist on connecting to the power supply. The device was carefully disassembled and a thorough inspection revealed that the part of the motor had been detached. Additionally, the filter was clogged as well which was also contributing to the issue.
So, the clogged filter was replaced with another one  and the part of the motor was also securely reconnected to its respective place.
On doing the above steps, the nebulizer produced mist effectively and is now fully-functional."
Nebulizer ,Niscomed,,Reported to be non-functional.,"The device was inspected and found that it was not delivering mist effectively. A thorough inspection revealed a clogged filter as the possible source of the problem. The filter was replaced with another one and the motor was lubricated as well.
The broken cover was also attached together.
Following the above steps, the device was tested and the device produced mist effectively and is now fully- functional."
Syringe Pump ,MINDRAY ,BeneFusion SP3,The screw holder broken ,"The parts were glued together and now it functions properly, with all components securely holding together."
Chest Vibrator,,,One wire disconnected from the three pin connectors ,"The wire was reconnected, and the machine is now fully functional.

"
Ventilator ,HAMILTON ,C1,Charging issue due to disconnect wire from 3 pin connector,"The issue was identified, the wire was reconnected, and the machine is now functioning properly and charging as expected.

"
TENS Machine ,,,Wire disconnected from the Electrode plug ,The wire was reconnected with electrode plug 
Gauge Cutter,,,Blade becoming too small due to prolonged use. ,"The blade was replaced, and the machine is now fully functional.

"
Autoclave ,,,The handle was jammed ,"The parts of the autoclave were lubricated, and now it opens and closes smoothly."
Infusion Pump ,ENMIND,EN-V7 Smart,Loose door.,The door parts were glued together and the machine is now fully functional.
Ventilator ,Hamilton ,C3,The flow sensors was reported to be non functional.,The inspection revealed that the flow sensors was broken at a point. So the broken part were glued together and pre operational test was carried out.The flow sensors was successfully calibrated and is fully functional.
ECG Machine ,ECGMAC,EM 301,The fuse holder lock was broken.,"The fuse holder was replaced, soldered, and  securely mounted inside the unit. The machine has been tested and is now fully operational.

"
Syringe Pump ,Smiths medical,Graseby C9,Plunger open alarm ,"The plunger was replaced with one sourced from a discarded syringe pump, restoring full functionality to the unit.

"
Nebulizer ,Optima Care,,The pump was disconnected from motor shaft.,"Reconnected to the motor shaft, restoring full functionality to the machine.

"
C-Arm Machine,Allengers,HF49R,There was an issue reported that fluoroscopy live mode  wasn't working.,The issue has been addressed and tested the fluoroscopy mode. C Arm is fully functional.
Autoclave ,,,Problem reported that release of water from the valve which was supposed to release  steam only. ,"Upon accessing the machine found that water level was higher than the marked level causing release of water. So water level was assured to be in level. Restarted the machine, following that the machine function properly without any intervention."
OT Table,,,"The issue with the sideways movement of the OT table has been resolved.

",Faulty switch was replaced and tested successfully. OT Table is now fully functional for surgery.
ENT Microscope,Tagaki,OM-5,The issue with no light source and frequently damage of fuse was addressed.,"The damaged 2.5 A fuse was replaced by a 3 A fuse.
The issue has been resolved and machine is ready for use."
Mammogram,,,"The compressor was not moving downward due to the load cell range being too high.
",The load cell range was adjusted to resolve the issue. The machine is now fully functional.
Patient Monitor ,PHILIPS ,IntelliVue MP20,The NIBP (Non-Invasive Blood Pressure) function was not working due to an issue with the cuff pipe.,The cuff pipe was replaced. The patient monitor is now fully functional.
Syringe Pump ,Smiths medical ,,"The 3-pin plug was misplaced by the medical staff.
",A new 3-pin plug was connected to the wire. The charger is now working properly.
Laryngoscope ,,,"The bulb did not turn on.
","It was identified that the bulb and battery were not connected properly. The screws were tightened, and the laryngoscope is now functioning properly."
Patient Monitor ,SCHILLER ,TRUSCOPE Ultra- Q7,"NIBP was not monitoring due to disconnection of the pump pipe.
",Reconnected the pump pipe. The monitor is now fully functional.
Ventilator ,Hamilton ,C1,Charging issue and low tidal volume problem had been reported.,"The 3-pin plug was inspected for faults. A disconnected wire within the plug was identified as the root cause.
The wire was securely reconnected to its correct position. Post-repair, the ventilator was tested by connecting it to the power supply, confirming successful charging functionality.
A detailed inspection of the ventilator components was performed.
The exhalation valve and diaphragm were inspected and the residue deposits on these components were cleaned. After cleaning, the ventilator's functionality was tested and the ventilator now delivers the set tidal volume accurately."
Syringe Pump ,Smiths Medical,Graseby C9,System Error 09,"The system was reset, and the door was replaced using a part from a discarded syringe pump. The equipment is now fully functional."
C-Arm Machine,Epsilon,EPvictory RA-6,Movement  of CArm from the stationary position during exposure.,"The problem was identified due to fault in Locking mechanism.
The issue has been addressed by the Company individual."
Syringe Pump ,Mindray,Benefusion SP3,"Frequent System Error Alarm 
",System was check and found to have system error 303.After throughly checking all components guide way needs replacement.
Syringe Pump ,Mindray,Benefusion SP3,Frequent system error alarm.,System was check and found to have system error 303.After throughly checking all components guide way needs replacement.
Mattress Inflator,Gent-X,,The device could not be turned on.,"On inspection, it was found that the wire had been disconnected. On reconnecting the wire, the device could be turned on and is now fully functional."
TENS Machine ,,,The electrode lead wire jacks were disconnected., The disconnected TENS lead wire jacks were reconnected and is now properly functional.
Patient Bed,,,"Remote control unresponsive

","
The input and output voltages of the power box were measured. While the input voltage was within the acceptable range, the output voltage was not. A detailed inspection of the power box components was conducted. A discontinuity in the wiring at the circuit board level was identified as the root cause of the issue. After addressing this issue, the output voltage was back within the required range. Functionality of the remote control was rechecked and found to be fully responsive."
ECG Machine ,Biocare,iE-6,Artifacts in ECG reading.,"On inspection, it was found that the issue was due to incorrect filter settings. On adjusting the settings, the artifacts were eliminated and the ECG reading was restored to its optimal state allowing for clear, accurate interpretation of the heart's electrical activity."
ECG Machine ,Philips ,PageWriter TC20 ,Artifacts in ECG reading was reported.,"Diagnostic test revealed no such lead shortages in the ECG cable. Additionally, the waveform interference test in water was also performed to assess the functionality of the ECG cable. Above tests confirmed the proper functionality of the cable and the machine is fully functional."
X-Ray Machine,Allengers ,,X-ray Machine could not be turned on.,"The device was thoroughly inspected and found that the cause of the issue was the faulty switch. The continuity of the switch was also checked which further confirmed the fault in the switch itself. The defective switch was replaced with a new one.
Post-repair, the functionality of the machine was checked and the machine could be turned on and off on pressing the switch.
Current Condition:
The machine is fully-functional."
Nebulizer ,Optima Care ,,"The nebulizer was reported to be non-functional.

","On inspection it was found that the nebulizer was not producing mist. The probable cause of the issue was the clogged air filter. The clogged filter was replaced and the motors were lubricated as well.
Post-repair, the functionality of the nebulizer was tested and the device effectively produced mist.
Current Condition:
The nebulizer is now fully functional."
X-Ray Machine,Allengers,Mars 3.5,The nursing staff had reported the problem with the knot placement.,"A thorough inspection revealed that the arm of the xray machine could not be moved up and down because of the dislocated knot. On properly securing the knot at its correct position, the arm of the xray machine could be moved up and down as per the requirement."
ECG Machine ,Philips ,PageWriter TC20,Artifacts in ECG reading.,"On inspection, it was found that the issue was due to incorrect filter settings . On adjusting the settings, the artifacts were eliminated and the ECG reading was restored to its optimal state allowing for clear, accurate interpretation of the heart's electrical activity."
Ventilator ,Hamilton,C1,"The ventilator was reported as non-functional, preventing its use in patient care.
","A pre-operational check was conducted to evaluate the ventilator’s performance. The leak test and flow sensor test were performed, both of which successfully passed, indicating no issues. Upon initiating ventilation, the system triggered an ""External Flow Sensor Failed"" alarm, preventing normal operation. The faulty flow sensor was replaced with a new functional sensor. After sensor replacement, the ventilator was tested again, and it successfully delivered the set tidal volume without any alarms or performance issues.
Final Status:
The ventilator is now fully functional, with no detected faults."
HFNC,BMC,H-80M,HFNC was not installed.,"HFNC which was previously not in use has been reinstalled in the ICU Department.
Checked the full functionality of the Machine  and User Training has been  provided to the Incharge sister too."
Electrosurgical Unit ,Meditom,DT-400P,"The electrosurgical unit was continuously triggering a monitor alarm, indicating a possible connectivity or circuit issue.","A comprehensive inspection was conducted to identify the root cause of the alarm. It was discovered that one of the cables was disconnected from its designated port. Additionally, the patient plate was not properly connected, which contributed to the persistent alarm. The disconnected cable was securely reattached to its correct position. The patient plate was properly connected, ensuring accurate circuit continuity. A functionality test was performed after reconnection, confirming that the alarm issue was fully resolved.
Final Status:
The electrosurgical unit is now fully operational, with no further alarm issues."
Infant Radiant Warmer ,Shreeyash,,The device was reported to be non-functional.,"The initial inspection revealed that the device could not be turned on as the  switch was faulty which was further confirmed through the continuity test. So, the faulty switch was replaced. Additionally, the 3 pin plug was also damaged and it was also replaced.
Post repair, the device could be turned on and is now fully functional."
Phototherapy,Neotech ,,The phototherapy unit could not be adjusted to the required height.,"An initial inspection revealed that the height adjustment mechanism was locked in place and could not be moved. To resolve the issue, the mechanism was lubricated, allowing smooth adjustment to the desired height. The phototherapy unit is now fully functional."
Sphygmomanometer ,,,Reported to be non-functional.,"The initial assessment revealed that four out of the five BP cuffs had leaks in their pressure cuffs, rendering them ineffective for accurate blood pressure measurement. Only one BP cuff was found to be fully functional and in proper working condition.
Additionallly, the defective BP cuffs has to be replaced."
Blood Gas Analyzer,Instrumentation Laboratory,GEM3500,A problem was encountered with the cartridge functionality during operation.,"A new cartridge was inserted into the machine, but it was removed after selecting the CVP option. This led the machine to register the cartridge as already used, prompting a request for a new one. To resolve this, the service engineer provided a new barcode, allowing the machine to accept the same cartridge.
However, since the CVP mode was enabled, the parameters could not be measured. To resolve this issue, four CVP solutions were aspirated before allowing any parameter measurements. Once this process was completed, the ABG machine resumed full functionality."
Centrifuge,Remi,Medico Plus,Lid open error despite the lid being closed.,"The issue was identified as a faulty door sensor, which was preventing the centrifuge from detecting the lid closure. As the machine was under warranty, the service engineer replaced the defective sensor with a new one. Following the replacement, the centrifuge no longer displayed the lid open error and was tested to ensure proper functionality. The centrifuge is now fully operational."
Ventilator,Hamilton,C1,Ventilator not charging.,"Upon inspection, the ventilator’s charging issue was traced to a loose wire connection at the power plug. The loose wire was properly connected to the power plug, restoring the charging functionality.
Deposits of crystallized material from the patient side were found on the diaphragm and exhalation valve. These deposits were carefully cleaned to ensure optimal performance. After these interventions, the ventilator was tested and confirmed to be fully operational."
ECG Machine,ECGMAC,EM 301,Artifacts in ECG waveform.,"Upon inspection, the artifacts in the ECG waveform were found to be caused by incorrect filter settings and loose limb electrodes. The filter settings were reconfigured to the appropriate parameters, eliminating waveform distortions. The loose limb electrodes were properly tightened as well. Following these adjustments, the ECG waveform was free from artifacts, and the machine was verified to be functioning optimally. Additionally, user guidance was provided on adjusting filter settings to prevent similar issues in the future.
"
Patient Bed,,,The patient bed was reported as non-functional.,"Upon inspection, it was observed that some buttons on the remote control were unresponsive despite receiving power. Further examination revealed that the issue stemmed from loose wiring connections to the power board, preventing the relay from being triggered. The cables were securely reconnected to the power board, restoring functionality to the remote control. After this intervention, all buttons on the remote were responsive, allowing the bed to be adjusted as required."
Mattress Inflator,,,Mattress inflator reported to be non functional ,"Upon inspection, it was discovered that there was a loose wire connections in the mattress inflator, which was causing the issue. Additionally, there was a discontinuity in the wire leading to the switch.
Identified and addressed loose wire connections and repaired the discontinuity in the wire leading to the switch.
Ensured all connections were secure and functioning properly.
The mattress inflator is now fully functional"
Nebulizer,Optima Care,,The nebulizer was reported to be non-functional.,"Upon inspection, it was found that the issue stemmed from a burnt switch. To resolve this, the defective switch was replaced, and the motor was lubricated to ensure optimal performance.

After the reassembly, the nebulizer was tested, confirming that it powered on successfully and produced mist effectively. The device is now fully functional."
Nebulizer,Niscomed,,Nebulizer was reported to be non-functional.,"Upon inspection, it was found that the device could not be powered on. To diagnose the issue, the nebulizer was carefully disassembled, revealing a breakage in the wiring that disrupted the electrical connection. Additionally, the device was not producing mist effectively, indicating a performance issue with the motor.

To resolve this, the damaged wiring was repaired, and the motor, along with its connecting components, were lubricated to ensure smooth operation. After the reassembly, the nebulizer was tested and confirmed to be fully operational, successfully powering on and producing mist efficiently."
Water Bath,,,The water bath could not be powered on.,"To diagnose the issue, the continuity of the internal wiring was checked, and any loose connections were securely reconnected. Voltage readings were taken at different points to pinpoint the fault. The heater rod and thermostat were tested to ensure they were functioning properly. Further inspection revealed that the toggle switch was defective, as confirmed by a continuity test. The faulty switch was replaced, and all electrical connections were securely reassembled. Once the repairs were completed, the water bath was successfully powered on. To verify its performance, a functionality test was conducted, ensuring that the heating system cuts off automatically upon reaching the set temperature. With all components operating as expected, the water bath is now fully functional and ready for use."
Patient Monitor,Comen,,No display.,"Upon charging the monitor, the display remained white. A battery voltage check confirmed that the battery was functional. Further inspection, after disassembling the device, revealed a damaged ribbon cable connecting the display. This damage is likely the root cause of the issue, preventing proper display functionality. To restore full functionality, it is recommended to replace the display assembly. This will ensure proper connectivity and resolution of the display issue."
Central Monitoring System,Philips,Efficia CM120,CMS reported to be non-functional.,"Upon inspection, it was identified that the data from the bedside patient monitors were not being displayed on the CMS screen. The issue was traced to improper connections at the connection hub. All cables were carefully inspected, reset, and securely reconnected at the hub. Once the connections were corrected, the data from the patient monitors began to display properly on the CMS screen, restoring full functionality."
Nebulizer,,,"The nebulizers were not working.
","Upon inspection, it was found that the power wires were disconnected, preventing the nebulizers from turning on. The wires were reconnected, restoring the electrical connection and allowing the nebulizers to power on. The nebulizers have been fully restored and are now functioning properly."
Nebulizer,,,The nebulizers were not working.,"Upon inspection, it was found that the power wires were disconnected, preventing the nebulizers from turning on. The wires were reconnected, restoring the electrical connection and allowing the nebulizers to power on.
The nebulizers have been fully restored and are now functioning properly."
OT Light,,,"The light intermittently glows when positioned at certain angles.
","Upon initial investigation, it was observed that the light would stop glowing when positioned in a specific orientation. To resolve the issue, the light was disassembled from its mounting arm for a closer inspection. During this process, it was discovered that wires had shorted, causing the light's malfunction. After addressing the short and securely reconnecting the wires, the light functioned properly, remaining operational regardless of its position."
Ventilator,Hamilton,C1,"The ventilator was reported as non-functional, producing a constant alarm with unresponsive keys.
","Upon inspection, the ventilator displayed a ""technical failure"" and ""battery completely discharged"" alarm. Despite being connected to a power supply, it failed to charge. Further investigation revealed a discontinuity in the power plug, which was subsequently reconnected. After the reconnection, the ventilator was able to charge, and the alarm ceased. The device resumed normal operation."
Infant Radiant Warmer,Shreeyash,,"A malfunction was identified with the skin temperature sensor. Upon inspection, visible damage was observed on the sensor, and the device displayed a ""skin sensor fail"" alarm.",The defective sensor was cross-verified using a functional sensor to confirm the issue. The verification process confirmed that the skin temperature sensor was indeed faulty.
ECG Machine,ECGMAC,EM 301,Artifacts in ECG waveform.,"The filter settings were initially adjusted to reduce the artifacts, but the interference in the ECG wavefitn still persisted. To further investigate the cause of the issue, the functionality of the ECG cable was tested by conducting waveform interference in water, which confirmed the ECG cable itself was fully operational. The issue was ultimately traced to a loose ECG cable connection. The connection was secured by tightening the screws. Following the adjustment, no artifacts were observed in the ECG waveform, and the machine is working as intended."
Humidifier,,SH330,The humidifier failed to power on.,"Upon inspection, the input voltage was verified, and the switch functionality was tested. Each individual component was examined, and the voltage was traced throughout the board, revealing that all components were functioning correctly. Further inspection led to the identification of a faulty thermostat as the root cause of the issue, preventing the humidifier from operating. The thermostat was reset, and all related connections were checked and reconnected securely. Once the thermostat issue was addressed, the humidifier powered on and began operating normally. Additionally, the functionality of the heater was tested by ensuring that it turned off once the set temperature was reached, confirming that the system's temperature regulation was working as intended.
"
C-Arm Machine,Epsilon,EPvictory RA-6,"System Hang
","All connections were checked, including power and data transfer cables. Then, all cables were reset. The machine is now fully functional."
Ventilator,Mindray,SV600,Reported to be non-functional.,"A comprehensive system and circuit check were performed, and both passed successfully. To assess the ventilator's functionality, various tidal volume settings were tested. There were no leaks observed, and the ventilator consistently delivered the set tidal volume accurately. The ventilator is fully functional and operating as expected. No issues were found during testing.
"
Ventilator,Hamilton,C1,Flow sensor test failure.,"The pre-operational tests were conducted, during which the flow sensor test failed on multiple attempts. The fault in the flow sensor was confirmed by performing the pre operational test using another functional flow sensor. While the ventilator remains operational, the flow sensor needs to be replaced to restore full functionality and ensure accurate performance."
Colonoscope,,,Malfunctioning flush system.,"The flush system was initially not functioning despite checking and reconnecting the connections. To resolve the issue, the tubes were cleaned by flushing water through a syringe multiple times. Additionally, a cleaning tool was used to thoroughly clean the tubes. After several cleaning attempts, the flush system began working properly, and the colonoscope is now fully functional."
Syringe Pump,Smiths Medical,Graseby C9,System error.,"The syringe pump was displaying persistent system error. The device was disassembled for inspection, and all internal connections were carefully reset to restore proper communication. Following this, the syringe pump was recalibrated to ensure accurate medication delivery. After addressing the system error, the device underwent comprehensive testing to confirm full functionality.
"
USG Machine,GE,Versana Premier,Problem with speaker.,"An issue with difficulty in hearing the fetal sound was reported. On inspection, the cause of the issue was low volume settings. On adjusting the settings, the fetal heart sound could be clearly heard."
Ventilator,Hamilton,C1,Reported as non-functional.,"On inspected, it was found that the ventilator failed to pass critical pre-operational tests such as leak test and flow sensor test. To isolate the issue, the patient circuit and flow sensor were cross-verified by testing them in another functional ventilator. This confirmed that the patient circuit and flow sensor were both in proper working condition.
Upon further inspection of the ventilator itself revealed the residues build up in diaphragm and exhalation port. So, these compjnets were thoroughly cleaned, and air filters were cleaned as well.
Following these repairs, the ventilator underwent another round of pre-operational check. Both the leak test and flow sensor test were successfully passed. Additionally, the functionality of the ventilator was tested by confirming the delivery of the set tidal volume."
Patient Bed,,,Remote control unresponsive.,"Initial inspection revealed that the remote control was unresponsive despite proper connection. The continuity of the power cable was tested and confirmed to be intact.
The input and output voltages of the power box were measured. While the input voltage was within the acceptable range, the output voltage was not. A detailed inspection of the power box components was conducted. A discontinuity in the wiring at the circuit board level was identified as the root cause of the issue. After addressing this issue, the output voltage was back within the required range. Functionality of the remote control was rechecked and found to be fully responsive."
Nebulizer,Optima Care,,Reported to be non-functional.,"On inspection it was found that the nebulizer was not producing mist effectively. The underlying cause of the issue was the clogged air filter.
The air filter was replaced and the motor was lubricated as well. Post-repair, the nebulizer produced mist effectively and is fully functional."
Nebulizer,Niscomed,,Reported to be non-functional.,"The wire was disconnected from the power plug and the pump piston was also displaced from the motor shaft.
The wire was then reconnected to the power plug and the shaft connector was replaced from another non-functional nebulizer. After that, the piston was reconnected to the shaft.
Post-repair, the nebulizer is fully functional."
OT Light,,,The OT light could not be turned on.,"On inspection, it was found the lights were not responding. Firstly, the output voltage from the SMPS was checked and found that the SMPS was fully-functional. Later the outgoing connection of the light from the board were reconnected properly. After that, the lights could be turned on."
Nebulizer,Optima Care,,The nebulizer was not working properly.,"On inspection it was found that the nebulizer was not producing mist effectively. The cause of the issue was the clogged air filter. The clogged filter was replaced and the motors were lubricated as well. Following this, the nebulizer was tested and it produced mist effectively."
Syringe Pump,Smiths Medical,Graseby C9,Automatic on and off.,"On inspection, the issue was due to the insufficient battery voltage. So, the battery was replaced from another non-functional syringe pump. On replacing the battery, the issue with automatic on and off was resolved. Additionally, the syringe pump was calibrated as well. Following this, the device is now fully-functional."
Suction Machine,,,Faulty switch.,"Firstly, the motor pump was tested by directly connecting it to the main power source to confirm its functionality. The issue was identified as a faulty switch, which was then replaced. The suction machine is now fully functional."
Ventilator,Mindray,SV600,Flow sensor test failed.,"Firstly, the circuit was tested to identify any issues. A leakage was detected in the circuit, which was subsequently sealed. After resolving the issue, the flow sensor test was conducted and successfully passed. The ventilator is now fully functional."
Syringe Pump,Smiths Medical,Graseby C9,The syringe pump fell from the stand and broke into two parts.,The broken part was replaced using a discarded syringe pump. The unit is now fully functional.
Microscope,MAGNUS,MX21iLEDFS11,The slide was not fixed properly.,"The screw was loose from the slide holder. It was tightened back to its original position, securing the slide. The microscope is now fully functional."
Nebulizer,Optima Care,,"Moisture, such as mist or droplets, was not being produced.","The filter was replaced, and the machine was thoroughly tested. After the replacement, it successfully produced mist, and the nebulizer is now fully functional."
Syringe Pump,Smiths Medical,Grasey C9,The power ON/OFF switch was not working.," First, the ribbon cable was checked, but the problem was not resolved. Then, the power switch was inspected, and it was found that the switch was not making proper contact with the board. The switch was properly adjusted, ensuring a secure connection with the ribbon cable. The syringe pump is now working correctly."
Vein Finder,,,"The wire was disconnected from the bulb.
",The wire was reconnected to the bulb using soldering. The device was tested and is now fully functional.
ECG Machine,ECGMAC,EM 301,Reported that ECG graph wasn't printing,"Upon inspection found that the printer roller was missing from its position.We have requested nursing Incharge to look after the misplaced printer roller.
Current condition:Machine is now partially Functional. i.e we can  have ECG graph but couldn't print. Unless Printer roller is found or procure."
Infant Radiant Warmer,Shreeyash,,Observation lamp was not being able to power on.,"The issue was assessed and found that lamp was damaged. So new lamp was installed with similar rating.
Issue is resolved and observations lamp is working fine."
Nebulizer,Niscomed,,The nebulizer's wires were severed.  ,The connection was repaired by soldering the wires and subsequently performed an operational check. The nebulizer is now functioning correctly.
Nebulizer,,,The nebulizer  was malfunctional  due to a displaced piston. ,The issue was rectified by securely repositioning the piston using its designated connector.The device is now operating efficiently.
ECG Machine,Biocare,iE6,"The nursing staff had reported a problem with the ECG machine’s printing function. The ECG readings were being printed across five separate pages, with a blank page appearing in the middle.","Upon inspection, it was identified that the issue stemmed from incorrect ECG and print settings. The system was not configured optimally, leading to improper formatting of the printout.
To resolve the issue, the settings were adjusted to the default configuration. After applying the necessary corrections, the ECG machine successfully printed the waveform in the required format, meeting the standards of the Emergency Department."
OT Light,,,OT light was not being able to power on.,"Upon inspection found that the main controller board having IC in it was malfunctioning. So   we bypass the IC controller board and directly switch the MOSFET  with  switch  and controlled the function of the Light with it.(Intensity Maximum and Minimum can be controlled)
The system was power on and tested the light. Light illuminated efficiently for clinical use.
Both OT light on OT2 are now fully functional."
Patient Monitor,Philips,Efficia CM120,Reported no ECG wave in Monitor.,Settings were adjusted in accordance to the Lead used to patient. Ecg wave form was restored successfully.
ECG Machine,Midray,BeneHeart R12,Reported that there was no print in the ECG paper.,While assessing ECG Machine showed Paper type error.  The paper drawer was loose from side. The side slider was firmly connected to the drawer. And the paper alignment was realigned in correct position. Machine started to print perfectly.
X-Ray Machine,Allengers,,Multiple line within the collimator window.,"The issue was assessed carefully, revealing problem was with the scattered wires. The issue was resolved with no scattered lines within the collimator window.
Xray is now fully functional."
Syringe Pump,Smiths Medical,Graseby C9,Automatic shutdown while working and charging too.,"The issue was assessed by measuring the voltage of battery which was below threshold value.
Machine didn't shut down while in use of AC Cable. So the potential cause of frequent shutdown is due to depleted battery. Syringe pump was charge and regain the voltage of battery. Syringe pump is now fully functional for use"
Syringe Pump,Smiths Medical,Graseby C9,AUTOMATIC power off,"The issue was assessed by measuring the voltage of battery which was below threshold value.
Machine didn't shut down while in use of AC Cable. So the potential cause of frequent shutdown is due to depleted battery. Syringe pump was charge and regain the voltage of battery. Syringe pump is now fully functional for use"
Infusion Pump,Enmind,EN V-7,loose lock,Lock used for clamping was replaced and made the loose lock tight.
Xray Reader,Fujifilm,XL II,"Reader was unable to read the cassette, constantly showing error of not being able to register or read.","The issue was due to cotinious power failure,the corrupted the software. So to mitigate the issue power back up UPS was installed. And company individual was contact to reinstalled the software. Machine is now fully functional."
Ventilator,Hamilton,C1,O2 sensor test failed.,"While assessing the problem found O2 cell was expired. So new O2 cell was replaced and calibrated the O2 sensor in both LPO and HPO mode.
Ventilator is fully functional for clinical use."
Ultrasound,Konica Minolta,Aeroscan,Ultrasound failed to power on.,"Upon inspection found that the required output volatage wasn't delivered by the Adapter. So Adapter was assessed throughly. Visible damaged component were replaced.  Additionally further other components were also checked and found good.
Eventually after assessing each component required output voltage was delivered.
Ultrasound was powered on successfully and ready for clinical use."
Acupuncture Machine,,,Power Transformer reported to be non functional to operate the Acupuncture Machine.,Power Transformer was assessed and  110 v output was achieved.
ECG Machine,Philips,Pagewriter TC20,Reported V5 lead not detectable in ECG recording,Visible Wire was broken that hinder the recording of V5 ECG graph.
ECG Machine,ECGMAC,EM 301,Presence of artifacts in the ECG recording and  No proper ECG graph was recorded.,While assessing found the standard setting to record ECG graph was altered. So default settings was adjusted and operated.
Sphygmomanometer,Philips,,Manometer was misaligned from the equilibrium position. ,Needle  alignment  was adjusted. BP cuff is working properly.
Patient Monitor,Philips,Efficia CM120,Reported Patient Monitor was crashed in ICU department with visible damage on screen.,"We assess the issue  it had visible broken display glass, found that touch screen wasn't responding. Patient Monitor was disassemble and accessed the screen it reveled that the microprinted pathways of touch command were damaged. So possible solution was to replace the screen. Display was replaced from the Patient Monitor(S.N:CN92395845) which was in non functional state due to power board issue.The Patient Monitor was reassemble and verified it  displays all vital parameter too."
Patient Monitor,Schiller,TRUSCOPE Ultra Q7,NIBP measurement failure,"A disconnected air pump connector was identified as the root cause of the issue. Following the reconnection of the connector, the device successfully initiated and completed NIBP measurements"
Ventilator,Hamilton,C1,Failed leak test,"A significant residue build up was observed in the exhalation valve and diaphragm was cleaned thoroughly. After that, the ventilator passed the pre-operational test.
"
Syringe Pump,Smiths Medical,Graseby C9,Reported to be non-functional.,"The defective ribbon cable was replaced using another cable sourced from a non-functional syringe pump. In addition, all internal connections were checked, reset, and secured to ensure reliable operation. After the reassembly, the pump underwent calibration and comprehensive tests"
Ventilator,Hamilton,C1,FiO2 could not be adjusted.,"The ventilator was operating on LPO mode due to which FiO2 could not be manually adjusted. On adjusting the setting, the FiO2 could be adjusted as per the requirement.
"
Biosafety Cabinet,Biobase ,,Could not be turned on.,"The fuse, cable and switch were in working condition. However, there was no output voltage at the transformer. The defective transformer was replaced and after that the device could be powered on. "
CTG,Bistos,BT-360,New equipment installation.,"The new CTG machine was installed in nursery ward. The functionality of the toco transducer and doppler transducer were verified. User training was provided to the nursing staff.
"
Ventilator,Hamilton,C1,"Failed leak test.
","A significant residue build up was observed in the exhalation valve and diaphragm was cleaned thoroughly. After that, the ventilator passed the pre-operational test.
"
CTG,Bistos,BT-360,Printing Issue,The thermal paper had not been properly placed due to which the paper had jammed. This prevented continuous waveform printing process. The paper was then properly aligned and then the readings could be printed for required duration without any interruptions.
Ventilator,Hamilton,C1,Reported to be non-functional.,"Preventive maintenance was carried out.
High leak percentage was detected during functional testing, which was due to defective flow sensor. 
"
Ventilator,Hamilton,C3,Reported to be non-functional.,"Preventive maintenance was carried out.
High leak percentage was detected during functional testing, which was due to defective flow sensor. 
"
Central Monitoring System,Philips,Efficia CM120," System reported to be non-functional.
","Upon inspection, the Central Monitoring System (CMS) was found unresponsive. All connections were verified and securely reconnected, allowing the system to power on.

A persistent alarm was triggered due to a low-battery warning on the license key. The battery was promptly replaced, resolving the issue. Additionally, all cables connected to the hub were checked and secured reconnected. Once reconnected, data from the bedside patient monitors successfully transmitted to the CMS."
Sphygmomanometer,,,The sphygmomanometer was reported as non-functional.,"Upon inspection, the tubing connections were found to be loose due to wear and tear. The damaged section of the tubing was removed, and the remaining tubing was securely reconnected. Additionally, the manometer dial was displaced, which was carefully repositioned to its correct place."
Patient Monitor,Philips,Efficia CM120,The patient monitor was not displaying the respiratory rate value.,"The ECG cable was tested by connecting it to another patient monitor, confirming that the cable was functional. This indicated that the issue originated from the patient monitor itself. The monitor was disassembled, and all internal connections were carefully inspected and reset. After reassembly, the monitor was tested, and it successfully displayed the respiratory rate."
Patient Monitor,Philips,EfficiaCM120,The patient monitor was not displaying the SpO₂ reading.,"The visual inspection of the SpO₂ probe revealed visible damage. To confirm the issue, the probe was tested on another patient monitor, where it failed to function, indicating a defective probe."
Patient Monitor,Philips,Efficia CM120,Routine inspection.,"Routine inspection was conducted on the patient monitors in the Deluxe Cabin to ensure the proper functionality of all essential components.

Findings:
1. All BP cuffs were tested and found to be fully functional.
2. ECG cables were operational, and the monitors successfully displayed both ECG readings and respiratory rates.
3. SpO₂ probes were tested and confirmed to be functional."
ENT Microscope,Takagi,OM-5,The ENT microscope could not be tured on.,"The power supply was checked and confirmed to be within the acceptable range. The fuses were inspected, and one was found to be defective, with visible damage. The faulty fuse was replaced. After replacement, the microscope powered on successfully and functioned as expected."
Autoclave,,,Reported to be non-functional.,"Upon inspection, the heating elements were found to be defective, causing sparks when the autoclave was powered on. The heating element was removed, and visible damage was confirmed. 3 new heating elements were installed.
After replacement, the autoclave was powered on and tested successfully."
Mattress Inflator,,,The mattress inflator was not functioning properly and failed to pump air.,"The inflator was inspected, and it was found that air was not being pumped. Upon disassembly, the speed control dial was discovered to be damaged. Further inspection revealed that the control board responsible for adjusting motor speed was broken and could not be repaired. To restore functionality, the board was bypassed. After this modification, the inflator began operating optimally, successfully pumping air."
Central Monitoring System,Philips,Efficia CM120,Central Monitoring System reported to be non-functional.,"Upon inspection, it was identified that the data from the bedside patient monitors were not being displayed on the screen. The issue was traced to the improper connections at the connection hub. All cables were carefully inspected, reset and securely reconnected at the hub. Once the connections were corrected, the data from the patient monitors began to display properly on the CMS screen, restoring the full functionality. "
Anesthesia Machine,Datex Ohmeda,M-904E,The anesthesia machine was reported to be non-functional.,"Upon initiating the ventilation, the bellow operated in accordance with the set tidal volume. However, the monitor failed to display the delivered tidal volume. The bellow assembly was disassembled, and a closer examination revealed a displaced valve within the assembly. The valve was repositioned and secured properly. Once the valve, and bellow were correctly installed, the machine successfully resumed accurate monitoring and display of delivered tidal volume. "
Anesthesia Machine,Meditec England,Neptune Plus,The anesthesia machine was reported to be non-functional.,"A compliance and leak test was performed to assess the integrity of the breathing circuit and system compliance. Both tests pased successfully, with no anomailes or lekas detected. Upon initiating ventilation, the bellow operated in accordance with the set tidal volume. However, the monitor failed to display the delivered tidal volume. Both inspiratory and expiratory flow sensors were removed and thoroughly cleaned to eliminate any blackages. Despite this, the issue remained unresolved. Once, the valve and bellow were correctly installed, the machine successfully resumed accurate monitoring and display of the delivered tidal volume. During insection, it was also noted that the oxygen sensor was expired. ALthough the machine is currently operational, replacing the oxygen sensor is ecommended for accurate FiO2 monitoring and optimal patient safety."
Microscope,,,Device was reported to be non-functional.,"A initial investigation revealed that the condenser had been displaced from its proper position. The condenser was carefully repositioned. Following this adjustment, the microscope was tested, and was able to focus properly, allowing the clear viewing of finer details of the specimen."
Microscope,,,The microscope was reported to be non-functional.,"An initial investigation revealed that stage clips had been displaced from their original position, preventing the slides from being properly secured. Further inspection traced the issue to incorrectly positioned stage adjustment knobs. The stage knobs were realigned and adjusted correctly, allowing the stage clips to hold the slides firmly in place. Additionally, it was observed that the objective lenses could not be secured in a fixed position due to loose nosepiece. The nosepiece was tightened, restoring the proper locking of the objective lenses during use. Moreover, the 40x objective lens was specifically reported as non-functional. A detailed cleaning of the lens surfaces was carried out, which resolved the issue. After cleaning, the 40x lens provided clear and sharp imaging of the finer details of the specimen. The microscope is now fully functional."
Plaster Cutter,,,Reported to be non-functional.,"The work performed on the plaster cutter involved identifying and addressing a loose nut, which was found to affect the proper operation of the machine. Upon inspection, all associated nuts were checked for tightness, and the loose nut was resecured to ensure optimal functionality Additionally, the affected parts were lubricated to remove rust and ensure smooth operation. "
Anesthesia Machine,Dameca,Siesta i Whispa,Routine inspection,"A comprehensive routine inspection was carried out on the anesthesia machine. During functional testing, it was observed that the ventilator bellow failed to fully rise during the mechanical ventilation cycle. To investigate the issue, the bellow assembly was carefully disassembled and inspected. Upon examination, the bellow had lost its original elasticity and could no longer maintain an adequate seal, compromising its performance and overall reliability. In addition, reservoir bad also had a tear. So, its necessary to replace the bellow and reservoir bag to restore the full functionalty of the anesthesia machine."
ECG Machine,Philips,PageWriter TC20,Non-functional C3 and C4 leads was reported.,"A diagnostic test was conducted to check for any lead shortages. The test results confirmed that there were no lead shortages. To further assess the issue, waveform interference testing was performed in water. The ECG waveform displayed significant artifacts, suggesting potential signal disruptions. Upon closer inspection, a breakage was identified in the ECG cable connector. This damage is likely responsible for the artifacts observed in the ECG waveform, potentially affecting the accuracy of readings from C3 and C4 leads."
Ventilator,Mindray,SV600,Routine inspection of ventilator functionality.,"The ventilator's functionality was assessed using a VT analyzer to ensure accurate performance and patient safety. The different parameters were thoroughly tested and analyzed. Based on the verification process, the ventilator is functioning optimally."
ECG Machine,Philips,ECGMAC,Artifacts in the ECG waveform.,"The filter settings were reviewed and adjusted to check if the issue could be resolved. Despite these adjustments, the artifacts in the ECG waveform persisted. It was observed that a significant amount of conductive gel had accumulated on the suction electrodes and limb electrodes. This buildup likely disrupted proper electrical conductivity, leading to waveform irregularities. Once cleaned, the ECG machine was retested, and artifacts were no longer present, and the ECG readings were stable and accurate."
ECG Machine,Philips,ECGMAC,"Non-functional, as it was not producing clear ECG printouts, which could impact patient diagnosis.","It was observed that while the ECG signals were being acquired, the printouts were not clear, making the output difficult to read. The thermal print head was thoroughly cleaned to remove any dust or residual buildup that could interfere with the printing process. Despite cleaning, the print output remained faint and unclear.
The ECG paper was checked and found to be potentially defective. The existing ECG paper was replaced with a new one, and after replacing the paper, the print quality improved significantly, and the ECG waveforms were now clearly visible and readable."
Ventilator,imtmedical,Bellavista 1000,The ventilator was reported to be not delivering the set FiO₂.,"The oxygen sensor calibration procedure was carried out to verify sensor accuracy. Despite successfully passing the initial calibration, the ventilator repeatedly prompted for oxygen sensor calibration, indicating a persistent issue. The sensor was found to be expired, leading to unreliable FiO₂ measurements. The faulty oxygen sensor was removed and replaced with a new sensor. The new oxygen sensor was successfully calibrated. A VT Analyzer was used to verify ventilator functionality. The tidal volume and FiO₂ values were set on the ventilator, and the displayed values were compared with those displayed on the analyzer. The ventilator was found to be delivering the set tidal volume and FiO₂ accurately, as confirmed by the analyzer readings"
Nebulizer,,,The nebulizer was reported to be non-functional.,"Upon inspection, it was found that the piston was dislocated.To resolve this, the piston was placed on its location,and the motor was lubricated to ensure optimal performance. After the reassembly, the nebulizer was tested, confirming that it powered on successfully and produced mist effectively. The device is now fully functional."
Nebulizer,Handyneb,Classic,"The nebulizer presented multiple operational problems: the power switch was unresponsive, the wiring exhibited discontinuity, and the device failed to generate steam.","To address these issues, we replaced the malfunctioning power switch and repaired the compromised wiring to restore electrical continuity. Subsequent testing confirmed that steam production was successfully reinstated, ensuring the nebulizer’s proper functionality."
Patient Bed,,,The patient bed was not powering on.,"Upon inspecting the patient bed, we identified that it was not powering on due to a loose wire connection. We verified the voltage in the power supply and checked the cable, both of which were functioning correctly. After addressing the loose connection and performing a reset, the bed is now operational."
Blood Bank Refrigerator,Remi,BR-120 Ultra,The mechanical compartment inside the refrigerator had been disloacted from its place.,"To resolve the issue, the fallen screw was retrieved from below the compartment. The screw was then properly aligned and tightened in its designated position within the sliding rail mechanism. After securing the screw, the rail was tested and found to be functioning correctly, restoring the compartment to its normal operational state."
USG Machine,GE,Versana Premier,The printer was reported as non-functional.,"A thorough inspection was conducted , revealing that the feed button was not triggering the internal switch due to a damaged component The printer was carefully disassembled, and it was confirmed that the affected part was preventing proper operation. To restore functionality, the damaged part was glued together."
Mammogram,Allengers,,Reported to be non-functional.,"An initial assessment revealed that the display panel was non-functional. The display connector was not securely attached to the board. The connector was properly resecured to the board to restore the connection. After the reassembly, the display was tested and found to be fully operational, showing all necessary parameters correctly. "
X-Ray Machine,Allengers,,Reported to be non-functional.,"During maintenance of the X-ray collimator, we identified an issue with the collimator light. The light wire was damaged, and after reconnecting the positive and negative terminals through soldering, the light still failed to operate. Using a multimeter, we measured the voltage at various points—106V at the main supply and 106V at the probe when connected. However, when disconnected, the probe showed a voltage of 131V. Additionally, we verified the continuity of the switch, confirming it was functional. Further inspection ensured the light itself was in working condition. Upon investigating the control panel, we examined all fuses and discovered that the LBD fuse had blown. We promptly replaced it with a new fuse and rechecked the system. As a result, the collimator light successfully powered on, restoring its functionality."
Ventilator,Hamilton,C1,Routine inspection.,"A comprehensive routine inspection was conducted on the ventilator. During the evaluation, significant residue and medication buildup were observed on the exhalation valve and diaphragm, impairing the device's performance. These components were meticulously cleaned to restore optimal functionality. Subsequent pre-operational testing revealed that the flow sensor test failed due to similar residue accumulation within the sensor. The flow sensor was replaced, after which the ventilator successfully passed all pre-operational tests. The ventilator is now fully operational and fit for clinical use."
Colonoscope,Olympus,CV-150,The colonoscope was reported to be non-functional.,"Upon inspection, it was found that the air button (used to switch between low and high modes) and the lamp button were unresponsive when the colonoscope was connected to the endoscopy unit. To isolate the issue, the colonoscope was replaced with an endoscope. When connected, the endoscope's controls were fully responsive, indicating that the endoscopy unit was functioning correctly and the issue was likely with the colonoscope. The colonoscope was then reconnected carefully to the endoscopy unit. Upon reinsertion, the air and lamp buttons became responsive, and the device functioned normally."
Patient Monitor,Schiller,TRUSCOPE Ultra Q7,SPO2 readings were not being displayed on the monitor.,"An inspection of the SPO2 probe revealed that the internal light source was flickering intermittently. As a result, the monitor was unable to obtain consistent SPO2 readings. To rule out monitor-related issues, the same probe was connected to a different compatible patient monitor, but the issue persisted. The SPO2 probe is faulty and requires replacement to restore SPO2 monitoring functionality."
Ultrasound Therapy,,,The transducer was reported to be non-functional.,"A detailed inspection revealed that the internal wires were disconnected, and the connector had become detached from its designated position on the circuit board. The disconnected wires were carefully reattached. The detached connector was realigned and securely reconnected to its correct position on the circuit board. The transducer is now fully functional."
Chest Vibrator,,,Reported to be non-functional.,The power cable was found disconnected from the power plug. The wire was securely reconnected to the plug. The vibrator powered on successfully and is now fully operational.
Chest Vibrator,,,Reported to be non-functional.,"A discontinuity was detected in the power cable. The faulty section was identified, and the internal wires were securely reconnected. The vibrator is now functioning normally. "
C-Arm Machine,Allengers,HF49R,Reported to be non-functional.,"A thorough inspection of the C-Arm machine was conducted. It was observed that the high voltage cable was securely connected and functioning correctly. Upon further inspection, it was found that the earthing connection was unstable and exhibited significant voltage fluctuations. This inconsistent earthing was identified as the primary cause of poor image quality, resulting in grainy images and the appearance of random artifacts on the monitor. To restore optimal image quality and ensure reliable machine performance, it is critical that the earthing issue is addressed immediately."
Patient Monitor,Philips,Efficia CM120,The patient monitor was not displaying the respiratory rate.,"The ECG cable was tested by connecting to another patient monitor, confirming that the cable was functional. This indicated that the issue originated from the patient monitor itself. The monitor was disassembled, and all internal connections were carefully inspected and reset. After reassembly, the monitor was tested and it was displaying the respiratory rate."
Patient Monitor,Philips,Efficia CM120,The patient monitor was not dispalying the SpO2 reading.,"A visual inspection of the SpO2 probe revealed visible damage. To confirm the issue, the probe was tested on another patient monitor, where it failed to function, indicating a defective probe.The SpO2 probe was replaced and the patient monitor is functioning correctly."
Central Monitoring System,Philips,Efficia CM120,An issue with alarm settings was reported.,"Upon evaluation, it was observed that the bedside patient monitors were configured with incorrect normal range settings for severa vita parameters. These incorrect thresholds were causing either missed alarms or frequent false alerts. The normal range settings for all monitored parameters were reviewed and reconfigured. Alarm volume settings within the CMS were also adjusted to ensure audibility without being disruptive. A functionality check was performed post-adjustment, confirming that alarms are noe triggered appropriately when parameters deviate from set thresholds."
Autoclave,,,Reported to be non-functional.,"A detailed inspection revealed that the autoclaves' heating elements were defective, preventing proper water heating. Upon removal, visible damage to the heater rod was observed. In coordination with the maintenance department, the damaged heater rods were removed, and three new heater rods were installed. Post-installation, the autoclave was powered on, and tested. The autoclave is now fully-functional."
Infant Radiant Warmer,Shreeyash,,Device not powering on.,"An initial inspection indicated that the device was non-functional and could not be powered on. The fuse was tested and confirmed to be functional. Further disassembly of the device revealed a faulty power switch. A continuity test was conducted to verify the fault, and the switch failure was confirmed. The defective switch was carefully removed and replaced with a new one. After the replacement, the device was reassembled and powered on for testing. The Infant Radiant Warmer is now fully operational and functioning as expected.
"
CO2 Insufflator,Devine Meditech,Advanced,The device was reported as non-functional.,"The OT staff reported an unusual loud sound emanating from the insufflator during use. Upon initial inspection, it was confirmed that the device was receiving CO₂ from the connected cylinder and was producing output. However, a gas leak was observed within the internal components of the device. This damage was the source of the leakage. The compromised section of the pipe was carefully removed, and the remaining intact portion was securely reconnected to the inlet port. Post-repair, the device was reassembled and subjected to a functional test. The unit successfully produced output without any signs of leakage, confirming that the issue was resolved.
"
ECG Machine,Mindray,BeneHeart R12,"The nursing staff had reported an issue with the ECG waveform, specifically that the aVR was displaying an inverted waveform inconsistent with expected clinical presentation.","A thorough inspection of the ECG machine was conducted. It was confirmed that the limb leads were correctly connected, ruling out lead placement as the cause of the anomaly. Further investigation into the system settings revealed that the ECG waveform display format was not configured to the standard clinical format, resulting in the inversion of the aVR waveform. The waveform setup was reconfigured to the standard format, correcting the inversion of the aVR lead. A follow-up test confirmed that all ECG waveforms, including aVR, were now displaying accurately. The ECG machine has been restored to proper working condition and is functioning as per clinical standards.
"
Ultrasound Therapy,Johari, JUS 2,Device reported to be non-functional.,"Upon receiving the complaint, the unit was thoroughly inspected. The device settings were appropriately selected for testing. Despite correct settings the probe failed to produce any therapeutic effect, indicating a fault with the probe itself. A continuity test revealed a discontinuity in the cable at the connector point. This confirms that the probe is defective and has to be replaced to restore optimal functionality of the machine."
Patient Bed,,,Remote control unresponsive,"Upon inspection, it was confirmed that the patient bed's remote control was unresponsive. Initial examination revealed that the power plug was damaged, which was subsequently replaced. Further investigation traced the issue to the bed's power box. It was found that the power box had been dislodged from its mounting position and was wedged in a way that likely contributed to its failure. On closer examination, the power box was discovered to be severely damaged. The internal circuit board and several components were physically broken and rendered non-functional and are beyond repair. Until a replacement power box is installed, the bed will remain non-operational and cannot be adjusted to suit patient care requirements."
C-Arm Machine,Allengers,HF49,Machine completely non-functional.,"A thorough inspection revealed that the machine’s control section was completely unresponsive, with no display or indicator lights active. The HV cable, which connects the X-ray generator to the power supply, was inspected. On closer examination, the locking mechanism of the HV connector was found to be loose due to a missing screw, preventing a proper and secure electrical connection to the power supply. The missing screw was replaced, and the locking mechanism was reassembled and secured properly. This allowed for a secure connection of the HV cable to the power supply. However, the system continued to power intermittently, indicating a possible secondary issue. Further physical inspection revealed that the connector pin inside the HV cable was misaligned within its housing. Due to this, electrical contact with the corresponding terminal in the power supply unit was not being established, resulting in no voltage transmission to the system. The connector pin was carefully realigned and secured to ensure proper contact. Upon reconnection, the system is powered on normally without interruptions.
  "
Sphygmomanometer,,,"The device was reported to be non-functional.
","The manometer dial, which displays the pressure reading, was found to be dislodged from its correct position inside the casing. The dial was realigned and secured in its original position to restore accuracy in pressure readings. Both tube connectors — one leading to the inflation bulb and the other to the pressure cuff — were found to be worn and partially degraded, likely causing air leakage during inflation. The damaged sections of the tubing were trimmed, and the remaining intact sections were reconnected securely to their respective components. After repairs, the sphygmomanometer underwent a functionality test and was found to be functional."
Sphygmomanometer ,,,The device was reported to be non-functional.,"The manometer dial, which displays the pressure reading, was found to be dislodged from its correct position inside the casing. The dial was realigned and secured in its original position to restore accuracy in pressure readings. A leak was detected in the pressure cuff, which prevented the device from maintaining pressure during operation. To resolve the issue, the damaged cuff was replaced using a functional cuff salvaged from another non-operational sphygmomanometer. The sphygmomanometer is now fully functional. 
"
Central Monitoring System,Philips,Efficia CM120,System reported to be non-functional.,"Upon inspection, it was observed that the central monitoring system was not functioning due to improperly secured connections. Specifically, the data transmission cables were loosely connected to the connection hub, as evidenced by the absence of the green indicator light. Additionally, the license key was not fully inserted into its designated port, preventing proper system authentication. All the data transmission cables were reconnected to the connection hub to restore signal integrity, and the license key was properly inserted into the USB port to ensure software validation. Following these adjustments, the CMS was tested and confirmed to be fully operational. It resumed accurate real-time transmission of patient vital signs from the bedside monitors to the central station without any further anomalies."
Patient Monitor,Philips,Efficia CM120,ECG waveform not being displayed.,"A thorough inspection of the monitor settings was carried out, and no abnormalities were found. To verify the functionality of the ECG cable, a performance test was conducted through waveform interference in water. During this test, ECG waveform was successfully displayed on the monitor, indicating that the cable and monitor are functioning correctly. The ECG cable and monitor are fully functional."
CO2 Insufflator,,ADVANCE 30 L,The device was reported to be non-functional.,"A comprehensive inspection of the CO2 insufflator was conducted. During the evaluation, a gas leakage was identified at the inlet port-specifically at the connection point where the CO2 supply line enters the machine. It was due to loose connection which was tightened and secured. Following the corrective action, the device was retested for functionality. No further leakage was detected, and the device successfully delivered CO2 output as expected. The CO2 insufflator is now operating normally and is fully functional."
CO2 Insufflator,Devine Meditech,ADVANCE 40 L ,The device was reported to be non-functional.,"A detailed inspection of the CO2 insufflator was carried out to assess the reported issue. A gas leakage was observed at the inlet port-specifically at the junction where the CO2 supply line connects to the machine. The issue was identified as a loose connection between the gas pipe and the inlet fitting. Corrective action was taken by securely tightening the connection. Following this, the system was tested for performance. No further leakage was detected, with appropriate CO2 output being delivered. It is strongly recommended that the CO2 flow from the cylinder be opened gradually during the initial setup. The gas valve should be opened slowly until no error messages appear on the device display."
Scaler,,,The device was reported as non-functional with water leakage.,"An inspection of the scaler unit was conducted in response to the reported malfunction. During operation, water leakage was observed originating from within the device. Upon internal examination. a breakage in one of the internal water supply pipes was discovered. The damaged section of the pipe was trimmed and the remaining intact portion was securely reattached to its designated connector. Following the reassembly, the device was thoroughly tested. No further water leakage was detected, and the scaler operated normally."
TENS Machine,Krishjay Physio,TENS 4 Channel,Reported to be non-functional with no consistent power supply observed.,"Upon initial inspection, it was noted that the device could power on intermittently, as indicated by a flickering display. The power switch was tested and confirmed to be functioning correctly. However, the wires connected to the power switch and to the power board were loosely attached. The loose wires were securely reconnected. The voltage drop was checked after reconnection to confirm power delivery. Post-repair testing confirmed that the device now powers on reliably without any flickering, indicating that the issue has been resolved."
Ventilator,Hamilton,C3,An issue with the flow sensor was reported.,"A comprehensive assessment was carried out, which included pre-operational tests such as tightness test and the flow sensor test. Both tests were successfully completed with no faults. Subsequently, the functionality of the ventilator was tested. During this evaluation no leakages were observed, and the flow sensor operated correctly without any error messages or performance issues. Based on this, the ventilator is fully functional."
Infant Radiant Warmer,Shreeyash,,Routine Inspection,"A comprehensive routine inspection was carried out. During the assessment, the device powered on successfully with no signs of power supply issues. The functionality of air temperature sensor and skin temperature was thoroughly tested, and found to be responsive. Additionally, the observation lamps and touch interface of the device was checked and confirmed to be fully functional. In conclusion, the device is fully functional with no faults or performance concerns noted."
Infant Radiant Warmer,Shreeyash,,Routine Inspection,"A comprehensive routine inspection was carried out. During the assessment, the device powered on successfully with no signs of power supply issues. The functionality of air temperature sensor and skin temperature was thoroughly tested, and found to be responsive. Additionally, the observation lamps and touch interface of the device was checked and confirmed to be fully functional. In conclusion, the device is fully functional with no faults or performance concerns noted."
Infant Radiant Warmer,Shreeyash,,Routine Inspection,"A comprehensive routine inspection was carried out. During the assessment, the device powered on successfully with no signs of power supply issues. The functionality of air temperature sensor and skin temperature was thoroughly tested, and found to be responsive. Additionally, the observation lamps and touch interface of the device was checked and confirmed to be fully functional. In conclusion, the device is fully functional with no faults or performance concerns noted."
Infant Radiant Warmer,Shreeyash,,Routine Inspection,"A comprehensive routine inspection was carried out. During the assessment, the device powered on successfully with no signs of power supply issues. The functionality of air temperature sensor and skin temperature was thoroughly tested, and found to be responsive. Additionally, the observation lamps and touch interface of the device was checked and confirmed to be fully functional. In conclusion, the device is fully functional with no faults or performance concerns noted."
Infant Radiant Warmer,Shreeyash,,Routine Inspection,"A comprehensive routine inspection was carried out. During the assessment, the device powered on successfully with no signs of power supply issues. The functionality of air temperature sensor and skin temperature was thoroughly tested, and found to be responsive. Additionally, the observation lamps and touch interface of the device was checked and confirmed to be fully functional. In conclusion, the device is fully functional with no faults or performance concerns noted."
Infant Radiant Warmer,Shreeyash,,Routine Inspection,"A comprehensive routine inspection was carried out. During the assessment, the device powered on successfully with no signs of power supply issues. The functionality of air temperature sensor and skin temperature was thoroughly tested, and found to be responsive. Additionally, the observation lamps and touch interface of the device was checked and confirmed to be fully functional. In conclusion, the device is fully functional with no faults or performance concerns noted."
Infant Radiant Warmer,Shreeyash,,Routine Inspection,"During the routine inspection, it was found that the skin temperature sensor was physically damaged, due to which the warmer was displaying a skin temperature failure error message. While other components like air temperature sensor and observation lamp are functional, the skin temperature sensor must be replaced to restore the full functionality of the warmer."
Sphygmomanometer,,,Reported to be non-functional.,"Upon examination, it was identified that the inflation bulb had a malfunctioning one-way valve that was stuck, preventing proper inflation. Additionally, the tubing connectors were found to be worn and degraded, contributing to compromised performance. The damaged sections of the tubing were trimmed and securely reattached o restore a proper seal. The issue with the one-way valve in the inflation bulb was also resolved. After completing these repairs, the sphygmomanometer was tested and confirmed to be fully functional with accurate inflation and pressure retention."
Patient Monitor,Schiller,TRUSCOPE Ultra Q7,Faulty SpO2 lock.,The defective lock was replaced by a new SpO2 lock. The functionality was tested and the monitor successfully displayed the SpO2 reading.
View Box,,,Reported to be non-functional.,"The power switch was tested and confirmed to be operational. Further investigation involved checking the LED driver for both input and output voltages. It was observed that while the driver was receiving the AC input voltage, there was no DC output voltage, indicating a failure in the LED driver. Upon confirming the fault, the damaged LED driver was replaced with a new unit. Post-replacement, the system was re-tested, and the light functionality was fully restored. The view  box is now operational and functioning normally. "
Syringe Pump,Smiths Medical,Graseby TM C9,Automatic on and off during operation.,"The voltage of the battery was checked and was found to be below threshold value. The device didn't shutdown during charging. So, the potential cause of the frequent shutdown is due to depleted battery. The syringe pump was charged and regained the battery voltage. The syringe pump is now fully functional."
C-Arm Machine,Allengers,HF49R,Unable to power on.,"It was observed that both the C-Arm machine and the voltage stabilizer were not powering on. Further investigation revealed that the power plug of the voltage stabilizer had a disconnected wire, preventing electrical power from reaching the stabilizer and subsequently, the C-Arm machine. The disconnected wire was securely reconnected, after which the voltage stabilizer powered on successfully. As a result, the C-Arm machine also powered on without any issues."
Blood Bank Refrigerator,REMI,BR-50,Reported to be non-functional.,"Upon inspection, the refrigerator was found to be displaying a persistent ""door open"" alarm despite the door being securely closed. Additionally, the door status indicator light (open/closed) was non-functional. This malfunction led to a ""high temperature"" alarm, as the system was unable to register the door as properly sealed. Further investigation revealed that the issue was caused by the disconnected wires within the door handle assembly. The disconnected wires prevented the system from detecting the door's actual status, resulting in false alarms. The sensor assembly was disassembled, and the disconnected wires were reconnected. Following the repair, the green indicator light for door closed illuminated correctly. The door open and high temperature alarms were resolved. The internal temperature stabilized within the acceptable range required for blood storage. The refrigerator is now fully functional. Door status is accurately detected, alarms are cleared, and temperature regulation is operating within required specifications."
Blood Bank Refrigerator,REMI,BR-120 Ultra,Reported to be non-functional.,"Upon inspection, the refrigerator was found to be displaying a persistent ""door open"" alarm despite the door being securely closed. Additionally, the door status indicator light (open/closed) was non-functional. This malfunction led to a ""high temparture"" alarm, as the system was unable to register the door as properly sealed. Further investigation revealed taht the issue was caused by the disconnected wires within the door handle assembly. The disconnected wires prevented the system from detecting the door's actual status, resulting in false alarms. Additionally, the main display was completely white and non-responsive, failing to show the internal temperature. Upon inspection of the display unit, a communication error was detected. The display panel was disassembled, and all internal connections were securely reconnected. The sensor assembly was disassembled, and the disconnected wires were reconnected. Following the repair, the green indicator light for door closed illuminated correctly. The internal temperature stabilized within the acceptable range required for blood storage. The refrigerator is now fully functional. Door status is accurately detected, alarms are cleared, and temperature regulation is operating within required specifications. "
OT Light,,,Light turning on and off intermittently.,"The OT light was thoroughly inspected following reports of intermittent functionality when positioned in certain orientations. Initial testing included measuring the output voltage from the SMPS, which was found to be within acceptable range, thereby ruling out the SMPS as the cause of the issue. Upon further inspection and disassembly of the OT light, a continuity test revealed unintended contact between live and neutral wire within the articulated arm of the OT light. All the internal wires were properly insulated and live and neutral wires were securely reconnected to eliminate any potential contacts. Post-repair confirmed stable functionality of the OT light across various positions."
Syringe Pump,Smiths Medical,Graseby C9,Device powering off automatically during operation.,"An initial assessment was conducted to investigate the reported issue of the syringe pump. The battery voltage was found to be below the threshold voltage, indicating a depleted battery. The syringe pump remained operational during charging. Following the charging, the syringe pump resumed normal operation without any power interruptions. "
Patient Monitor,Schiller,TRUSCOPE Ultra Q7,The touchscreen display of the patient monitor was unresponsive.,"The internal cable responsible for touch functionality had become disconnected from the designated connector on the interface board. The cable was securely reconnected to its designated place. After reassembly, the touchscreen functionality was fully restored."
Colposcope,Lutech,LT-300SD,Issue with no image on the screen.,"Issue with no image on the screen was assessed and loose connections was the problem. So, we properly connected the wires and the problem was resolved."
Syringe Pump,Smiths Medical,Graseby C9,Device repeatedly turning off.,"An initial assessment was conducted to investigate the reported issue. The battery was removed, and its voltage was checked, confirming a low battery condition. The battery was then charged for a period. Following the charging, the device was tested and found to be functioning correctly without further power interruptions. It was determined that the issue was primarily due to a depleted battery. Device restored to operational condition . The issue was resolved by charging the depleted battery."
Syringe Pump,Smiths Medical,Graseby C9,"Device displaying transmission error during operation.
","The device was displaying a transmission error during operation. To address the issue, all internal cables were disconnected, and the internal syringe plunger mechanism was accessed for inspection. The internal components were carefully disassembled, cleaned, and reassembled to ensure proper alignment and functionality. All connections were re-secured, and the device was reassembled completely. After reassembly, the syringe pump was tested extensively. The transmission error was no longer present, and the device operated normally throughout multiple test cycles
"
Nebulizer,Optima Care,,Switch failure ,"The original switch was found to be damaged and was replaced. Additionally, the motor was lubricated to improve its operational smoothness. The switch failure is attributed to continuous use of the nebulizer. The switch has been replaced, and the motor has been lubricated. The nebulizer is restored to operational condition."
ECG Machine,Philips,PageWriter TC20," Artifacts observed in ECG waveform.
","Upon inspection, the ECG leads were examined, and a significant buildup of conductive gel and residue was observed on the electrodes. This was likely responsible for the signal artifacts affecting the ECG waveform quality. A diagnostic check of the system was performed, including lead shortage test  and assessment for waveform interference in water. These tests confirmed that there were no lead shortages or faults in the ECG cables or connectors. Following thorough cleaning of the electrodes and removal of all gel residue, a repeat ECG test was conducted. The waveform appeared clear, with no artifacts present.
"
Bain Circuit,,,"The bain circuit was reported to be non-functional.
","Upon inspection, the Bain circuit was found to be bent and had a leakage. The damaged part of the tube was cut off, and the remaining ends were reconnected securely. The circuit was checked for any other leaks and tested. It is now working properly without any leakage or pressure issues. Circuit restored to proper working condition.
"
Patient Monitor,Philips,Efficia CM120,Routine Inspection.,"A comprehensive functionality check was conducted on the patient monitor, including its key accessories: ECG cable, SpO2 sensor cable, and NIBP (Non-Invasive Blood Pressure) cuff and cable. All components were tested for operational integrity and accuracy. The patient monitor and all associated accessories are fully functional. The unit is ready for clinical use in OT."
Chest Vibrator,,,The vibrator was reported as non-functional due to a lack of continuity in the main power wire.,"Investigation revealed the point of discontinuity within the main power wire. The faulty section of the wire was repaired by adding a good, continuous piece of wire to restore the electrical path. Following the repair, the vibrator was tested and confirmed to be fully functional.
"
CO2 Insufflator,Devine Meditech,30L ADVANCE,The device was non-functional and displayed an error code.,"Upon inspection, the CO₂ insufflator was found to be displaying an error code, which was traced to an insufficient supply of CO₂ gas from the connected cylinder. To resolve the issue, the CO₂ flow from the cylinder was gradually increased until the error code disappeared. A comprehensive functionality test was then performed, confirming that the device was operating within normal parameters and the error code no longer appeared."
Vibrator,,,Device was non-functional and did not power on.,"Upon inspection, the massager was found to be unresponsive. A continuity check was performed on the power supply cable, which revealed an internal break in a section of the wire, preventing electrical flow. The damaged portion of the wire was removed, and the remaining ends were reconnected and securely insulated.
After repair, the device was tested under normal operating conditions. The motor engaged correctly, and the unit delivered consistent vibration output, indicating successful restoration."
Sphygmomanometer,,,Leakage in the one-way valve.,"The one-way valve was found to be stuck because of which there was an air leakage. The one-way valve could not be repaired and as a solution, the entire inflation bulb assembly, which includes the one-way valve, was replaced with from another non- functional sphygmomanometer. The device was then reassembled and tested for performance. Inflation bulb successfully replaced. The sphygmomanometer is now functioning properly with no leakage and accurate readings.
"
Sphygmomanometer,,,Pressure gauge needle was not resting at the zero position.,"The pressure gauge was found to be misaligned, with the needle not returning to the zero mark.The gauge was carefully realigned to ensure accurate baseline readings. Pressure gauge successfully adjusted. The sphygmomanometer is now functioning correctly and providing accurate readings."
Sphygmomanometer,,,"Leakage detected in the tubing.
","The section of the tubing exhibiting leakage was identified. The damaged portion was cut and removed, followed by reassembly of the tubing to ensure a secure and functional connection. Instrument repaired successfully and is now operating correctly, displaying accurate blood pressure readings."
Hydrocollator,,,Did not power on.,"Upon inspection, it was found that the neutral (black) wires had become disconnected from their terminals inside the machine. The disconnection likely occurred due to internal corrosion and prolonged mechanical strain, as evident from the rust and burn marks near the cable entry point. The disconnected neutral wires were properly stripped, reconnected to their respective terminals, and insulated to ensure safe operation. Ground continuity was also verified.After the reconnection, the unit was powered on and tested. It began heating normally, confirming that the electrical connection had been successfully restored."
Sphygmomanometer,,,Pressure gauge needle was not resting at the zero position.,"The pressure gauge was found to be misaligned, with the needle not returning to the zero mark.The gauge was carefully realigned to ensure accurate baseline readings. Pressure gauge successfully adjusted. The sphygmomanometer is now functioning correctly and providing accurate readings."
Refrigerator,Hisense ,,"Reagent samples were found frozen, and water accumulation was observed at the bottom of the refrigerator. The required operating temperature was 2 – 8 °C.","An initial inspection revealed that the stored reagent samples had frozen, and there was noticeable water pooling at the base of the refrigerator compartment. This suggested a possible temperature regulation issue. To investigate, the refrigerator's temperature regulation control setting (range 1–8) was evaluated. A temperature sensor was used to monitor and record internal temperatures across various settings. The readings were consistent with expected performance, showing appropriate temperature variation in relation to the regulator's position."
Syringe Pump,Smiths Medical,Graseby C9,Device repeatedly turning off.,"An initial assessment was conducted to investigate the reported issue. The battery was removed, and its voltage was checked, confirming a low battery condition. The battery was then charged for a period. Following the charging, the device was tested and found to be functioning correctly without further power interruptions. It was determined that the issue was primarily due to a depleted battery. Device restored to operational condition . The issue was resolved by charging the depleted battery."
Syringe Pump,Smiths Medical,Graseby C9,Transmission error,"The device was displaying a transmission error during operation. The transmission error occurs when there is a problem with the syringe plunger. To address the issue, all internal cables were disconnected, and the internal syringe plunger mechanism was found to be locked.
Due to this, the plunger was fixed at a point and could not be moved. The locked component within the syringe pump plunger mechanism was carefully unlocked and reassembled to ensure proper alignment and functionality. All connections were re-secured, and the device was reassembled completely. After reassembly, the syringe pump was tested extensively. The transmission error was no longer present, and the syringe pump delivered the set VTBI without any interruptions."
Ventilator,Hamilton,C1,Flow sensor problem.,"Pre-operational tests were conducted, including the leak test and flow sensor test. The ventilator successfully passed these initial checks. During further testing of the ventilator's operation, the device repeatedly displayed the “Flip the tubing of the flow sensor”. Despite flipping the flow sensor tubing, the ventilator continued to show high leakage rates and was unable to deliver the set tidal volume. A detailed inspection of the tubing connections revealed that the flow sensor tubing was loosely connected, leading to the leakage and malfunction. The tubing was properly secured and reconnected. After correcting the tubing connection, the ventilator was re-tested. No further flow sensor errors were observed, and the ventilator successfully delivered the set tidal volume."
Syringe Pump,Smiths Medical,Graseby C9,Transmission error.,"The device was displaying a transmission error during operation. To address the issue, all internal cables were disconnected, and the internal syringe plunger mechanism was accessed for inspection. The internal components were carefully disassembled, cleaned, and reassembled to ensure proper alignment and functionality. All connections were re-secured, and the device was reassembled completely. After reassembly, the syringe pump was tested extensively. The transmission error was no longer present, and the device operated normally throughout multiple test cycles.
"
Syringe Pump,Smiths Medical,Graseby C9,Device repeatedly turning off.,"An initial assessment was conducted to investigate the reported issue. The battery was removed, and its voltage was checked, confirming a low battery condition. The battery was then charged for a period. Following the charging, the device was tested and found to be functioning correctly without further power interruptions. It was determined that the issue was primarily due to a depleted battery. Device restored to operational condition . The issue was resolved by charging the depleted battery."
Ventilator,Hamilton,C1,The ventilator was reported as non-functional and unable to power on.,"Upon inspection, it was observed that the ventilator did not respond when connected to the power supply. Further examination revealed that the wire was disconnected from the power plug, resulting in the device not receiving electrical power. The disconnected wire was securely reconnected to the plug. Following the reconnection, the ventilator was successfully powered on. Upon startup, the device displayed a low battery warning, indicating that it had not been charged for a considerable period. It is recommended to charge the ventilator fully to maintain battery health.
"
ECG Machine,ECGMAC,EM301,"The ECG machine was reported to have an issue with printing.
","During inspection, it was observed that the ECG waveforms printed on the paper were faint and unclear, making interpretation difficult. As a first step, the thermal print head was cleaned to eliminate any potential residue that could affect print quality. However, the issue persisted even after cleaning. Subsequently, the ECG paper was replaced, and after replacement, the machine printed waveforms clearly and accurately, indicating that the problem stemmed from defective or incompatible ECG paper. The machine is now fully operational."
Central Monitoring System,Philips,Efficia CM120,"Reported as non-functional.
","The Central Monitoring System was found to be non-operational due to improperly connected components. Notably, the data transmission cables were not firmly attached to the system’s connection hub, as indicated by the inactive green status light. Furthermore, the USB license key had not been fully inserted into its assigned port, which resulted in a failure of system authentication. To resolve the issue, all data transmission cables were securely reconnected to the hub to reestablish proper signal flow. The USB license key was also fully inserted into the designated port, enabling the necessary software validation. Post-maintenance testing confirmed that the system was functioning normally. It successfully resumed real-time monitoring, with patient vital signs being accurately transmitted from bedside monitors to the central station, without any anomalies."
Syringe Pump,Smiths Medical,Graseby C9,No display.,"Upon initial inspection, the syringe pump did not power on despite being properly connected to an external power source. The device was subsequently disassembled, and it was discovered that the ribbon cable connecting the main control board to the display module had become disconnected from its designated connector. The ribbon cable was carefully reconnected to its appropriate connector. Once reconnected, the device was powered on, and the display resumed normal operation. The syringe pump was tested and was found to be fully functional.
"
Patient Bed,,,"Remote control unresponsive.
","Upon inspection, the remote control was found to be unresponsive, with the bed movement functions not activating. The remote control and its connecting cables were inspected, and no visible damage was found on the exterior, but signal transmission appeared faulty. Input and output voltages from the bed’s power box were measured. Output voltage was within the acceptable operational range, confirming that the power supply was not the issue. While pressing the buttons on the remote, it was observed that the relay switches were not being triggered.  Further inspection revealed that the cable connection to the power box was loose. The connections were properly secured. After securing the connections, the remote control became responsive. All movement functions of the bed were successfully tested and confirmed operational."
Drill Machine,INGCO,,The drill bit was stuck and could not be removed.,"Upon inspection, it was observed that the drill bit was firmly stuck due to rust and the accumulation of debris and surgical residues. This build-up caused the moving components to seize, preventing normal operation and removal of the bit. The affected area was thoroughly cleaned, and lubricant was applied to loosen the components. After sufficient dwell time, the stuck drill bit was successfully removed without causing damage to the mechanism. The drill was then fully disassembled to inspect internal components, particularly the gear assembly. Internal gears and moving parts were cleaned and lubricated to restore smooth functionality and prevent future seizing. The unit was reassembled and functionally tested."
Patient Bed,,,Bed was not receiving power and was non-functional.,"Initial checks showed no power supply to the bed. Continuity testing revealed a fault in the plug. Upon inspection, internal wires were found frayed and nearly touching, posing a risk of short circuit. The wiring was corrected, secured properly, and the plug reassembled. "
Syringe Pump,Smiths Medical,Graseby C9,Device automatically powers off when switched ON.,"Upon inspection, it was found that the syringe pump was automatically shutting down immediately after being turned ON. This behavior was traced to a dead internal battery, which was unable to supply the necessary power for startup. To resolve the issue, the non-functional battery was replaced with a working battery taken from another non-functional syringe pump. After replacing the battery, the syringe pump powered on normally and remained operational without shutting off. The device was tested thoroughly to ensure consistent performance and functionality. No further issues were observed during the test operation.
"
Syringe Pump,Mindray,Benefusion SP3,Device not powering ON.,"Upon inspection, it was found that the DC converter circuit board had a damaged IC , which led to battery depletion. As a result, the device was not charging or turning on.
The faulty circuit board was replaced using a board from another non-functional syringe pump (with a different issue). After replacement, the syringe pump powered on successfully. Calibration was performed to ensure proper functionality. Device restored to full working condition."
ECG Machine,Philips,PageWriter TC20,"Artifacts appearing in ECG waveform.
","A diagnostic evaluation was conducted to investigate the presence of waveform artifacts. An initial lead shortage test was performed, which revealed no issues or discontinuities in the lead wires. It was observed that a significant amount of dried and excess conduction gel had accumulated on the suction and limb electrodes. This residue was interfering with proper signal conduction, resulting in the artifacts seen on the ECG output. All electrodes and leads were thoroughly cleaned to remove the conduction gel buildup. To verify signal integrity, the ECG cable was subsequently tested in water, and no artifacts were observed during this testing.

"
Ventilator,Hamilton,C1,Ventilator not charging.,"The ventilator was initially reported to have a charging issue. Upon inspection, it was found that a disconnected wire in the power plug was preventing proper charging. This connection was restored, and the power supply to the ventilator resumed. However, despite extended charging, the ventilator continued to display a low battery alarm, eventually escalating to a depleted battery alarm. This indicated that the internal battery had deteriorated to the point where it could no longer hold a charge. The battery was confirmed to be fully depleted and was subsequently replaced with a new, compatible unit. After the battery replacement, the ventilator underwent comprehensive performance testing. Functional verification was conducted using a VT900A Gas Flow Analyzer. Parameters including tidal volume, PEEP, and FiO₂ were compared between the ventilator's set values and the actual readings captured by the analyzer. The ventilator successfully delivered the set tidal volume and matched the expected performance across all parameters, confirming its operational integrity. The ventilator is now fully operational and accurately delivering the configured ventilator parameters.
"
Gauze Cutter,Cupid 110,,"Gauze was not being cut properly.
",The issue was traced to a dull blade. We replaced the old blade with a new one and lubricated the necessary mechanical components to ensure smooth operation. The machine was then tested and confirmed to be functioning properly
Ventilator,Hamilton,C1,Routine maintenance and performance verification.,"A routine service and performance verification were carried out on the Hamilton C1 ventilator. The following checks and calibrations were performed using the manufacturer's service software, such as blower timer check, and alarm system test. Additionally, the flow sensor was calibrated to ensure accurate airflow and volume measurements. Post-calibration, the ventilator’s performance was verified using the VT900A Gas Flow Analyzer. Parameters such as tidal volume and FiO₂ were adjusted on the ventilator and cross-verified with the actual values measured by the analyzer. The measured values from the analyzer closely matched the configured settings on the ventilator, confirming that the device is accurately delivering the prescribed respiratory support."
Ventilator,Hamilton,C1,Routine maintenance and performance verification.,"A routine service and performance verification were carried out on the Hamilton C1 ventilator. The following checks and calibrations were performed using the manufacturer's service software, such as blower timer check, and alarm system test. Additionally, the flow sensor was calibrated to ensure accurate airflow and volume measurements. Post-calibration, the ventilator’s performance was verified using the VT900A Gas Flow Analyzer. Parameters such as tidal volume and FiO₂ were adjusted on the ventilator and cross-verified with the actual values measured by the analyzer. The measured values from the analyzer closely matched the configured settings on the ventilator, confirming that the device is accurately delivering the prescribed respiratory support."
Ventilator,Hamilton,C1,Routine maintenance and performance verification.,"A routine service and performance verification were carried out on the Hamilton C1 ventilator. The following checks and calibrations were performed using the manufacturer's service software, such as blower timer check, and alarm system test. Additionally, the flow sensor was calibrated to ensure accurate airflow and volume measurements. Post-calibration, the ventilator’s performance was verified using the VT900A Gas Flow Analyzer. Parameters such as tidal volume and FiO₂ were adjusted on the ventilator and cross-verified with the actual values measured by the analyzer. The measured values from the analyzer closely matched the configured settings on the ventilator, confirming that the device is accurately delivering the prescribed respiratory support."
Ventilator,Hamilton,C1,Routine maintenance and performance verification.,"A routine service and performance verification were carried out on the Hamilton C1 ventilator. The following checks and calibrations were performed using the manufacturer's service software, such as blower timer check, and alarm system test. Additionally, the flow sensor was calibrated to ensure accurate airflow and volume measurements. Post-calibration, the ventilator’s performance was verified using the VT900A Gas Flow Analyzer. Parameters such as tidal volume and FiO₂ were adjusted on the ventilator and cross-verified with the actual values measured by the analyzer. The measured values from the analyzer closely matched the configured settings on the ventilator, confirming that the device is accurately delivering the prescribed respiratory support."
Syringe Pump,Smiths Medical,Graseby C9,Transmission error.,"The device was displaying a transmission error during operation. To address the issue, all internal cables were disconnected, and the internal syringe plunger mechanism was accessed for inspection. The internal components were carefully disassembled, cleaned, and reassembled to ensure proper alignment and functionality. All connections were re-secured, and the device was reassembled completely. After reassembly, the syringe pump was tested extensively. The transmission error was no longer present, and the device operated normally throughout multiple test cycles."
OT Light,,,OT Light not functioning consistently. ,"An initial inspection was carried out following a report that the OT light was intermittently non-functional. It was observed that the light would turn on only when positioned in specific angles or orientations. The SMPS unit was tested, and its output voltage was found to be within the specified range. However, no voltage was detected on the light head’s internal board. Electrical continuity tests revealed inconsistent connectivity between the live and neutral wires—continuity was present in some positions and absent in others. This pointed to a possible fault in the internal wiring.  

The OT light was partially disassembled for a closer inspection. No visible damage or break in insulation was found in the accessible wiring. Further disassembly, specifically of the balancing arm section, revealed irregular continuity between the live and neutral wires, likely due to a loose or misconnected wire. The faulty wiring within the balancing arm was reconnected properly and thoroughly insulated. Post-repair, there was no longer any unexpected continuity between live and neutral wires. Voltage readings remained stable and within the appropriate range.

The OT light was fully reassembled, and its functionality was tested at various positions and angles. The light remained consistently operational throughout the testing process."
Syringe Pump,Smiths Medical,Graseby C9," Initially reported as a ""system error,"" upon double-checking, the device displayed a ""transmission error"" during operation. Following initial repair attempts, a ""syringe open check the plunger"" error also appeared.
"," Initial Attempt (Transmission Error):
‌The device was displaying a transmission error during operation.All internal cables were disconnected, and the internal syringe plunger mechanism was accessed for inspection.The internal components were carefully disassembled, cleaned, and reassembled to ensure proper alignment and functionality.All connections were re-secured, and the device was reassembled completely.

 Second Attempt (Syringe Open Error):
‌After the initial reassembly, the device displayed a ""syringe open check the plunger"" error.The plunger head was reopened, and every part of the plunger mechanism was again removed and reassembled. 

After the second reassembly, the syringe pump was tested extensively.The transmission error was no longer present, and the ""syringe open check the plunger"" error was also resolved.
‌The device operated normally throughout multiple test cycles, including successful calibration and infusion completion as shown in the provided images."
Ultrasound Therapy,Meditech,, Difficulty in adjusting intensity beyond 0.4.,"Upon inspection, it was observed that the intensity control knobs were functional. Rotating the knobs allowed the intensity to increase, and no fault was initially identified when tested. Further investigation revealed that the issue occurred when there was a mismatch between the frequency setting and the transducer type. When the frequency selector was set to 1 MHz while a 3 MHz transducer was connected, the device restricted the intensity output and did not allow it to increase beyond 0.4, regardless of knob adjustment. When the correct frequency setting (3 MHz) was selected corresponding to the connected transducer, the intensity could be adjusted normally. This behavior indicates a user-related operational error rather than a technical fault in the device. The device was tested extensively in both pulsed and continuous modes, using properly matched frequency and transducer combinations. In all scenarios, the intensity adjusted correctly and functioned within the expected parameters.

"
Syringe Pump,Mindray,Benefusion SP3,"An issue in dose delivery was reported. Specifically, the device displayed a ""syringe empty"" alert before the set volume was fully administered.","The syringe pump was tested, and it was observed that the pump prematurely indicated an ""empty syringe"" despite not completing the set volume. The device was calibrated to verify and correct volume delivery accuracy. A series of comprehensive functional tests were then performed. Post calibration, the syringe pump accurately delivered the complete VTBI without triggering false alarms.

 
"
Syringe Pump,Mindray,Benefusion SP3,"The device was displaying inaccurate remaining volume. When a 50ml syringe was used and the pump was set to deliver 50ml, the pump successfully delivered the entire 50ml from the syringe. However, the pump's display incorrectly indicated a remaining volume, even after the syringe was completely empty. This indicates a calibration discrepancy in the volume sensing mechanism.","o address the inaccurate volume display and ensure correct volume sensing, the syringe pump underwent a calibration procedure. Device restored to proper working condition. The calibration resolved the issue of inaccurate remaining volume display, and the pump is now running smoothly with correct volume readings."
Nebulizer,HANDYNEB ,Classic,Not turning ON.,"Upon visual inspection, we found that a wire was broken. We reconnected the wire. Additionally, the fan was dirty and the compressor required maintenance.
We cleaned the fan and lubricated the compressor. Nebulizer restored to proper working."
Mattress Inflator,,,"The air mattress pump was not operating, and upon investigation, a continuity problem was identified in the power wire. The wire was found to be disconnected, preventing power from reaching the pump's motor.
","The power cable was carefully inspected to locate the point of disconnection.
The faulty section of the wire was repaired to re-establish electrical continuity.
The connection was reinforced to prevent future disconnections."
Nebulizer,HANDYNEB,Classic,Not turning ON.,"Upon visual inspection, we found that a wire was broken. We reconnected the wire. Additionally, the fan was dirty and the compressor required maintenance.
We cleaned the fan and lubricated the compressor."
Nebulizer,HANDYNEB,Classic,"Device was producing excessive noise during operation.
","Upon visual inspection, it was found that the piston was dislocated and getting disconnected from the motor during operation due to a damaged piston lock. This was the cause of the abnormal noise and disturbance. Due to the damaged piston lock and dislocated piston, the nebulizer was discarded and removed from service.
"
BIPAP,Philips,BiPAP Pro Bi-Flex,Loud noise during operation.,"The BiPAP machine was disassembled for inspection and it was observed that significant dust and debris had accumulated within the internal connecting pipes, around the motor assembly, and in the inlet/outlet ports. This buildup was found to be the primary cause of the excessive noise during use, as it interfered with the smooth airflow and mechanical operation of the device.

All affected components were thoroughly cleaned, and after reassembly, the device was powered on and tested for operational performance. The machine functioned normally, and the previously reported loud noise was no longer present."
Patient Monitor,Philips,Efficia CM120,Routine inspection.,"A routine inspection was conducted on the patient monitor.The touchscreen, alarm system, and all control buttons were thoroughly tested. The functionality of all accessories—including ECG cables, SpO₂ probes, temperature probes, and NIBP cuffs—was also verified."
Patient Monitor,Philips,Efficia CM120,Routine Inspection.,"A routine inspection was conducted on the patient monitor.The touchscreen, alarm system, and all control buttons were thoroughly tested. The functionality of all accessories—including ECG cables, SpO₂ probes, temperature probes, and NIBP cuffs—was also verified."
Patient Monitor,Philips,Efficia CM120,Routine inspection.,"A routine inspection was conducted on the patient monitor.The touchscreen, alarm system, and all control buttons were thoroughly tested. The functionality of all accessories—including ECG cables, SpO₂ probes, temperature probes, and NIBP cuffs—was also verified."
Patient Monitor,Philips,Efficia CM120,Routine inspection.,"A routine inspection was conducted on the patient monitor.The touchscreen, alarm system, and all control buttons were thoroughly tested. The functionality of all accessories—including ECG cables, SpO₂ probes, temperature probes, and NIBP cuffs—was also verified."
ECG Machine,Philips,PageWriter TC20,Routine inspection.,"A routine inspection was carried out on the ECG machine. The leads and electrodes were examined for the accumulation of conductive gel, which was subsequently cleaned. The ECG lead functionality was tested for waveform interference in water.

Touchscreen responsiveness, print functionality, and potential lead shortages were assessed. Additionally, the printer roller and thermal print head were cleaned."
ECG Machine,Biocare,iE6,Routine inspection.,"A routine inspection was carried out on the ECG machine. The electrodes and leads were examined for any accumulation of conductive gel, which was subsequently cleaned. The functionality of the ECG leads was verified using waveform interference testing in water. The touchscreen, printing functions, and any potential lead faults were also thoroughly checked. Additionally, the printer roller and thermal print head were cleaned to ensure optimal performance."
Protein Analyzer,AGAPPE,Mispa-i3,Discrepancy between the number of available test cartridges and the number of tests displayed on the system.,"Upon inspection, it was observed that the number of test cartridges did not match the remaining test count shown on the display. Specifically, the system showed fewer remaining tests despite the availability of more cartridges, resulting in the premature disposal and wastage of usable cartridges. The issue was determined to be due to incorrect handling of the test card by the user, which led to a mismatch in cartridge recognition by the system. No hardware or software fault was identified in the analyzer itself.
"
ECG Machine,Philips,PageWrter TC20,Abnormal ECG waveform color – Lead III displayed yellow while others remained green.,"Upon inspection, it was observed that the waveform corresponding to Lead III appeared yellow, in contrast to the standard green waveforms of other leads. This suggested a potential signal quality issue.

The ECG connector was initially found to be not fully inserted. After securely reconnecting it, the issue still persisted. A lead shortage was conducted using the machine’s diagnostic tool. No lead shortages were detected in the ECG cable.   

A visual inspection of the ECG cable and suction electrodes revealed a significant accumulation of conductive gel on both components. This contamination can interfere with signal quality and transmission.

All ECG leads and suction electrodes were thoroughly cleaned to remove the conductive gel residue. The cable functionality was verified using a waveform interference test in water. After cleaning, the ECG waveform for Lead III returned to green, matching the others. Multiple test runs were performed to ensure consistent and accurate ECG waveform display.
"
Central Monitoring System,Philips, Efficia CM120,Patient data from bedside monitors was not displaying on the Central Monitoring System.,"An issue was reported where the CMS failed to display patient data from one side of the bedside monitors in the post-op, indicating a potential disruption in data communication between the monitors and the CMS. The connection hub of the CMS was inspected. It was observed that the green indicator LED, which confirms active and secure transmission cable connection, was not illuminated, suggesting a connectivity issue. A detailed check revealed that the data transmission cable had been accidentally disconnected from the connection hub. 

The disconnected transmission cable was securely reconnected to the appropriate port on the connection hub. Once reconnected, the green indicator LED turned on, confirming successful re-establishment of the communication link. The CMS immediately began receiving and displaying real-time vital parameters from the affected bedside monitors."
Patient Monitor,Schiller,TRUSCOPE Ultra Q7,"The patient monitor was displaying a solid red screen , rendering it unusable for patient monitoring. This indicated a potential display or internal connection issue . ","The patient monitor was powered down and carefully opened to access internal components. Internal connections, likely associated with the display, were identified. The loose cables were then secured, restoring proper functionality. Device restored to proper working condition. Re-seating the internal connections resolved the display anomaly, and the monitor is now showing accurate patient parameters correctly."
Hydro Extractor,Ramsons,,Improper water drainage.,"Upon inspection, it was found that a towel had become lodged in the drain outlet, obstructing the flow of water. Initial attempts to remove the towel manually from the outlet were unsuccessful due to the tight entanglement.

To access and clear the obstruction, the outer casing of the hydro extractor was carefully disassembled. Once removed, the towel was successfully extracted from the drain outlet.

After reassembling the outer casing, the machine was tested for operation. However, the hydro extractor failed to power on. Further investigation revealed that a power supply wire had been disconnected, likely during the casing removal or reassembly process. The disconnected wire was reconnected securely.

Upon restoring the connection, the hydro extractor powered on successfully and was tested for functionality. The machine is now fully functional."
Ultrasound Therapy,Technomed Electronics,Electroson-608,The unit was reported to be non-functional.,"Upon inspection, the following issues were identified: the intensity level could not be adjusted despite rotating the encoder knob and the ultrasound probe insertion port was found to be physically displaced.

Internal inspection revealed that the encoder's pin on the PCB exhibited a discontinuity. A continuity check traced the issue to a cold solder joint on the encoder pin and a disconnected wire from the encoder connector.

The pin was properly resoldered, and the wire securely reconnected. Additionally, the port was realigned and securely fixed in its proper position.

After restoring intensity adjustment, the unit still did not produce ultrasound output. The probe connector and wiring were thoroughly inspected. A discontinuity was detected between the connector and the probe head. The wire was resoldered and securely reconnected. The secure connection was verified through continuity test."
Patient Monitor,Schiller,TRUSCOPE Ultra Q7,No NIBP reading displayed.,"The patient monitor was disassembled for internal inspection. It was observed that the connector linking the NIBP pump assembly to the main control board was disconnected. The connector was securely reattached, and the monitor was powered on for functional testing.

Despite this, the monitor continued to fail in displaying the NIBP reading. To isolate the issue, the BP cuff and the BP connecting cable were replaced using components from a known functional unit. After replacement, the monitor successfully displayed the NIBP reading, indicating that the issue was not with the internal circuitry or pump assembly.

The fault was traced to the defective BP connecting cable, which was confirmed through cross-testing. The monitor’s internal systems, including the pump and electronics, are fully operational.
"
Nebulizer,HANDYNEB,Classic,Not turning ON.,"Upon visual inspection, we found that a wire was broken. We reconnected the wire."
Mammogram,Allengers,Venus,"Improper X-ray exposure on the Bucky assembly, leading to blind spots and incomplete breast imaging.
","The mammogram unit was inspected due to improper X-ray exposure on the Bucky plate, resulting in blind spots and incomplete coverage. Diagnostic checks indicated misalignment in the collimator system. The collimator window was opened, and the internal mirror was found slightly misaligned. The mirror angle was adjusted to realign the light field with the Bucky plate.
Additionally, a disconnected wire was found in the display unit. The wire was securely reconnected, restoring display functionality.
After reassembly, test exposures confirmed proper X-ray coverage and elimination of blind spots. The display remained fully operational during testing.
"
Nebulizer,HANDYNEB,Classic,Not turning ON.,"Upon visual inspection, we found that a wire was broken. We reconnected the wire. Additionally, the fan was dirty and the compressor required maintenance.
We cleaned the fan and lubricated the compressor. Nebulizer restored to proper working."
Mattress Inflator,,,"The air mattress pump was not operating,  
","upon investigation,The wire was found to be disconnected, preventing power from reaching the pump's motor.
The power cable was carefully inspected to locate the point of disconnection.
The faulty section of the wire was repaired to re-establish electrical continuity. Device restored to proper working condition. The continuity problem in the wire has been resolved, and the air mattress pump is now functioning correctly
 "
ECG Machine,Philips,PageWriter TC20,Artifacts appearing in V3 waveform.,"A diagnostic evaluation was conducted to investigate the presence of waveform artifacts. An initial lead shortage test was performed, which revealed no issues or discontinuities in the lead wires. 

It was observed that a significant amount of dried and excess conduction gel had accumulated on the suction and limb electrodes. This residue was interfering with proper signal conduction, resulting in the artifacts seen on the ECG output.

All electrodes and leads were thoroughly cleaned to remove the conduction gel buildup. To verify signal integrity, the ECG cable was subsequently tested in water, and no artifacts were observed during this testing."
C2 Insufflator,,ADVANCE 30 L,The CO₂ insufflator was reported to be non-functional.,"Upon receiving the unit, the CO₂ insufflator was connected to a CO₂ supply for functional assessment. When the output was activated, a gas leakage was observed originating from within the unit.

The device was carefully disassembled to trace the source of the leakage. Inspection revealed a damaged internal pipe, which was causing the gas to escape. The damaged pipe was removed and replaced with a compatible new one.

After reassembly, the insufflator was reconnected to the CO₂ source, and a thorough functionality test was conducted. No further leakage was observed, and the device operated within normal parameters, confirming successful repair."
Patient Monitor,Philips,Efficia CM120,"False V-Tach (Ventricular Tachycardia) readings for ECG parameter.
","The patient monitor was flagged due to displaying anomalous ECG readings, specifically indicating Ventricular Tachycardia (V-Tach) despite the heart rate shown on the display was in the normal range . This discrepancy between the visually stable heart rate and the V-Tach alarm suggested a potential issue with the ECG signal acquisition or processing within the monitor.

To isolate the source of the problem, the ECG probe connected to the affected monitor was replaced with a probe from a known functional patient monitor. Despite the probe exchange, the monitor continued to display the false V-Tach waveforms and readings, confirming that the issue was inherent to the patient monitor itself and not due to a faulty ECG probe. 

he patient monitor was then opened for internal inspection. It was observed that several wires connected to the ECG processing unit appeared to be loose or partially disconnected. These loose connections were identified as the probable cause of the erratic and incorrect ECG waveform interpretation.

All identified loose wires related to the ECG circuitry were securely reconnected. Following the re-establishment of stable connections, the patient monitor was powered on and thoroughly tested. The ECG waveform now displayed accurate ECG parameter as observed, indicating a more stable interpretation of the cardiac rhythm. The heart rate readings also appeared consistent with the observed rhythm, and the false V-Tach alarms ceased.

Conclusion:
The patient monitor is now functional with accurate ECG parameter readings. The issue of false V-Tach indications was caused by loose internal wiring affecting the ECG signal processing. The repair, involving the re-connection of these wires, has resolved the problem, and the monitor is now providing reliable ECG data."
Laser Machine,Quanta System,Litho Evo,Low water level alarm displayed on the system.,"Upon inspection, the laser machine was found to  be displaying a low water level alarm. The internal water level was checked and found to be approximately at 51%. Distilled water was added through the refill port located at rear of the device until the reservoir reached an acceptable level. After refilling, the system powered on and the water level alarm was no longer visible. The machine completed self-diagnostics successfully and was confirmed to be fully functional. "
Syringe Pump,Smiths Medical,Graseby C9,Display not functioning.," During inspection, it was identified that the ribbon cable connecting the display was faulty, leading to the display failure.
The damaged ribbon cable was replaced with a working cable sourced from another non-functional syringe pump (which was out of service due to a different issue).
After the replacement, the display function was successfully restored."
Patient Monitor,Philips,IntelliVue MP20,Non-functional NIBP measurement.,"An issue with the BP cuff, has been resolved. Upon cross-verification with another BP cuff, it was confirmed that the machine is functioning properly. The issue was due to a non-functional BP cuff."
Uroflowmetry,DMS,,Printer not functioning.,"Upon inspection, it was found that the ink ribbon of the built-in impact dot matrix printer had been displaced from its correct position on the print head, which was the primary cause of the printing failure. Additionally, it was reported that the printer was not initiating automatic printing after the completion of the voiding cycle.

The ribbon was carefully repositioned onto the print head, ensuring proper alignment and tension. All electrical connections to the printer module, and flowmeter was reset.

After the reassembly, a functional test was conducted using a simulated voiding session. The printer successfully initiated and completed automatic printing of the uroflowmetry results. The machine is now fully functional."
Infusion Pump,Smiths Medical,Graseby 1200,Displaying occlusion alarm,"The infusion pump was inspected and found to be displaying an occlusion alarm, which was preventing normal operation. Upon further examination, the issue was traced to a bent section of the IV tubing that was obstructing the flow of medication, thereby triggering the occlusion detection system.

The IV tubing was repositioned to remove the obstruction, and the entire infusion path was checked to ensure there were no additional flow restrictions. 

Post-intervention, the occlusion alarm was no longer present, and the infusion process proceeded smoothly. The device is now fully operational and ready for use."
ECG Machine,Mindray,BeneHeart R12,Reported to be non-functional ,"On inspection, there were artifacts in the ECG waveform, which was due to incorrect filter settings. On the configuration of the correct filter settings, the issue was resolved. The machine is now fully functional."
Hot Air Oven,,,Reported to be non-functional.,"Upon inspection, the hot air oven failed to power on despite engaging the main switch. The unit was disassembled, and it was found that a wire connection had come loose. Further testing revealed that the power switch itself was defective. The faulty switch was replaced, and all disconnected wires were securely reconnected. After the reassembly, the oven powered on successfully and was observed to shut off automatically upon reaching the set temperature. The device is now fully functional and operational"
Vibrator,,,Massage head reported to be loose and unstable during operation.,"The device was disassembled for internal evaluation. It was found that the coupling component responsible for securing the massage head to the motor shaft had been displaced from its proper position. Additionally, one of the internal wires was found to be disconnected.

The coupling mechanism was realigned and securely fastened to ensure proper transmission of motor vibrations to the massage head. The disconnected wire was resoldered to restore electrical continuity. After the reassembly, the device was powered on and tested under normal working conditions.

Post-repair verification confirmed that the massage head was firmly secured with no abnormal looseness, and the device was functioning as intended. The handheld massager is now fully operational."
Syringe Pump,Smiths Medical,Graseby C9,Reported to be non-functional; device failed to power on.,"The syringe pump was initially found to be unresponsive even when connected to a power source. The unit was disassembled for internal inspection, during which it was discovered that the ribbon cable connecting the display to the main board had become disconnected.

The ribbon cable was securely reconnected, and the device was powered on. Upon startup, the syringe pump displayed System Error 6, which prevented it from entering normal operational mode. To address this, all internal cable connections were carefully inspected and reset to ensure proper connectivity.

Following this, the syringe pump powered on without displaying any error codes. Final functionality checks confirmed normal operation. The device i"
Patient Monitor,Schiller,TRUSCOPE Ultra Q7,Touchscreen non-functional,"The patient monitor was initially inspected, and it was observed that the touchscreen functionality was intermittent, occasionally responding but often unresponsive. The device was carefully disassembled for further evaluation. Upon inspection, the touchscreen connector cable was tested for continuity and found to be intact. However, it was discovered that the cable responsible for the touchscreen interface was not securely seated in its connector. The cable was then securely reattached.

Following reassembly and powering on the device, the touchscreen functionality was restored and operated consistently during testing. The patient monitor is now fully operational."
Mattress Inflator,,,The air mattress pump was not functioning.,"Upon inspection, it was observed that the power cord connection was broken, resulting in no power supply to the pump. The damaged power cord was removed, and a new power cord was installed to restore electrical connectivity. 
Device restored to proper working condition. The power cord has been successfully replaced, and the air mattress pump is now operating normally."
Mattress Inflator,,,Reported to be non-functional.,"On inspection, it was found that the wire had been disconnected, which interrupted the device’s connection to the power supply. The wire was securely reconnected, after which the device could be turned on and is now functioning properly."
Syringe Pump,Smiths Medical,Graseby C9,Reported to be non-functional; device failed to power on.,"The syringe pump was found to be unresponsive despite being connected to a power source. The device was disassembled for internal inspection, during which it was observed that the ribbon cable connecting the display to the main board had accumulated residue, leading to poor connectivity.

The ribbon cable was thoroughly cleaned and securely reconnected. Upon powering on the device, it displayed a System Error 6, which prevented normal operation. All internal cable connections were then carefully checked and reseated to ensure proper electrical contact.

After completing these steps, the syringe pump powered on successfully without displaying any error codes. Final functionality checks confirmed that the device is operating normally. The syringe pump is now fully functional and ready for clinical use."
ECG Machine,Philips,PageWriter TC20,"Abnormal ECG waveform color – Lead III displayed in yellow, while all other leads appeared in green.
","Upon inspection, it was noted that the ECG waveform for Lead III was rendered in yellow, in contrast to the standard green waveforms for the remaining leads. This discrepancy indicated a potential issue with signal quality or electrode contact.

The ECG connector was found to be incompletely inserted. After ensuring it was securely connected, the issue persisted. A lead integrity test was performed using the system’s diagnostic tool, which confirmed that there were no faults or shortages in the ECG cable.

A detailed visual inspection of the ECG cable and suction electrodes revealed a significant buildup of conductive gel. This residue can compromise signal transmission and lead to waveform anomalies.

All leads and electrodes were thoroughly cleaned to remove the conductive gel. Following cleaning, the waveform color for Lead III normalized to green, matching the other leads.

Multiple test runs were conducted to confirm consistent and accurate ECG signal display."
Patient Monitor,Philips,IntelliVue MP20,Issue with NIBP measurement.,"Upon cross-verification with another BP cuff, it was confirmed that the machine is functioning properly. The issue was due to a non-functional BP cuff."
USG Machine,GE,Versana Premier,"The head circumference (HC) measurement process required repeated button presses during obstetric scanning.
","During an obstetric ultrasound examination, it was reported that the head circumference (HC) measurement process was requiring the user to click measurement buttons twice to complete the procedure. Upon inspection, it was found that the system was operating on incorrect measurement settings. The configuration was reviewed and optimized to streamline the measurement process. After applying the correct settings, the HC measurement could be completed with a single button click as intended. The system is now functioning properly and ready for clinical use."
Patient Monitor,Philips,Efficia CM120,ECG waveform not displayed; SpO₂ malfunction error shown.,"The patient monitor was reported to be non-functional in terms of ECG and SpO₂ monitoring. During inspection, it was observed that the ECG waveform was not being displayed even after replacing the ECG cable, indicating the issue originated from the monitor itself. Additionally, the monitor displayed a “SpO₂ Equip Malfunction” error and failed to show SpO₂ readings.

The device was disassembled for internal inspection, which revealed that the ECG and SpO₂ module connector was bent and not seated properly in its socket—likely due to physical impact. The connector was carefully realigned and restored to its correct position, and the module was securely reconnected.

Following the reassembly, the monitor successfully displayed ECG waveforms, and the SpO₂  readings were restored without errors. The patient monitor is now fully functional."
Electrosurgical Unit,Medichem Electronics,MEDILAP 250 MDD+,No parameter display and inability to adjust intensity in coagulation mode.,"The electrosurgical unit was reported to have a non-functional display and unresponsive output power adjustment in coagulation mode. Upon initial inspection, it was found that the 7-segment display was dislodged from its proper mounting position, and the intensity control buttons had no effect on the output settings.

The unit was disassembled for detailed inspection, revealing that the display connector had become displaced and internal wire connections were loose. These issues likely contributed to the failure of both the display and control interface.

The displaced connector was securely reattached, and the loose wires were properly reconnected. After reassembly, the parameter values were correctly displayed, and the values could be adjusted on pressing the buttons."
Patient Monitor,Schiller,TRUSCOPE Ultra Q7,No data transmission from the bedside patient monitor to the Central Monitoring System (CMS).,"Upon initial inspection, it was observed that the bedside monitor was not transmitting patient data to the Central Monitoring System. The physical network connection was examined, and it was found that one of the pins in the Ethernet cable connector was dislodged, resulting in communication failure. The connector was repaired to restore the pin alignment and ensure a proper physical connection.

Despite repairing the cable, data transmission to the CMS did not resume. Consequently, all related network and device connections were checked and reset, including the monitor’s communication settings and CMS network configurations. After performing a full system reset and reinitializing the connections, data transmission from the bedside monitor to the CMS was successfully restored."
Electrosurgical Unit,Kara Mediclust,Smart 4 Plus,The cautery machine was reported to have no output when using monopolar mode.,"Upon inspection, it was observed that the monopolar mode was not delivering output. The patient plate connection was checked and found to be improperly seated. The patient plate was disconnected and reconnected securely. After re-establishing a proper connection, the monopolar mode output was tested and found to be working correctly.

Status:
Device restored to proper working condition. The output issue in monopolar mode was due to an improper patient plate connection, which has now been resolved. The cautery machine is now functioning normally."
Central Monitoring System,Schiller,TRUSCOPE Ultra Q7,Mismatch in data transmission from bedside patient monitors to the CMS—data was not displayed under the correct bed number.,"It was identified that the device number configured on the bedside patient monitor did not correspond to the assigned number on the Central Monitoring System (CMS). This mismatch caused display discrepancies on the CMS interface.

To resolve the issue, the device number of all individual patient monitors was reconfigured via the maintenance mode settings to match the designated bed number in the CMS network configuration. However, even after correcting the device number, the data still failed to align with the assigned bed on the CMS.

Subsequently, a full system reset of the CMS was performed to reinitialize the communication settings. After the reset, data transmission was restored and accurately displayed under the correct bed number."
ECG Machine,Philips,PageWriter TC20,Artifacts in ECG waveform,"A lead shortage test was performed using the system’s diagnostic tool, which confirmed that there were no faults or shortages in the ECG cable.

A detailed visual inspection of the ECG cable and suction electrodes revealed a significant buildup of conductive gel. This residue compromised signal transmission and led to waveform anomalies.

All leads and electrodes were thoroughly cleaned to remove the conductive gel. Following cleaning, the artifacts were no longer present in the ECG waveform. The machine is now fully functional."
Blood Bank Refrigerator,Remi,BR-50,Refrigerator reported to be non-functional.,"Upon inspection, the display was found to be non-functional, and the door status indicator was glowing red despite the door being properly closed—indicating a failure in door status detection.

Further investigation revealed disconnected wires within the door handle assembly, specifically at the door sensor circuit.

The door assembly was carefully disassembled, and the disconnected wires were traced and securely reconnected. Following this repair, the door status indicator changed to green, confirming proper door closure detection. The display also resumed normal operation.

The internal temperature subsequently stabilized within the acceptable range for safe blood storage."
Blood Bank Refrigerator ,Remi,BR-120,Reported non-functional refrigerator with inactive display and incorrect door status indication.,"Initial assessment revealed a non-responsive display panel and a persistent red door status indicator, suggesting the system was detecting the door as open, despite it being securely closed.

Detailed inspection traced the fault to the door handle assembly, where the wires were found to be disconnected.

The door handle assembly was carefully dismantled, and the disconnected wiring was identified and re-soldered to restore proper connectivity. Once the repair was completed, the indicator light changed to green, confirming accurate door status detection. Simultaneously, the display panel resumed normal function.

The refrigerator is now fully functional."
Nebulizer,Handyneb Classic,,Reported non-functional – device failed to generate mist.,"During the initial evaluation, the nebulizer was found to be powered on, and the motor was operational; however, no mist was being produced. Upon disassembly, it was discovered that the piston had become dislodged from its designated position. 

The piston was realigned and securely reattached to its mounting point. All internal mechanical components, including the piston and motor linkage, were cleaned and lubricated to ensure smooth operation and reduce wear. Additionally, the air filter was found to be heavily soiled, which could have affected airflow efficiency. The filter was thoroughly cleaned to restore optimal air passage.

Following the reassembly, the nebulizer was tested and confirmed to produce a consistent and effective mist output."
X-Ray Machine,Allengers,,"Collimator light not functioning, and magnetic locking failure","Initial inspection revealed that the collimator light was not illuminating when the switch was pressed. The voltage at the collimator switch was measured and found to be within the acceptable range, indicating the switch was operational. This suggested a fault in the collimator lamp itself. A new lamp was installed, which briefly functioned before shutting off again.

Simultaneously, the magnetic locking mechanism was also found to be non-functional. Voltage readings showed irregular fluctuations, pointing toward a fault in the power delivery circuit. Upon further investigation, a blown fuse was discovered, which was then replaced, and the voltage was rechecked — it was now stable and within the required range. After this, both the collimator lamp and the magnetic lock were tested and found to be fully operational."
View Box,,,"View box light was reported to be non-functional.
","An inspection was conducted to determine the root cause of the malfunction. The power switch was tested and confirmed to be operational. Further investigation involved checking the LED driver for both input and output voltages. It was observed that while the driver was receiving the AC input voltage, there was no DC output voltage, indicating a failure in the LED driver.

Upon confirming the fault, the damaged LED driver was replaced with a new unit. Post-replacement, the system was re-tested, and the light functionality was fully restored."
Syringe Pump,Smiths Medical,Graseby C9,Syringe plunger open alarm,"Upon receiving the complaint, the syringe pump was inspected for the reported “syringe plunger open” alarm. The unit was disassembled, and mechanical inspection of the plunger mechanism revealed that the internal gear had been displaced from its proper position, preventing the secure engagement of the syringe plunger.

The gear mechanism was realigned and reassembled carefully to ensure proper movement and locking of the plunger assembly. Once reassembled, the syringe pump was powered on, and functional tests were conducted. The alarm no longer appeared, confirming that the issue had been resolved.

The syringe pump is now fully functional."
Syringe Pump,Smiths Medical,Graseby C9,Reported to be non-functional; device failed to power on.,"The syringe pump was found to be unresponsive despite being connected to a power source. The device was disassembled for internal inspection, during which it was observed that the ribbon cable connecting the display to the main board had accumulated residue, leading to poor connectivity.

The ribbon cable was thoroughly cleaned and securely reconnected. Upon powering on the device, it displayed a System Error 6, which prevented normal operation. All internal cable connections were then carefully checked and reseated to ensure proper electrical contact.

After completing these steps, the syringe pump powered on successfully without displaying any error codes. Final functionality checks confirmed that the device is operating normally. The syringe pump is now fully functional and ready for clinical use."
Spirometer,,,Baseline setting failed — pulmonary function test could not be initiated.,"A detailed inspection was carried out following a failure in the baseline setting, which is a prerequisite for conducting pulmonary function tests. Initially, the spirette mouthpiece was properly blocked as per the instructions, but the baseline setting continued to fail.

All cable connections, software settings, and hardware interface points were thoroughly examined and confirmed to be intact. However, further investigation revealed that the spirette connector was significantly worn out, leading to an unreliable interface with the spirometer. This poor contact resulted in leakage and repeated baseline failures.

To resolve the issue, the worn-out spirette was replaced with a new, fully functional unit. Following the replacement, the baseline setting was successfully completed, and the system proceeded to perform pulmonary function tests without any further errors"
Syringe Pump,Smiths Medical,Graseby C9,Constant alarm with no display,"The syringe pump was found to be continuously alarming, and the display remained non-functional. Upon disassembly, it was observed that the ribbon cable connecting the main control board to the display module had become detached.

The ribbon cable was carefully reconnected to its designated slot, ensuring firm and secure contact. After the reassembly, the device was powered on and tested for all essential operational parameters.

Post-repair testing confirmed that both the audible alarm ceased and the display function was restored, with no recurrence of the issue."
Syringe Pump,Smiths Medical,Graseby C9,Syringe plunger open alarm,"Upon receiving the complaint, the syringe pump was inspected for the reported “syringe plunger open” alarm. The unit was disassembled, and mechanical inspection of the plunger mechanism revealed that the internal gear had been displaced from its proper position, preventing the secure engagement of the syringe plunger.

The gear mechanism was realigned and reassembled carefully to ensure proper movement and locking of the plunger assembly. Once reassembled, the syringe pump was powered on, and functional tests were conducted. The alarm no longer appeared, confirming that the issue had been resolved.

The syringe pump is now fully functional."
Syringe Pump,Smiths Medical,Graseby C9,Auto-off.,"The battery voltage was low, which was causing the unexpected shutdown. The battery was fully charged and the device powered on. During functional testing, a transmission error was encountered. To address this, a reset was performed."
Nebulizer,Optima Care,,Tube connector was broken.,"The tube connector outlet was repaired. Additionally, internal components were inspected, and dust accumulation was observed. The piston and other mechanical parts were thoroughly cleaned and lubricated to ensure smooth operation."
Patient Monitor,Schiller,TRUSCOPE Ultra Q7,Touchscreen non-functional.,"The patient monitor was initially inspected, and it was observed that the touchscreen was intermittently responsive, sometimes reacting to touch inputs but often unresponsive. The device was carefully disassembled for internal inspection. It was found that the internal connection of the touchscreen cable was loose. The touchscreen connector was securely reconnected.

After reassembly and powering on the device, the touchscreen responded properly to all inputs. The touchscreen functionality was fully restored, and the monitor is now operating normally."
Patient Monitor,Schiller,TRUSCOPE Ultra Q7,Touchscreen non-functional,"The patient monitor was initially inspected, and it was observed that the touchscreen functionality was intermittent, occasionally responding but often unresponsive. The device was carefully disassembled for further evaluation. Upon inspection, the touchscreen connector cable was tested for continuity and found to be intact. However, it was discovered that the cable responsible for the touchscreen interface was not securely seated in its connector. The cable was then securely reattached.

Following reassembly and powering on the device, the touchscreen functionality was restored and operated consistently during testing. The patient monitor is now fully operational."
ECG Machine,Philips,PageWriter TC20,Flat aVL waveform observed during ECG acquisition.,"Initial inspection involved verifying the machine's settings and configuration, which were found to be correct. A visual check revealed a significant accumulation of conductive gel around the electrodes. The gel build-up was thoroughly cleaned, but the issue persisted during a functionality check.

Further investigation revealed that the ECG lead connector at the machine end was loose. The connector was secured properly. To isolate the problem, the ECG cable was cross-verified with a known working system, confirming that the cable itself was faulty.

The defective ECG cable was replaced with a new, functional cable. Subsequent testing confirmed that the aVL waveform appeared correctly and all ECG leads were functioning as expected.

The ECG machine is now fully functional."
Syringe Pump,Smiths Medical,Graseby C9,Transmission error displayed during operation.,"During the initial inspection, it was observed that the chasis of the device had been damaged, likely due to mishandling. The damaged section was carefully realigned and securely glued to restore structural integrity.

Further diagnosis of the ""transmission error"" indicated a malfunction in the syringe plunger mechanism. Upon disassembly, it was found that the internal gear mechanism responsible for the movement of the syringe plunger had been displaced from its proper position. The gear was correctly repositioned, and all connections were reset.

After reassembling the unit, comprehensive functionality testing was performed. The transmission error was no longer present, and the syringe pump operated normally through multiple test cycles.

The syringe pump is now fully functional."
Nebulizer,Handyneb,Classic,Ineffective mist production,"Upon inspection, the nebulizer was found to be producing inadequate mist. The device was disassembled for further investigation. It was observed that the piston mechanism had become displaced, which was likely the primary cause of reduced mist generation. The piston was realigned and securely fastened to ensure proper operation.

The internal components, including the motor and fan assembly, were thoroughly cleaned and lubricated. The air filter, which was partially clogged with dust, was also cleaned to ensure unobstructed airflow.

Following reassembly, the nebulizer was tested under normal operating conditions. The unit successfully produced a consistent and adequate mist, confirming that the issue had been resolved."
Nebulizer,Niscomed,,Ineffective mist production.,"The nebulizer was reported to be producing insufficient mist. Initial functional testing confirmed reduced output. The device was disassembled for detailed inspection.

Upon examination, a significant accumulation of dust and debris was found within the motor housing and compressor chamber, which was likely causing airflow restriction and decreased compressor efficiency. The piston mechanism was also checked for alignment and functionality.

All internal components, including the motor, compressor, and fan assembly, were thoroughly cleaned. Moving parts were lubricated to reduce friction and restore optimal mechanical performance. The air filter, which was partially blocked with dust, was cleaned to improve airflow.

The nebulizer produced mist effectively and is fully functional."
OT Bed,,,Installation,"A new OT bed was successfully assembled and installed in the Emergency OT. All essential accessories, including the armrests, leg stirrups, and side rails, were securely attached and adjusted for optimal positioning. The mechanical and hydraulic functions of the bed were tested to ensure smooth operation and stability. The bed is now ready for clinical use."
X-Ray Machine,Allengers,,Collimator light not turning on and magnetic locking system failure.,"Upon inspection, it was found that one of the internal fuses of the generator had blown. A detailed assessment revealed that the cable supplying power to the magnetic locking mechanism had become disconnected from its connector. This disconnection resulted in a short circuit, which ultimately caused the fuse to blow.

The disconnected cable was carefully examined for damage, and continuity testing was performed to verify the integrity of the wiring leading to the magnetic lock supply. The power supply voltage at the connector was also measured to ensure proper output.

After that, the wires were securely reconnected to their respective positions within the connector. The blown fuse was replaced with a new one of the appropriate rating.

Following reassembly, the X-ray machine was powered on. The collimator light illuminated successfully, and the magnetic locking system functioned as expected."
Patient Monitor,Philips,IntelliVue MP20,No NIBP reading displayed.,"The patient monitor was inspected to identify the cause of the missing NIBP readings. Initial checks indicated that the monitor itself was functioning correctly. Further examination revealed an air leakage in the blood pressure cuff, which was preventing proper inflation and pressure buildup—leading to a failure in obtaining NIBP measurements.

The faulty cuff was removed and replaced with a new, compatible NIBP cuff. After replacement, the monitor was tested, and accurate blood pressure readings were successfully obtained and displayed."
Patient Monitor,Schiller,TRUSCOPE Ultra Q7,IBP waveform not displayed on the monitor,"The monitor was inspected following a report of missing IBP waveform display. A physical check confirmed that the IBP module and cable were properly connected and functional. Further investigation revealed that the issue was due to incorrect configuration settings within the monitor's IBP channel.

The IBP settings were reviewed and reconfigured according to standard operational parameters. Once the correct settings were applied, the IBP waveform was immediately visible and functioning as expected on the display."
Syringe Pump,Smiths Medical,Graseby C9,Syringe plunger open alarm,"Upon receiving the complaint, the syringe pump was inspected for the reported “syringe plunger open” alarm. The unit was disassembled, and mechanical inspection of the plunger mechanism revealed that the internal gear had been displaced from its proper position, preventing the secure engagement of the syringe plunger.

The gear mechanism was realigned and reassembled carefully to ensure proper movement and locking of the plunger assembly. Once reassembled, the syringe pump was powered on, and functional tests were conducted. The alarm no longer appeared, confirming that the issue had been resolved.

The syringe pump is now fully functional."
Nebulizer,Niscomed,,Ineffective mist production,"The nebulizer was reported to be producing insufficient mist. Initial functional testing confirmed reduced output. The device was disassembled for detailed inspection.

Upon examination, a significant accumulation of dust and debris was found within the motor housing and compressor chamber, which was likely causing airflow restriction and decreased compressor efficiency. The piston mechanism was also checked for alignment and functionality.

All internal components, including the motor, compressor, and fan assembly, were thoroughly cleaned. Moving parts were lubricated to reduce friction and restore optimal mechanical performance. The air filter, which was partially blocked with dust, was cleaned to improve airflow.

The nebulizer produced mist effectively and is fully functional."
Infusion Pump,Mindray,BeneFusion VP3,Damaged chassis preventing proper clamp fixation.,"Upon initial inspection, it was found that the chassis of the infusion pump had been damaged, likely due to mishandling. As a result, the rear mounting clamp, which is used to secure the pump to an IV stand, could not be properly attached, rendering the device unstable during use.

To address the issue, a metal reinforcement plate of suitable thickness was securely mounted to the rear side of the chassis using screws. This structural reinforcement restored the mechanical integrity of the pump housing, allowing the clamp to be firmly reattached. Once the clamp was secured, the infusion pump was successfully mounted on the IV stand without any instability.

Following the repair, the infusion pump was calibrated, and its operational parameters—including flow rate and volume settings—were tested for accuracy and consistency. All functions were verified to be working correctly."
Syringe Pump,Advanced,SP-200,Syringe clamp stuck.,"Upon inspection, it was found that the syringe clamp mechanism was jammed, preventing proper fixation of the syringe. The device was carefully disassembled to investigate the cause of the obstruction. It was observed that the internal spring of the clamp assembly had become rusted, and residue buildup around the surrounding components had caused the parts to seize.

The affected components, including the spring and clamp housing, were thoroughly cleaned to remove rust and residue. Lubrication was applied where necessary to ensure smooth mechanical movement. The syringe clamp was then realigned and reinstalled.

Following the reassembly, the clamp functioned normally and could be easily pulled out to secure a syringe. The syringe pump was calibrated and tested and was found to be functioning properly."
Patient Monitor,Schiller,TRUSCOPE Ultra Q7,ECG and SpO₂ readings are not displayed on the monitor.,"The patient monitor was thoroughly inspected to diagnose the absence of ECG and SpO₂ readings. It was observed that the ECG lead configuration setting on the monitor was incorrect, preventing proper signal acquisition. The ECG settings were reconfigured to the appropriate lead mode.

To verify the functionality of the ECG cable, a simulation test was performed using waveform interference in water, which confirmed that the cable was fully functional.

In addition, it was found that the SpO₂ probe connector was not securely attached to the monitor. Once the probe was properly connected, the monitor successfully displayed SpO₂ readings."
Syringe Pump,Smiths Medical,Graseby C9,Automatic shut down.,"Upon receiving the complaint regarding the syringe pump auto shutting off, the unit was inspected. Initial assessment showed that the battery voltage was low, which was causing the unexpected shutdown. The battery was charged fully, and the device was powered on for testing.

During functional testing, a ""transmission error"" was displayed.To resolve this, the plunger mechanism was inspected and assembled properly. 

After the reassembly, the device was tested again. The transmission error no longer appeared, and the syringe pump operated normally.

The syringe pump is now fully functional."
Ultrasound Therapy,,,No output at the transducer end.,"The ultrasound therapy unit was inspected following a complaint of no output from the transducer. The ultrasound probe was carefully disassembled, and continuity testing was performed across both ends of the internal wiring. The test revealed a discontinuity in one of the internal wires, which was the root cause of the issue.

The damaged section of the wire was identified, and a secure reconnection was carried out to restore continuity. After the repair, the probe was reassembled and reconnected to the main unit. Functional testing was then performed, and the transducer was observed to be delivering ultrasound output correctly, confirming successful restoration of functionality"
View Box,,, Not powering on,"The input and output voltages of LED driver were measured and confirmed to be within normal operating range indicating that the LED driver was functioning properly. The connector was not securely attached due to cold solder joint which was re-soldered to ensure secure connection. After reconnecting the wires, the system powered on. The view box illuminated properly confirming that the issue has been resolved."
Ultrasound Therapy,,,No output at the transducer end.,"The ultrasound therapy unit was inspected following a complaint of no output from the transducer. The ultrasound probe was carefully disassembled, and continuity testing was performed across both ends of the internal wiring. The test revealed a discontinuity in one of the internal wires, which was the root cause of the issue.

The damaged section of the wire was identified, and a secure reconnection was carried out to restore continuity. After the repair, the probe was reassembled and reconnected to the main unit. Functional testing was then performed, and the transducer was observed to be delivering ultrasound output correctly, confirming successful restoration of functionality"
Syringe Pump,Smiths Medical,Graseby C9,Automatic shut down.,"The battery voltage was checked and found to be significantly depleted, which likely contributed to intermittent operation. The battery was fully charged and during testing, the syringe pump triggered an occlusion alarm, with no movement of syringe plunger mechanism, A detailed inspection revealed misalignment in the gear mechanism. The gear was realigned to ensure smooth motion. After reassembly, the syringe pump functioned normally."
Syringe Pump,Smiths Medical,Graseby C9,Transmission error,"The transmission error indicated a problem with the syringe plunger mechanism. Upon disassembly, it was found that internal gear mechanism responsible for thr movement of syringe plunger had been displaced from its proper position. The gear was repositioned, and all connections were reset. After reassembly, the unit was tested and the error problem was resolved."
Syringe Pump ,Smiths Medical ,Graseby C9,Automatic shutdown ,"Ipon receiving the complaint regarding the syringe pump auto shutting off, the unit was inspected. Initial assessment showed that the battery voltage was low, which was causing the unexpected shutdown. The battery was charged fully, and the device was powered on for testing.

The syringe pump was tested and was found to be fully operational."
Syringe Pump,Smiths Medical,Graseby C9,Automatic on and off and Occlusion alarm.,"Upon initial inspection, the syringe pump was found to be automatically powering on and off. The battery voltage was checked and found to be significantly depleted, which likely contributed to the intermittent operation. The battery was charged fully, and the device was retested.

During testing, the syringe pump triggered an occlusion alarm, and there was no movement observed in the syringe plunger mechanism. A detailed inspection of the plunger drive system revealed a misalignment in the gear mechanism. The gear was realigned and secured to ensure smooth motion.

Additionally, all internal electrical connections were checked and reset. After reassembly, the syringe pump underwent a full functional test, including plunger movement, alarm response, and consistent power stability."
Patient Monitor,Philips,Efficia CM120,Functionality check,"A comprehensive functionality check was conducted on the patient monitor, including its key accessories: ECG cable, SpO2 sensor cable, and NIBP (Non-Invasive Blood Pressure) cuff and cable. All components were tested for operational integrity and accuracy. The patient monitor and all associated accessories are fully functional. The unit is ready for clinical use in the emergency department."
Patient Monitor,Philips,Efficia CM120,Functionality check ,"A comprehensive functionality check was conducted on the patient monitor including its key accessories: ECG cable, SpO2 sensor cable, and NIBP (Non-Invasive Blood Pressure) cuff and cable. All components were tested for operational integrity and accuracy. The patient monitor and all associated accessories are fully functional. The unit is ready for clinical use in the emergency department."
Patient Monitor,Philips,Efficia CM120,Functionality check.,"A comprehensive functionality check was conducted on the patient monitor including its key accessories: ECG cable, SpO2 sensor cable, and NIBP (Non-Invasive Blood Pressure) cuff and cable. All components were tested for operational integrity and accuracy. The patient monitor and all associated accessories are fully functional. The unit is ready for clinical use in the emergency department."
X-Ray Machine,Allengers,,Collimator light not turning on.,"Upon receiving the complaint, the collimator section of the X-ray machine was carefully disassembled for inspection. Voltage measurements were taken at the collimator light terminals and were found to be below the required operational range. Further investigation revealed that the switch responsible for powering the collimator light was non-functional, which was identified as the root cause of the issue.

The faulty switch was removed and replaced with a new one. After replacement, the voltage was measured again and found to be within the acceptable operating range. The collimator light was then tested for functionality, and it illuminated properly, confirming that the issue had been successfully resolved. The machine is now operating normally."
Syringe Pump,Smiths Medical,Graseby C9 ,Transmission error.,"The syringe pump was inspected after a report of intermittent automatic shutdown during operation. Initial checks revealed that the internal battery was fully depleted, causing the device to power off unexpectedly when not connected to an AC supply. 

After charging the syringe pump, and it displayed transmission error during functionality testing.
Further diagnosis of the ""transmission error"" indicated a malfunction in the syringe plunger mechanism. Upon disassembly, it was found that the internal gear mechanism responsible for the movement of the syringe plunger had been displaced from its proper position. The gear was correctly repositioned, and all connections were reset.

After reassembling the unit, comprehensive functionality testing was performed. The transmission error was no longer present, and the syringe pump operated normally through multiple test cycles.

The syringe pump is now fully functional."
Syringe Pump,Smiths Medical,Graseby C9,Constant alarm and no display.,"The syringe pump was inspected following a report of a continuous alarm sound with no display activity, and the device could not be turned off via the control panel. Upon internal inspection, it was found that the ribbon cable connecting the main control board to the display module had become disconnected from its connector. This disconnection interrupted the display communication and triggered a persistent alarm condition. The ribbon cable was properly reinserted and secured in the connector. After reassembly, the device powered on normally without alarm, and full functional testing—including display operation. The syringe pump is now fully functional."
Patient Monitor,Schiller,TRUSCOPE Ultra Q7,No ECG waveform being displayed on the monitor.,"The patient monitor was inspected following a report of no ECG waveform being displayed. The ECG cable set was tested for functionality using a simulated waveform interference method in water, and all leads were confirmed to be in proper working condition. Further investigation revealed that the ECG lead configuration in the monitor’s settings was incorrectly selected, preventing waveform acquisition and display. The settings were reconfigured to the correct lead mode. Following reconfiguration, the ECG waveform was displayed accurately and consistently. The monitor underwent additional performance checks and was confirmed to be fully functional."
ECG Machine,ECGMAC,EM-301,Device not turning on.,"The device was inspected following a report that it could not be powered on even when connected to the AC power supply. The charging status indicator (green LED) and AC power connection indicator were both found to be non-functional. Upon internal inspection, it was discovered that one of the main fuses in the power input section was missing, which interrupted the electrical circuit and prevented the device from powering 
on or charging. A compatible fuse was installed, after which the device successfully powered on and the charging indicators illuminated as expected. The ECG machine underwent functional and safety checks and was confirmed to be fully operational."
Infusion Pump,Smiths Medical,Graseby 1200,Air-in-line alarm reported.,"It was reported that the infusion pump was repeatedly displaying an air-in-line alarm despite the line being purged. Upon inspection, the device was functionally tested under normal operating conditions. During the test, no air-in-line alarm was triggered once the line was properly purged. Additional comprehensive performance checks were carried out. The infusion pump is now fully functional."
ECG Machine,Philips,PageWriter TC20,Artifacts in ECG waveform.,"The lead shortage test was performed using the system’s diagnostic tool, which confirmed that there were no faults or shortages in the ECG cable.

A detailed visual inspection of the ECG cable and suction electrodes revealed a significant buildup of conductive gel. This residue compromised signal transmission and led to waveform anomalies.

All leads and electrodes were thoroughly cleaned to remove the conductive gel. Following cleaning, the artifacts were no longer present in the ECG waveform. The machine is now fully functional."
Vibrator,,,Reported to be non-functional.,"Upon inspection, it was found that the device failed to power on. The unit was disassembled, and voltage measurements confirmed that the device was receiving proper supply voltage. However, the motor did not operate. Further inspection revealed that the potentiometer, which controls the motor speed, had a cold solder joint. This poor solder connection was preventing proper electrical contact, thereby causing the malfunction.

The potentiometer was carefully  
re-soldered to ensure a secure connection. After the reassembly, the device was powered on and tested. The motor operated normally, and the speed could be smoothly adjusted using the rotating control knob. The hand massager was restored to full working condition."
Vibrator,,,Reported as non-functional.,"The device was tested and found that although the motor was operational, the massager head failed to vibrate. The unit was disassembled for inspection, which revealed that the coupling mechanism connecting the motor to the massager head had become detached. This disconnection prevented the transfer of motion from the motor to the massager head.

The coupling was securely reattached to the motor shaft, ensuring a firm connection. After reassembly, the device was tested and found to be fully functional, with the massager head vibrating as intended."
Vibrator,,,Reported to be non-functional.,"Initial testing revealed that while the motor was running, the massager head failed to vibrate. The device was disassembled for inspection, and it was found that the coupling mechanism connecting the motor to the massager head had become detached, preventing the transfer of motion. This detachment was identified as the primary cause of the malfunction.

The coupling was securely reconnected to the motor shaft, and the massager head was reattached. Additionally, the massager head assembly was found to be loosely connected, which could have contributed to the issue. This was tightened to ensure stability during operation.

After the reassembly, the device was tested and confirmed to be fully functional."
ECG Machine,Philips,PageWriter TC20,Printing issue,"Upon inspection, it was found that the ECG paper had been incorrectly loaded into the printer mechanism. The paper was reloaded in the correct orientation and the thermal print head was cleaned to remove dust and residue that could affect print clarity. After reassembly and loading, a test print was performed, which confirmed that the printing function had been fully restored, producing clear and accurate ECG traces."
Tissue Embedding and Cooling System,KD-BM & BL,,Installation,"The Tissue Embedding and Cooling System was successfully installed in the laboratory. All operational parameters, including temperature settings, embedding station functions, and cooling plate controls, were inspected. Necessary settings were adjusted, and instructions were provided to the staff regarding proper usage of the device."
Patient Monitor,Schiller,TRUSCOPE Ultra Q7,ECG waveform not displayed on the monitor.,"The patient monitor was thoroughly inspected. Initial checks revealed that the ECG lead configuration setting on the monitor was set incorrectly. The settings were reconfigured to the correct parameters; however, the ECG waveform still failed to display.

To assess the integrity of the ECG cable, a functionality test was carried out through waveform interference in water. The test results confirmed that the ECG cable was defective and not transmitting signals.

The faulty ECG cable was replaced with a new, compatible cable. After replacement, the patient monitor successfully displayed the ECG waveform, confirming signal transmission and proper monitoring function.

Status: The patient monitor is now fully operational."
Defibrillator,Philips,Efficia DFM100,Functionality check.,"The ECG cable was tested and confirmed to be in proper working condition. A comprehensive routine system check was then performed, covering charging, discharging, display, controls, and self-test functions.

The defibrillator successfully passed all diagnostic checks."
Patient Monitor,Schiller,TRUSCOPE Ultra Q7,No NIBP reading displayed on the monitor.,"The patient monitor was inspected and tested to determine the cause of the missing NIBP readings. An air leakage at the interface between the NIBP cable and the cuff was found, which prevented proper inflation and pressure measurement.

The connection between the cable and cuff was inspected and securely reattached. Following reconnection, the NIBP function was retested, and the monitor consistently displayed accurate blood pressure readings without interruption.

Status: The patient monitor is now fully functional."
Patient Bed,,,Remote control unresponsive.,"Upon inspection, it was found that the power cable was delivering the required AC input voltage. However, there was no DC output from the power board, indicating an internal fault. Voltage measurements across the board revealed that the superfast recovery rectifier diode was cold soldered, which likely disrupted the power conversion process. The cold solder joint was properly resoldered to restore electrical continuity.

Additionally, a connector on the power board was found to be loosely attached, as confirmed through continuity testing. This connector was also resoldered to ensure a secure and reliable connection.

After completing the soldering work, the power board was reconnected to the power supply. It then successfully produced the required DC output voltage. Following this, the bed’s remote control was tested and found to be fully responsive, enabling all intended patient bed movements."
Patient Monitor,Philips,Efficia CM120,No NIBP reading displayed on the monitor.,"The patient monitor was inspected and tested to determine the cause of the missing NIBP readings. An air leakage at the interface between the NIBP cable and the cuff was found, which prevented proper inflation and pressure measurement.

The connection between the cable and cuff was inspected and securely reattached. Following reconnection, the NIBP function was retested, and the monitor consistently displayed accurate blood pressure readings without interruption.

Status: The patient monitor is now fully functional."
Syringe Pump,Smiths Medical,Graseby C9,Automatic off.,"The syringe pump was inspected after a report of intermittent automatic shutdown during operation. Initial checks revealed that the internal battery was fully depleted, causing the device to power off unexpectedly when not connected to an AC supply. 

After charging the syringe pump, its functionality was tested and confirmed to be fully operational."
Autoclave,,,Difficulty in opening and closing the autoclave door,"Upon inspection of the autoclave door mechanism, it was identified that both screws securing the door hinge were loose, which contributed to the difficulty in opening and closing the door. Further examination revealed that one of the screws had suffered thread damage, rendering it unable to securely fasten the hinge.

To resolve the issue, the damaged screw was replaced with a new one that was appropriately sized. The new screw was installed into the door hinge, ensuring that the door alignment was properly maintained. Both screws were then securely tightened to restore full functionality to the door mechanism.

After the reassembly, the autoclave door was tested for proper operation. The staff confirmed that the door now opens and closes with ease, and the locking mechanism functions smoothly without resistance."
Blood Bank Refrigerator,REMI,BR-120 Ultra,"The refrigerator was reported as non-functional. The display panel showed persistent “Door Open” and “High Temperature” alarms, despite the door being securely closed","An initial diagnostic assessment confirmed that the unit was unable to correctly detect the door status. The display continuously indicated a “Door Open” alarm, and the internal temperature was rising due to the system’s failure to activate cooling under a perceived open-door condition.

A detailed inspection was carried out, focusing on the door handle assembly, which incorporates the door sensor wiring.The door handle assembly was dismantled to access the internal wiring. It was found that the sensor wires responsible for communicating door status to the control system were disconnected.
The disconnected wires were re-soldered and insulated properly to restore electrical continuity.

The door status indicator light changed from inactive to green, confirming accurate detection of the door being closed.

The display panel cleared the “Door Open” and “High Temperature” alarms.

The refrigerator began operating normally, and the internal temperature returned to and maintained the required setpoint for safe blood storage."
Syringe Pump,Smiths Medical,Graseby C9,Automatic off and transmission error.,"Upon receiving the complaint regarding the syringe pump auto shutting off, the unit was inspected. Initial assessment showed that the battery voltage was low, which was causing the unexpected shutdown. The battery was charged fully, and the device was powered on for testing.

During functional testing, a ""transmission error"" was displayed.To resolve this, the plunger mechanism was inspected and assembled properly. 

After the reassembly, the device was tested again. The transmission error no longer appeared, and the syringe pump operated normally.

The syringe pump is now fully functional."
Bubble CPAP,,AD-IA,Functionality check.,"The nursing staff had reported issue with the maintenance of SpO2 in patients when using bubble CPAP. The functionality of the bubble CPAP was tested using oxygen analyzer. The FiO2% was adjusted on the bubble CPAP and the value of the FiO2% was checked on the oxygen analyzer. The discrepancy between the set and measured values was small. So, the bubble CPAP is functioning optimally and is delivering the set FiO2%."
Bubble CPAP,,AD-IA,Functionality check.,"The nursing staff had reported issue with the maintenance of SpO2 in patients when using bubble CPAP. The functionality of the bubble CPAP was tested using oxygen analyzer. The FiO2% was adjusted on the bubble CPAP and the value of the FiO2% was checked on the oxygen analyzer. The discrepancy between the set and measured values was small. So, the bubble CPAP is functioning optimally and is delivering the set FiO2%."
Bubble CPAP,,AD-IA,Functionality check,"The nursing staff had reported issue with the maintenance of SpO2 in patients when using bubble CPAP. The functionality of the bubble CPAP was tested using oxygen analyzer. The FiO2% was adjusted on the bubble CPAP and the value of the FiO2% was checked on the oxygen analyzer. The discrepancy between the set and measured values was small. So, the bubble CPAP is functioning optimally and is delivering the set FiO2%."
Sphygmomanometer,,,Reported to be non-functional.,The issue was due to the stuck air release valve. The leakage was observed from the air release valve as it could not be rotated. The air release valve was loosened after which the issue was resolved.
Sphygmomanometer,,,Reported to be non-functional,"The pressure gauge was found to be misaligned, with the needle not returning to the zero mark.The gauge was carefully realigned to ensure accurate baseline readings. Pressure gauge successfully adjusted. The sphygmomanometer is now functioning correctly and providing accurate readings."
Patient Bed,,,Reported to be non-functional ,"Upon inspection, it was observed that some buttons on the remote control were unresponsive despite receiving power. Further investigation revealed that the issue stemmed from loose connection to the power board, which prevented the relay from being triggered. The cables were securely reconnected to the power board, restoring functionality to the remote control. All the buttons were responsive."
Patient Monitor,Schiller,TRUSCOPE Ultra Q7,ECG waveform was not displayed on the monitor.,"The patient monitor was thoroughly inspected. Initial checks revealed that the ECG lead configuration setting on the monitor was set incorrectly. After reconfiguration of the correct setting, the integrity of the ECG cable was tested.

A functionality test was carried out through waveform interference in water. The test results confirmed that the ECG cable was functional and was transmitting signals.
"
ECG Machine,Philips,PageWriter TC20,Artifacts in ECG waveform.,"A lead shortage test was performed using the system’s diagnostic tool, which confirmed that there were no faults or shortages in the ECG cable.

A detailed visual inspection of the ECG cable and suction electrodes revealed a significant buildup of conductive gel. This residue compromised signal transmission and led to waveform anomalies.

All leads and electrodes were thoroughly cleaned to remove the conductive gel. Following cleaning, the artifacts were no longer present in the ECG waveform. The machine is now fully functional."
Central Monitoring System,Schiller,TRUSCOPE Ultra Q7,System non-functional,"The Central Monitoring System was reported to be unresponsive, preventing the entry of new patient information. The system appeared to be experiencing a hang/freezing issue, which disrupted normal operation.

A detailed inspection was carried out, during which the communication cables were checked and reset. Subsequently, a full system reset was performed. Following these corrective actions, the system became responsive and allowed for successful entry of new patient information."
X-Ray Machine,Allengers,,Collimator light non-functional,"Upon inspection of the X-ray machine, it was observed that the collimator light was not functioning, despite the bulb being in good working condition. Further investigation revealed that the issue stemmed from the absence of a proper control mechanism for the bulb, which was preventing consistent operation.

To resolve this, a timer control card was installed to regulate the illumination of the collimator light. The timer was configured so that the light switches on for a duration of twenty-five seconds and then automatically turns off without requiring user intervention. In order to power the timer card, SMPS was connected to provide the necessary DC input. The output of the timer card was then connected directly to the bulb to ensure controlled and reliable operation.

After reassembling the unit, the system was tested and confirmed to be working properly. The collimator light successfully illuminated for twenty-five seconds and then switched off automatically, validating the effectiveness of the repair. This modification not only restored the functionality of the collimator light but also enhanced the ease of use by allowing convenient and precise positioning of the scanning area during radiological examinations.
"
Muscle Stimulator,,,"The device was reported to produce sparks when connected to the power supply.
","The muscle stimulator was carefully disassembled for inspection. Continuity testing of the power cable revealed a discontinuity in the wiring, which had resulted in a short circuit between the live and neutral wires.

The faulty section was repaired by securely reconnecting the disconnected wires and applying proper insulation. After the reassembly, the device was tested, and no sparking was observed. The stimulator operated normally."
Sphygmomanometer,,,Reported to be non-unctional.,"Upon examination, it was identified that the inflation bulb had a malfunctioning one-way valve that was stuck, preventing proper inflation. Additionally, the tubing connectors were found to be worn and degraded, contributing to compromised performance. The damaged sections of the tubing were trimmed and securely reattached o restore a proper seal. The issue with the one-way valve in the inflation bulb was also resolved. After completing these repairs, the sphygmomanometer was tested and confirmed to be fully functional with accurate inflation and pressure retention."
Sphygmomanometer,,,Reported to be non-functional.,The air release valve was stuck at a place which was then loosened. This ensured the smooth and flexible operation and prevented the air leakage.
Digital Blood Pressure Monitor,Microlife,,"The device was displaying Error 3 during operation.
","Upon inspection, it was noted that Error 3 typically indicates either low battery power or cuff leakage. The cuff assembly was checked, and it was found that the tubing connection between the cuff and the device was loose. This was securely tightened to restore proper airflow.

Additionally, the battery status was verified and found to be depleted. The batteries were replaced with new ones. Following these corrective actions, the device was tested multiple times. No further errors were observed, and the blood pressure monitor provided consistent and accurate readings."
Patient Monitor,Schiller,TRUSCOPE Ultra Q7,The monitor was reported to have an issue with displaying ECG readings.,"The device settings were thoroughly inspected. It was observed that the ST analysis function was enabled and the respiratory drift option was set to “Closed.” These incorrect settings interfered with proper ECG waveform display and analysis.

The monitor settings were reconfigured, and the ECG waveform displayed correctly and functioned without anomalies."
Infusion Pump,Mindray,Benefusion VP3,A discrepancy was reported between the set infusion time and the actual observed infusion time during operation.,"The infusion pump was inspected and tested under controlled conditions. It was confirmed that the delivered infusion duration did not match the programmed settings, indicating a calibration deviation.

The pump was recalibrated multiple times to restore its accuracy. Post-calibration, the pump was subjected to performance verification by setting different infusion rates and volumes. The observed infusion times and delivered volumes were found to be consistent with the programmed parameters."
X-Ray Machine,Allengers,,"The collimation field was observed to be non-uniform, with uneven light intensity across different sides, affecting proper visualization of the exposure field.","The X-ray collimator assembly was inspected. It was noted that the light field lacked uniform illumination across all edges of the collimation window. Initially, adjustments were made to the internal mirror via the adjustment port to correct the beam alignment; however, the issue persisted.

Further inspection revealed that the bulb inside the collimator was misaligned from its correct mounting position. The bulb was repositioned and secured properly to ensure that the light projected evenly across the collimation field. After adjustment, the light field was rechecked, confirming uniform intensity and proper alignment with the collimator shutters."
ECG Machine,Philips,PageWriter TC20,Artifacts in ECG waveform.,"A lead shortage test was performed using the system’s diagnostic tool, which confirmed that there were no faults or shortages in the ECG cable.

A detailed visual inspection of the ECG cable and suction electrodes revealed a significant buildup of conductive gel. This residue compromised signal transmission and led to waveform anomalies.

All leads and electrodes were thoroughly cleaned to remove the conductive gel. Following cleaning, the artifacts were no longer present in the ECG waveform. The machine is now fully functional."
Syringe Pump,Smiths Medical,Graseby C9,Transmission error displayed during operation.,"Initial diagnosis of the ""transmission error"" indicated a malfunction in the syringe plunger mechanism. Upon disassembly, it was found that the internal gear mechanism responsible for the movement of the syringe plunger had been displaced from its proper position. The gear was correctly repositioned, and all connections were reset.

After reassembling the unit, comprehensive functionality testing was performed. The transmission error was no longer present, and the syringe pump operated normally through multiple test cycles.

The syringe pump is now fully functional"
Infusion Pump,Mindray,Benefusion VP3,"A discrepancy was reported between the set infusion time and the actual observed infusion time during operation.
","The infusion pump was inspected and tested under controlled conditions. It was confirmed that the delivered infusion duration did not match the programmed settings, indicating a calibration deviation.

The pump was recalibrated multiple times to restore its accuracy. Post-calibration, the pump was subjected to performance verification by setting different infusion rates and volumes. The observed infusion times and delivered volumes were found to be consistent with the programmed parameters."
ECG Machine,Biocare,iE,"The ECG machine was reported to produce continuous artifacts in the waveform, which affected accurate interpretation during monitoring. On testing, the device exhibited both baseline wander and EMG interference, making the ECG trace unstable and noisy.","The ECG cable was tested and found to have damaged insulation on both the main cable and the leads. This damage was allowing external interference to distort the ECG waveform. In addition, there was a significant build-up of conductive gel residue on the leads and electrodes, which was further degrading the quality of the electrode–skin interface and contributing to noise artifacts.

The damaged sections of the cable and leads were properly insulated to prevent external interference. All leads and electrodes were also thoroughly cleaned to remove conductive gel build-up and restore reliable electrical contact with the patient.After completing these corrective actions, the ECG machine was re-tested. The waveform was found to be stable, free of artifacts, and clear enough for accurate diagnostic interpretation."
Syringe Pump,Smiths Medical,Graseby C9,Reported to be non-functional.,"The device was inspected, revealing that the display was partially blacked out and the interface language was set to Chinese. Upon disassembly, it was observed that blood had accumulated on the display board and LCD panel, causing the malfunction.

The display board and connectors were thoroughly cleaned to remove contamination. However, the LCD panel had sustained irreversible damage due to the blood spill and was replaced using a panel sourced from another non-functional syringe pump. The language issue was resolved through the replacement of the display board.

Following these interventions, the display became fully functional. The syringe pump was subsequently calibrated and tested to confirm proper operation."
Electrosurgical Unit,Meditom,DT-400P,The cautery wire was disconnected.,The cautery wire connecting the electrode was disconnected THe disconnected wire was securely reconnected through soldering and insulated.
Ventilator,Hamilton,C1,Failed leak test.,"The pre-operational test was performed however, the leak test failed. The exhalation valve was inspected and found that a significant amount of residue had been accumulated in the exhalation valve and diaphragm. This led to incomplete seal. After cleaning the diaphragm and the valve, the pre-operational test was performed. The leak test passed successfully."
OT Light,,,Reported as non-functional.,"The OT light was found to be non-functional at certain positions. Upon inspection, the issue was traced to a short circuit between the live and neutral wires. The unit was disassembled to inspect the wiring through the balancing and rotating arms. Multiple breakages were detected along the wires, with the primary short located at the rotating arm.

Both damaged wires were replaced, and new wires were carefully rerouted to prevent future stress and breakages. During reassembly, it was also noted that one of the screws was loose, which prevented the light from being properly fixed at certain positions. The screw was tightened to ensure structural stability.
"
OT Light,,, Broken spring arm,"Upon inspection, it was found that the spring arm of the OT light was broken, resulting in improper positioning and instability of the light unit. The spring arm assembly was carefully disassembled, and a functional spring arm was retrieved from another non-operational OT light of the same model. The replacement spring arm was fitted, ensuring proper alignment and balance of the light head.

During reassembly, all internal wiring was checked for continuity and securely reconnected. The connections to the toggle switch were re-soldered to ensure reliable contact and long- term functionality. After reinstallation, the OT light was fully reassembled and firmly mounted to the balancing arm."
ECG Machine,Biocare,iE,Printing malfunction,"The ECG machine was reported with a printing issue, where the recorded waveform was being printed across six sheets instead of the standard three-sheet format. This caused unnecessary wastage of ECG paper.

Initial inspection was carried out on the device’s print configuration and settings, which were found to be correctly set according to operational requirements. Further inspection revealed that the problem originated from incorrect loading of the ECG recording paper into the machine’s paper tray. The misalignment of paper feeding led to improper segmentation of the waveform during printing.

The ECG paper was carefully reloaded and aligned. After reloading, the device was tested, and the waveform was printed correctly on the standard three sheets without any paper wastage."
ECG Machine,ECGMAC,EM-301,Artifacts in ECG waveform.,"The ECG machine was reported to produce waveforms with significant artifacts, making clinical interpretation difficult. Upon inspection, it was observed that the ECG lead wires were not placed correctly on the patient, leading to improper signal acquisition. In addition, the electrodes had been applied directly to the patient’s skin without the use of conductive gel. The absence of conductive gel increased skin-electrode impedance, resulting in unstable contact and noise interference, which resulted in artifacts in the recorded waveform.

The ECG leads were correctly placed according to the standard placement by reapplying the electrodes with proper conductive gel to ensure optimal skin contact and reduced impedance. After these adjustments, the ECG waveform was tested again and found to be clear, stable, and free from artifacts."
ECG Machine,Philips,PageWriter TC20,Non-functional touchscreen.,"The ECG machine was inspected and found that the touchscreren functionality was intermittent. The ECG machine was disassembled and the touchscreen panel was full of dust which was then cleaned and the connections were reset. After that the device was assembled and the touchscreeen worked. The touchscreen calibration was performed which successfully passed. After a while, the touchscreen again failed to function. Despite resetting multiple times, the touchscreen reamined non-functionbal. It was concluded that the problem was with the touchscreen panel which has to be replaced."
Laryngoscope,,,Reported to be non-functional.,The laryngoscope was inspected and found that the light was dim. The bulb was changed and the battery was also changed after which the laryngoscope functioned optimally.
Laryngoscope,,,Reported to be non-functional.,"Upon inspection, the light was found to be flickering when the blade was moved, due to loose contact of the connector with the battery. The connector was properly readjusted  to solve the issue. Additionally, the bulb was glowing dimly which was replaced after which the laryngoscope functioned properly."
Laryngoscope,,,Reported to be non-functional.,The light bulb was found to be faulty. the bulb was replaced after which the laryngoscope functioned normally
ECG Machine,ECGMAC,EM-301,Abnormal ECG waveform color – displayed in yellow.,"Upon inspection, it was noted that the ECG waveform was displayed in yellow, in contrast to the standard green waveforms for the remaining leads. This discrepancy indicated a potential issue with signal quality or electrode contact.

A detailed visual inspection of the ECG cable and suction electrodes revealed a significant buildup of conductive gel. This residue can compromise signal transmission and lead to waveform anomalies.

All leads and electrodes were thoroughly cleaned to remove the conductive gel. Following cleaning, the issue was resolved. Multiple test runs were conducted to confirm consistent and accurate ECG signal display."
View Box,,,Non-functional,"The view box was reported to be non-functional. On inspection, it was determined that the unit was not receiving power. The adapter pin was broken, resulting in loss of electrical connection and preventing the device from powering on.

The faulty adapter was replaced with a compatible unit. After replacement, the power supply to the view box was restored, and its illumination function was tested. The device was observed to operate normally without any interruption."
Bubble CPAP,,,Reported to be non-functional,"The Bubble CPAP was reported as non-functional, with the nursing staff observing failure to produce bubbles when the pressure line was immersed in the water chamber. This condition indicated improper pressure delivery to the patient circuit.

On inspection, it was identified that the patient circuit was incorrectly connected between the humidifier and the machine. The misconnection resulted in air leakage, thereby failing to generate bubbles in the water column.

The patient circuit was carefully reconnected to both the humidifier and the CPAP unit. Following reconnection, the system was tested, and bubbles were produced consistently in the water chamber, confirming that pressure delivery and functionality were restored."
Bubble CPAP,,,"Functionality check
","As per the request of the nursing staff, a functionality check of the Bubble CPAP system was carried out. The patient circuit was properly connected between the humidifier and the CPAP unit.

During testing, the CPAP system consistently generated continuous positive airway pressure when the pressure line was immersed in the water chamber. Bubble formation was observed to be steady and increased proportionally with adjustments to the oxygen flow rate using the flow meter. This confirmed that both pressure generation and flow regulation were functioning."
ECG Machine,ECGMAC,EM-301,No display,"The ECG machine was reported to have no display even when connected to the power supply. On initial inspection, the device was powered on, but the display panel remained completely black. The machine was disassembled, and all internal cable connections were checked and reseated. Despite this, the display did not respond.

Further diagnostic inspection revealed that both the LCD controller board and the display panel were defective, which accounted for the absence of any visual output. Additionally, it was observed that the printer roller was missing, causing the device to continuously register a “printer door open” error. These faults prevent the device from performing its essential display and printing functions.

To restore the full functionality of the ECG machine, the LCD controller board, display panel, and printer roller assembly need to be replaced with compatible spare parts."
USG Machine,Samsung,Medico,Printing problem,"During inspection, it was observed that the ultrasound report prints were unclear in certain sections, even though the displayed images showed no such artifacts. The printer assembly was examined and found to have significant dust accumulation on both the thermal head and the roller. Additionally, the paper had become partially jammed between the roller, which further contributed to the printing defect.

The thermal head and roller were thoroughly cleaned, and the jammed paper was removed. After reassembling and testing, the print quality was restored, producing clear and accurate reports. The ultrasound machine is now operating normally and has been verified to be fully functional."
Patient Monitor,Schiller,TRUSCOPE Ultra Q7,SpO₂ reading not displayed on the patient monitor,"On inspection, it was observed that the SpO₂ probe’s red LED illuminated intermittently, even when securely connected to the monitor. To verify, the monitor was tested with a known functional SpO₂ probe, which displayed accurate readings without issue. 

The faulty probe was replaced with a new, functional one. Following replacement, the SpO₂ readings were displayed correctly on the patient monitor."
Patient Bed,,,Reported to be non-functional.,"Upon inspection, it was found that the remote control unit had been completely disconnected from the power board due to disconnected cable, which resulted in the bed being non-operational. The disconnected wires were securely reconnected, and continuity testing was carried out to confirm proper electrical connections.

After reconnecting, the remote control was able to trigger the relay; however, the bed movement remained restricted. All the connections to the power board were reseated. Following this step, the remote control became fully responsive, and the bed’s adjustment functions were restored."
Patient Bed,,,Remote control unresponsive.,"Upon inspection, it was found that the remote control unit had been completely disconnected from the power board due to disconnected cable, which resulted in the bed being non-operational. The disconnected wires were securely reconnected, and continuity testing was carried out to confirm proper electrical connections.

After reconnecting, the remote control was able to trigger the relay; however, the bed movement remained restricted. All the connections to the power board were reseated. Following this step, the remote control became fully responsive, and the bed’s adjustment functions were restored."
Syringe Pump,Smiths Medical,Graseby C9,The device was reported to power on and off automatically during operation.,"The syringe pump was inspected following complaints of intermittent shutdown. Initial assessment revealed that the internal battery was completely depleted, which caused the device to power off unexpectedly when disconnected from the AC supply.

After charging, the device powered on but displayed a “transmission error” during functionality testing. Further diagnosis traced the fault to the syringe plunger mechanism. On disassembly, it was found that the internal gear mechanism responsible for plunger movement had become displaced from its proper alignment. The gear was repositioned correctly, and all internal connections were secured.

Following reassembly, the unit underwent comprehensive functionality testing. The transmission error did not reoccur, and the syringe pump operated reliably across multiple test cycles"
Patient Bed,,,Reported to be non-functional.,"Upon inspection, it was observed that while the remote successfully triggered the relay, the bed did not respond to movement commands. After resetting the connections, most bed adjustments were restored; however, the head section remained immobile.

Detailed examination revealed that the manual locking mechanism had been engaged, restricting head section movement. Once the lock was released, the head section resumed normal operation. 

The bed was subsequently tested, and all functions were confirmed to be working properly."
Defibrillator,Philips,Efficia DFM100,Operational check.,"The defibrillator was reported with a maintenance indicator displayed on the screen. A detailed operational check was carried out to verify the performance of the device. The unit successfully completed all self-tests and functional assessments, including charging, energy delivery, and ECG monitoring verification."
Refrigerator,Haier,HRF-268HS,Reported to be non-functional.,"The fridge temperature was below the required temperature to store reagents in teh store. The temperature regulator had been set to the lowest point due to which the temperature was set low. After adjusting the temperature regulator setting, the temperature was maintained between 2 to 8 degree celsius. Additionally, the temperature was also monitored using the calibrated thermometer, which also further confimed that the temperature was maintained as per the requirement."
Refrigerator,Haier,,Reported to be non-functional.,"The fridge temperature was below the required temperature to store reagents in teh store. The temperature regulator had been set to the lowest point due to which the temperature was set low. After adjusting the temperature regulator setting, the temperature was maintained between 2 to 8 degree celsius. Additionally, the temperature was also monitored using the calibrated thermometer, which also further confimed that the temperature was maintained as per the requirement."
Refrigerator,Haier,,Reported to be non-functional.,"The fridge temperature was above the required temperature to store reagents in teh store. The temperature regulator had been set to the maximum point due to which the temperature was set high. However, even after adjusting the temperature regulator setting, the temperature was still at 20 degree celsius. The fault was with the temperature regulator as the compressor was working. The fault in the regulator was addressed after which the temperature was maintained between 2 to 8 degree celsius.  Additionally, the temperature was also monitored using the calibrated thermometer, which also further confimed that the temperature was maintained as per the requirement."
Refrigerator,,,Reported to be non-functional.,"The temperature in the deep fridge was at 2 to 5 degree celsius which was way above the temperature to be maintained in the deep fridge. The temperature regulator was set at the lowest point still the temperaure was high. The compressor and temperature regulator were functional. However the refrigerant was stuck at a point (choking), due to which the temperature could not be maintained. After addressing the issue, the temperature issue was resolved. Additionally, the temperature was also monitored using the calibrated thermometer, which also further confimed that the temperature was maintained as per the requirement."
Refrigerator,,,Reported to be non-functional.,"The fridge temperature was below the required temperature to store reagents in teh store. The temperature regulator had been set to the lowest point due to which the temperature was set low. After adjusting the temperature regulator setting, the temperature was maintained between 2 to 8 degree celsius. Additionally, the temperature was also monitored using the calibrated thermometer, which also further confimed that the temperature was maintained as per the requirement."
Ventilator,Hamilton,C1,Failed leak test.,"The pre-operational test was performed however, the leak test failed. The exhalation valve was inspected and found that a significant amount of residue had been accumulated in the exhalation valve and diaphragm. This led to incomplete seal. After cleaning the diaphragm and the valve, the pre-operational test was performed. The leak test passed successfully."
Ventilator,Hamilton,C1,Failed leak test.,"The pre-operational test was performed however, the leak test failed. The exhalation valve was inspected and found that a significant amount of residue had been accumulated in the exhalation valve and diaphragm. This led to incomplete seal. After cleaning the diaphragm and the valve, the pre-operational test was performed. The leak test passed successfully."
Syringe Pump,Smiths Medical,Graseby C9,Syringe plunger open alarm,"Upon receiving the complaint, the syringe pump was inspected for the reported “syringe plunger open” alarm. The unit was disassembled, and mechanical inspection of the plunger mechanism revealed that the internal gear had been displaced from its proper position, preventing the secure engagement of the syringe plunger.

The gear mechanism was realigned and reassembled carefully to ensure proper movement and locking of the plunger assembly. Once reassembled, the syringe pump was powered on, and functional tests were conducted. The alarm no longer appeared, confirming that the issue had been resolved.

The syringe pump is now fully functional."
Nebulizer,Niscomed,NB-117,Device not powering on.,"The nebulizer was reported as non-functional, with no power when switched on. Initial inspection confirmed that the device would not turn on. A detailed wire and power circuit inspection was performed.

During examination, it was found that the internal power wire was disconnected, preventing electrical flow. The wire was reconnected securely, restoring power to the device. Additionally, the air filter was checked and found to be dirty; it was cleaned thoroughly to improve airflow and performance.

After corrective actions, the nebulizer powered on and produced proper mist output. The device is now fully functional."
Syringe Pump,Smiths Medical,Graseby C9,System Error 09 displayed,"Upon receiving the complaint regarding the syringe pump showing ""System Error 09,"" the unit was inspected. Initial assessment confirmed the error during startup.

To address this, all internal cable connections were disconnected and reconnected to ensure proper contact and reset the system. This procedure cleared the error and restored the normal initialization process.

After reassembly and testing, the syringe pump operated without errors and delivered accurate performance under standard conditions.

The syringe pump is now fully functional."
Nebulizer,Niscomed,NB-117,Device not powering on.,"The nebulizer was reported as non-functional, with no power when switched on. Initial inspection confirmed that the device would not turn on. A  internal inspection was carried out.

It was found that the wire connected to the power switch was disconnected, which interrupted the power supply. The wire was reconnected securely. Additionally, lubrication was applied to the necessary moving parts to ensure smooth operation.

After corrective actions, the nebulizer powered on successfully and produced proper mist output. The device is now fully functional."
Nebulizer,Optima Care,,No mist production,"Upon disassembly of the device, it was observed that while the motor was operational, the fan was not rotating. Further inspection revealed that the connecting screw between the motor and piston had come loose, causing the piston to remain stuck in a fixed position, thereby preventing mist generation. The screw was tightened securely, and both the motor and fan components were lubricated to ensure smooth operation. After reassembly, the nebulizer was tested and confirmed to be producing mist effectively."
Infant Radiant Warmer,Shreeyash,,Warmer not providing sufficient heat,"The Infant Radiant Warmer was inspected following a complaint that it was not producing adequate heat. Upon evaluation, the device was found to be functioning but was significantly reducing heat output after reaching a certain temperature threshold.

The warmer was operating in Servo Skin Mode, in which the device automatically regulates heat output based on the infant’s skin temperature relative to a user-defined set point. It was observed that the set temperature had been configured to 32.5°C, which is below the standard target for neonatal care. As a result, the warmer appropriately reduced heating once the infant's skin temperature approached the low set point, leading to perceived underperformance.

In accordance to nursing staff, the set temperature was adjusted to 36.5°C, which aligns with typical clinical requirements for neonatal warming. After updating the set point, the warmer responded appropriately by increasing and maintaining adequate heat output."
Syringe Pump,Smiths Medical,Graseby C9,"Device non-functional; automatically turning off
","Upon inspection, it was found that the device was shutting down automatically due to a completely depleted internal battery. The syringe pump was connected to a power supply and fully charged. After restoring power, the device powered on successfully.

Further functional testing revealed that the syringe plunger was not moving smoothly during operation. Upon disassembly and inspection of the mechanical components, it was determined that the plunger mechanism was experiencing resistance due to lack of lubrication. The mechanism was cleaned and lubricated appropriately, restoring smooth and consistent plunger movement.

Following the reassembly, the device underwent operational testing, and all functions were verified to be working correctly. The syringe pump is now fully functional and ready for clinical use."
Vibrator,,,Device non-functional,"Initial inspection revealed that the attachment point between the vibrator head and the main body of the device was broken. Upon further disassembly, it was observed that the internal piston connecting the motor to the vibrator head was also damaged, with structural breakage preventing effective movement and function.

Due to the nature and extent of the damage, the broken components could not be repaired or securely reattached. Based on this, the device has been concluded to be discarded."
Vibrator,,,Reported to be non-functional,"Upon inspection, it was found that the device failed to power on. The unit was disassembled, and voltage measurements confirmed that the device was not receiving proper supply voltage. There was a discontinuity in the wore which was then securely reconnected.

However, the motor still did not operate. Further inspection revealed that the potentiometer, which controls the motor speed, had a cold solder joint. This poor solder connection was preventing proper electrical contact, thereby causing the malfunction.

The potentiometer was carefully  
re-soldered to ensure a secure connection. After the reassembly, the device was powered on and tested. The motor operated normally, and the speed could be smoothly adjusted using the rotating control knob"
Vibrator,,,Device not powering on,"The device failed to power on when connected to a functioning power supply. Upon disassembly, it was found that the internal wire connecting the power input to the control board and motor had become detached, resulting in a loss of electrical continuity. Additionally, the potentiometer responsible for controlling vibration intensity was tested and found to be defective, displaying abnormally high resistance and failing to regulate output.

The disconnected wire was resoldered securely, and the faulty potentiometer was replaced with a new, functional component. Following the reassembly, the device was tested and verified to power on and operate normally, with full control over vibration intensity restored."
Patient Monitor,Schiller,TRUSCOPE Ultra Q7,Anomalies were observed in the ECG waveform display,"A thorough inspection of the ECG cable was conducted. The cable's integrity was tested using waveform interference in water, confirming that the cable was fully functional.

Further investigation revealed that the issue stemmed from an incorrect ECG configuration on the patient monitor, which resulted in inaccurate waveform interpretation and falsely indicated tachycardia.

The ECG settings were reconfigured to match the appropriate patient parameters. The device is fully operational."
Patient Monitor,Schiller,TRUSCOPE Ultra Q7,The patient monitor was reported to have issues with displaying both NIBP and SpO₂ readings.,"Upon inspection, it was found that the SpO₂ probe was non-functional — the internal light source was not illuminating. To verify whether the issue originated from the probe or the monitor, a known functional SpO₂ probe was connected. The monitor successfully displayed accurate SpO₂ readings, confirming that the fault lies with the original SpO₂ probe, which now requires replacement.

Simultaneously, the issue with the NIBP reading was traced to a loose connection between the BP cuff and the connecting cable leading to the monitor. After securely reconnecting the cuff, the NIBP readings were successfully displayed."
ECG Machine,Biocare,iE6,"The ECG machine was reported to produce continuous artifacts in the waveform, which hindered accurate interpretation during patient monitoring. ","A detailed inspection of the ECG cable revealed damaged insulation on both the main cable and the individual leads, along with a breakage in the cable itself. This damage was allowing external electrical interference to distort the ECG waveform. In addition, there was a significant accumulation of conductive gel residue on the leads and electrodes, which was degrading the quality of the electrode–skin interface and further contributing to the signal noise.

The damaged cable and leads were properly insulated and secured to prevent further interference. All leads and electrodes were thoroughly cleaned to remove the conductive gel build-up. After that, the ECG machine was re-tested. The waveform output was found to be stable, clear, and free of artifacts, confirming the resolution of the issue."
Surgical Microscope,Corder,ASOM-05,Installation,"The surgical microscope was fully assembled by connecting all designated components according to the manufacturer's specifications. Following assembly, a comprehensive functionality test was conducted. All optical, mechanical, and illumination systems were verified for proper performance. The microscope was found to be operating within expected parameters and is now ready for clinical use in the OT."
X-Ray Machine,Allengers,Allengers-525,"The collimator light was non-functional, which affected the ability to accurately visualize and align the X-ray field.","The equipment was thoroughly inspected to identify the root cause of the issue. It was found that the fuse supplying power to the LBD was faulty. The defective fuse was replaced with a new, compatible unit. Additionally, the power wire connected to the collimator light was found to be disconnected from the connector; this was securely re-soldered to restore proper electrical contact. Further inspection revealed that the internal mirror within the collimation assembly was misaligned. The mirror was carefully realigned through the designated adjustment port to ensure the projected light field matched the X-ray exposure area.

After completing these corrective actions, the collimator light became functional, and the system was tested to verify that the light field and exposure field were properly aligned. The X-ray machine is now fully functional."
Syringe Pump,Smiths Medical,Graseby C9,Reported to be non-functional.,The device reported to have a system error 4 which remained unresolved even after resetting the machine and the internal connections. The error was due to the fault in the main board itself. 
Syringe Pump,Smiths Medical,Graseby C9,Reported to be non-functional.,The device reported to have a system error 4 which remained unresolved even after resetting the machine and the internal connections. The error was due to the fault in the main board itself. 
Syringe Pump,Smiths Medical,Graseby C9,Reported to be non-functional.,The device reported to have a system error 9 and transmission error which remained unresolved even after resetting the machine and the internal connections. The error was due to the fault in the main board itself. 
Syringe Pump,Smiths Medical,Graseby C9,Reported to be non-functional.,"The device reported to have a system error 4 which remained unresolved even after resetting the machine and the internal connections. The error was due to the fault in the main board itself. Additionally, the LCD panel and the dispaly board is non-functional because of which the display is in chinese language."
Nebulizer,Niscomed,NB-117,Device not powering on due to disconnected wire.,"The nebulizer was inspected, and found that the wire was disconnected from the power cord, preventing the supply to the unit. The wire was reconnected securely. After reconnection, the device was powered on and tested. The machine is now working optimally."
Nebulizer,Optima Care,,Device not turning on.,"Upon internal inspection, it was found that the piston was disconnected from the motor, which prevented proper operation. The piston was reconnected securely to the motor. Functional testing was performed, and the device is now operating normally."
Ventilator,Hamilton,C1,Reported to be non-functional.,"The ventilator was initially inspected and both the leak test and flow sensor test passed successfully. However, when ventilation was initiated on the test lung, the ventialtor failed to deliver the set tidal volume and displayed a high leakage percentage.  A detailed examination of the exhalation valve assembly revealed that the diaphragm had cecomw displaced from its position. In addition, the residue deposits were cleaned as well. After which, the ventilator was tested on test lung and it successfully delivered the set tidal volume."
USG Machine,Mindray,M7,No charging.,"Upon inspection, the power adapter was found to produce abnormal sound when connected to the power cable, and no DC output voltage was detected. The SMPS was opened for detailed examination and found that the connector on the SMPS board had become desoldered. The faulty connector was carefully removed and replaced with the new connector. The SMPS then successfully produced the DC voltage."
ECG Machine,Philips,PageWriter TC20,Artifacts in ECG waveform.,"During inspection, it was observed that one of the ECG waveforms appeared in yellow instead of the standard green display.

A visual check of the ECG cable and suction electrodes revealed a significant accumulation of conductive gel residue. 

All electrodes and leads were thoroughly cleaned to remove the residue, after which the ECG signal was re-tested. Post-cleaning, the waveform artifacts were no longer present.

Additionally, one suction electrode was physically damaged, making secure attachment to the patient’s chest difficult.Although the damaged component was temporarily repaired by glue, it is not a permanent solution and may affect long-term reliability. Replacement of the defective suction electrode is strongly recommended."
X-ray Printer,Fuji,DryPix Smart,"The X-ray printer was reported as non-functional. While the unit powers on, it does not proceed to the “Ready” state, preventing any printing operations.","The supplier’s technical team inspected the machine. The printer was disassembled, dust accumulation was cleaned, and all internal cable connections were checked and re-seated. Despite these efforts, the issue persisted, and the unit remained unable to initialize.

Findings:
Based on the supplier’s diagnosis, the fault is traced to the CPU32A board assembly, which is essential for system operation. Replacement of this board is required to restore normal functionality. 

After replacing the above mentioned boards, the machine was functional."
Syringe Pump,Smiths Medical,Graseby C9,Syringe plunger open alarm.,"The syringe pump was inspected for the reported “syringe plunger open” alarm. The unit was disassembled, and mechanical inspection of the plunger mechanism revealed that the internal gear had been displaced from its proper position, preventing the secure engagement of the syringe plunger.

The gear mechanism was realigned and reassembled carefully to ensure proper movement and locking of the plunger assembly. Once reassembled, the syringe pump was powered on, and functional tests were conducted. The alarm no longer appeared, confirming that the issue had been resolved.

The syringe pump is now fully functional."
Syringe Pump,Smiths Medical,Graseby C9,"No display, transmission error, and system error 7","Upon inspection, the syringe pump was found to have a display malfunction. The unit was disassembled, and residue deposition was observed on the ribbon cable. The cable was cleaned and reconnected, which restored the display function.

During subsequent functionality testing, the device displayed a transmission error and system error 7. Further inspection revealed misalignment in the syringe plunger gear mechanism, which was realigned securely. It was also identified that the circuit board connecting the syringe plunger to the main board was defective. The faulty board was replaced using a compatible part from another non-functional syringe pump.

After replacement and reassembly, the device was tested and found to be operating normally."
Syringe Pump,Smiths Medical,Graseby C9,System error 6 and transmission error,"The syringe pump was inspected, and all internal connections were reset, which resolved the System Error 6. However, the transmission error persisted and was traced to a misaligned syringe plunger mechanism and a faulty interface board connecting the plunger mechanism to the main board.

The gear mechanism was realigned securely, and the defective board was replaced using a compatible part from another non-functional syringe pump. After reassembly, the device was thoroughly tested and found to operate normally without any error messages.
"
Syringe Pump,Smiths Medical,Graseby C9,Syringe lunger open alarm,"During syringe loading and testing, the syringe pump consistently displayed a “Syringe Plunger Open” error. A detailed inspection revealed that the plunger gear mechanism was misaligned, preventing proper engagement with the syringe holder.

The gear assembly was realigned securely, and all internal connections were reset and reconnected. Following the reassembly, the pump was tested .and operated without any errors."
Syringe Pump,Smiths Medical,Graseby C9,Reported to be non-functional.,"Upon inspection, the syringe pump failed to operate or respond during power-on testing. A detailed internal examination revealed that the  connector linking the syringe plunger mechanism to the main control board was damaged.

The damaged connector was replaced with a compatible one, and all related connections were checked and secured. After the reassembly, the syringe pump was tested for functionality. The device operated normally without any errors."
OT Light,,,No illumination,"The OT light from the OT department, which was reported to be non-functional, was inspected and found to have a damaged SMPS, causing a complete power failure to the unit. The issue has been resolved, and the OT light was tested for illumination. The unit is now fully functional"
Ventilator,Hamilton,C1,Pre-operational test failed.,"The ventilator was reported to have failed its pre-operational test. Upon inspection, it was observed that both the leak test and the flow sensor test did not pass. Initially, the flow sensor was replaced with a compatible one; however, the issue persisted. The exhalation valve diaphragm had become displaced from its proper seating, and residue deposition was noted within the valve housing. 

The exhalation valve and diaphragm were cleaned, and the diaphragm was properly repositioned. The ventilator was subjected to a complete pre-operational test sequence. All tests, including the leak test and flow sensor calibration, were successfully passed."
Ventilator,Hamilton,C1,Failed pre-operational test.,"The ventilator was reported to have failed its pre-operational test. Upon inspection, it was noted that both the leak test and the flow sensor test did
not pass. A detailed examination of the exhalation valve assembly revealed residue buildup on the valve housing and diaphragm.

The exhalation valve was carefully disassembled, and the residue was thoroughly cleaned from both the valve housing and diaphragm. After this, the ventilator was subjected to another pre-operational test. The test was successfully completed, and the ventilator is fully functional."
USG Machine,Mindray,M7,No charging,"Upon inspection, the power adapter was found to produce an abnormal sound when connected to the power cable, and no DC output voltage was detected. The SMPS was opened for detailed examination. It was identified that the connector on the SMPS board had become desoldered, and further inspection revealed physical damage to the connector itself.

The faulty connector was carefully removed and replaced with a new connector, which was then securely resoldered onto the SMPS board. After the repair, the SMPS successfully delivered the required DC output voltage. The machine was tested and confirmed to be charging properly and is now fully functional."
Immunoassay Analyzer,Snibe,MAGLUMI X3,Unable to perform tests.,"The analyzer was reported to be unable to perform tests, displaying an error likely related to a blockage in the internal fluid pipeline. Upon inspection, the suspected pipeline was disconnected, and thoroughly cleaned using distilled water flushed multiple times with a syringe to remove any possible clog or residue buildup.

After multiple flushing cycles, a pipeline test was conducted, and all measured parameters were found to be within the acceptable operational range. Subsequently, a sample test was performed which was completed successfully without any interruptions."
Mammogram,Allengers,,Non-functional display panel,"Upon powering the mammogram, it was observed that the display panel responsible for indicating weight, and angulation readings was non-functional. A detailed inspection was carried out during which the machine was carefully disasembled to access the display assembly.

It was found that the connector responsible for transmistting signals to the display panel had become detached which was securely reattached. 

After the reassembly, thr display panel functioned normally."
Chest Vibrator,,,Power issues.,"The unit did not turn on when connected to the power supply. On disassembly, a disconnected wire was found to have caused the power interruption. The wire was resoldered and securely reconnected to the power plug. After testing, the unit powered on and functioned normally."
ECG Machine,Philips, PageWriter TC20,Artifacts in ECG waveform.,"The disgnostic test was conducted to check any lead connectivity isues, however, no lead shortages were detected. Further inspection, revelaed significant accumulation of conductive gel on the electrodes and leads. 

All electrodes and leads were thoroughly clenaed to remove the residue. The functionality of the ECG leads  by perofrming waveform interference in water which confirmed that ECG waveform was free from artifacts.

The machine was found to be operating normally."
Slit Lamp,,,No illumination,"Upon inspection, it was observed that the slit lamp failed to illuminate when powered on. The fuse functionality was tested and found to be intact. The supply voltage to the bulb socket was measured and confirmed to be within the specified operating range, indicating no issues with power supply. Further examination revealed that the bulb was burnt out. The defective bulb was replaced after which the illumination was restored successfully."
Sphygmomanometer,,,Unable to maintain air pressure.,"The sphgmomanometer was inspected and found to have a jammed air release valve. Additionally, the air leakage was observed at the tube connectors. The air release valve was loosened and the damaged section of the tubing near the connecor was cut and reattached. After these, the device successfully maintained air pressure within the cuff and the pressure raedings were verified to be accurate."
Patient Bed,,,Reported to be non-functional.,"Upon inspection, the remote control was unresponsive even after connecting the bed to the power supply. Further examination revealed that the power had been disconnected. The cable was securely reconnected, restoring the functionality.

However, the patient bed could not be adjusted despite unlocling the mechanical lock. Detailed inspection showed that the movement mechainsm was jammed and that a screw securing the locking assembly was missing. The mechanism was lubricated and the missing screw was replaced and tightened securely."
Ultrasound Therapy Unit,HMS Medical Systems,ULT100a,Reported to be non-functional,"Upon inspection, it was found that the wire at the transducer connector end had become detached, and the unit failed to power on despite being connected to the mains supply. Further examination revealed a blown fuse, which had interrupted the power circuit. The damaged fuse was replaced with a new one of appropriate rating, restoring power to the unit.

The disconnected transducer wire was then securely re-soldered to the connector terminal. Following reassembly, the transducer was reconnected to the main unit, and a functional test was performed. The output intensity was observed to increase linearly with the control setting, indicating proper ultrasonic output and system functionality."
ABG Machine,Instrumentation Laboratory,GEM Premier 3500,Failed to warm up the new cartridge.,"The ABG machine failed to warm up the newly installed cartridge and displayed “Cartridge Error 1.11,” instructing to remove and discard the cartridge. Despite replacing it with a new one, the different type of cartridge error persisted. Subsequently, the device was replaced with another unit, and all necessary settings were reconfigured. After inserting a new cartridge, the machine successfully completed the warm-up process and performed analysis normally."
Syringe Pump,Smiths Medical,Graseby C9,Syringe Plunger Open,"The device displayed a “Syringe Plunger Open” alarm despite the plunger being properly closed. The syringe pump was disassembled, and the plunger gear mechanism was inspected and realigned. All internal connections were also checked and securely reset. After reassembly, the device no longer displayed the plunger open alarm and functioned normally."
Syringe Pump,Smiths Medical,Graseby C9,System Error 6,"Upon testing, the device displayed “System Error 6.” The syringe pump was disassembled, and the ribbon cable was cleaned and securely reconnected. The gear mechanism was also inspected, realigned, and all internal connections were properly reset. After reassembly, the device was tested and no longer displayed the error, functioning normally."
Centrifuge,Remi,Medico Plus,Lid open error,"During inspection, it was found that the washer was broken, causing the centrifuge to produce an abnormal noise during operation. The damaged washer was replaced; however, the device subsequently displayed a “Lid Open” error despite the lid being securely closed. On further inspection, the lid sensor was removed and found to have broken pins, preventing proper detection of the closed lid. The defective lid sensor was replaced, after which the centrifuge operated normally. The machine is now fully functional."
Ventilator,Hamilton,C1,Failed leak test during pre-operational check.,"During pre-operational testing, the ventilator failed the leak test. Inspection of the exhalation valve revealed significant residue buildup on both the valve housing and diaphragm, which was likely obstructing proper sealing. The components were thoroughly cleaned and reassembled. The pre-operational test was repeated, and the device successfully passed both the leak test and flow sensor test.

However, upon initiating ventilation with a test lung, a high leakage percentage was observed, and the ventilator failed to deliver the set tidal volume. Further investigation identified the source of leakage at the oxygen delivery pipeline connection. The connection was properly secured, eliminating the leakage.

After corrective action, the ventilator was retested and performed all functional checks successfully."
Defibrillator,Mindray,Beneheart D3, Paddle failure,"The defibrillator displayed a paddle failure alarm and did not pass the routine test. Upon inspection, conductive gel buildup was found on the paddle surface, preventing proper detection by the system. The paddle was thoroughly cleaned, after which the defibrillator successfully passed both the routine and energy delivery tests, confirming normal functionality."
Infusion Pump,Smiths Medical,Graseby 1200,,"The infusion pump repeatedly displayed an occlusion alarm, interrupting infusion delivery. Upon inspection, the issue was traced to incorrect settings configuration. The settings were reconfigured, and the pump was recalibrated.
After recalibration, the infusion pump was functionally tested and operated optimally, confirming resolution of the issue."
Infusion Pump,Smiths Medical,Graseby 1200,Reported to be non-functional,"The infusion pump repeatedly displayed an occlusion alarm, interrupting infusion delivery. Upon inspection, the issue was traced to incorrect settings configuration. The settings were reconfigured, and the pump was recalibrated.
After recalibration, the infusion pump was functionally tested and operated optimally, confirming resolution of the issue."
TENS Machine,Sun Medisys,Dyno Plus,No output observed on one of the channels,"The device was disassembled and found to have a disconnected wire at one of the output ports, which was resoldered securely. However, the issue persisted. Further continuity testing revealed loose wire connections at the connector, leading to loss of output. The wires were securely reattached to the connector.
Upon functionality testing, proper output was observed across all four channels, confirming the issue was resolved."
Fetal Doppler,BPL,,No charging,"The fetal doppler did not charge despite being connected to the power supply. The power adapter was inspected and found to have no output voltage. The fault within the adapter was rectified, after which the fetal doppler began charging normally.
Functionality testing confirmed that the device operated properly following the repair."
Anesthesia Machine,Datex-Ohmeda,M-904E,Tidal volume not displayed on the screen,"The patient circuit connections were checked and found to be functioning properly. The flow sensor was then inspected and found to have residue buildup, which interfered with accurate tidal volume measurement. The flow sensor was thoroughly cleaned, and a minor leakage observed at the port was securely tightened.
Upon functionality testing, the ventilator displayed tidal volume readings accurately in accordance with the bellows movement, confirming resolution of the issue."
ECG Machine,Philips,PageWriter TC20,Artifacts in ECG waveform,"A diagnostic test was conducted to check for any lead connectivity issues; however, no lead shortages were detected. Further inspection revealed significant accumulation of conductive gel residue on the suction electrodes and ECG leads. This resulted in artifacts on the ECG waveform.

All electrodes and leads were thoroughly cleaned to remove the residue. The functionality was subsequently verified by performing a waveform interference test in a water, which confirmed that the ECG waveform was free from artifacts.

The ECG machine was found to be operating normally, and the issue with waveform artifacts has been successfully resolved."
Patient Bed,,,Remote control unresponsive,"During inspection, it was verified that the power cable was supplying the required AC input voltage. However, no DC output was detected from the power board, indicating a possible internal fault. A detailed component-level check revealed that a wire at the output section was loosely connected. This was resoldered to restore proper contact.

Further testing also identified a connector on the power board that was loosely attached, as confirmed through continuity testing. This connector was resoldered to ensure a stable and reliable connection.

Following these corrective measures, a stable 32V DC output was observed from the power board. All cables were then reconnected, and the bed was tested for functionality. The remote control responded appropriately, and all bed adjustment movements operated smoothly."
ECG Machine,BPL,Cardiart 9108D,New machine installation,"A new ECG machine was installed in the Emergency Department. The lead configuration, filter, and printer settings were properly adjusted. The functionality of the ECG cable was verified. User training and guidance were provided on the proper operation of the device."
Patient Monitor,Schiller,TRUSCOPE Ultra Q7,No SpO₂ and NIBP readings,"The SpO₂ probe was inspected and found functional; however, the SpO₂ waveform was not displayed on the monitor due to incorrect configuration settings. The settings were reconfigured to the correct parameters, resolving the issue. Additionally, the NIBP reading was absent due to a leakage in the NIBP hose, which was repaired. After correction, both SpO₂ and NIBP readings were displayed accurately on the patient monitor."
Infant Radiant Warmer,Shreeyash,,Reported to be non-functional,"Upon inspection, the Infant Radiant Warmer did not power on despite proper connection to the power supply. The power fuse was checked and found to be intact. Further inspection revealed that the main power switch was defective, preventing power from reaching the internal circuitry. The faulty switch was replaced with a new one, after which the unit powered on successfully. The warmer was tested for heater functionality and temperature regulation, and both were found to be operating normally. The device was confirmed to be fully functional and returned to service."
Syringe Pump,Smiths Medical,Graseby C9,System Error 6,"The syringe pump was disassembled for internal inspection following the display of System Error 6. The ribbon cable was tested and found to be functional. Further examination revealed a misalignment in the syringe drive gear mechanism, which was causing operational error. The internal connections were reset, and the gear mechanism was realigned and secured properly. After reassembly and testing, the syringe pump powered on without displaying System Error 6 and completed its functional checks successfully. The device is now operating normally and ready for clinical use."
Sphygmomanometer,,,"Reported to be non-functional
","Inspection revealed that the manometer needle had become displaced within the dial, causing inaccurate pressure indication. The needle was realigned and secured properly. After reassembly, the device was tested and confirmed to display accurate pressure readings, restoring normal functionality."
View Box,,,No illumination.,"The view box was inspected, and the voltage at the LED driver was checked, revealing no supply voltage. Further inspection identified a faulty power switch as the cause. The defective switch was replaced, after which the output voltage at the LED driver was measured and found to be within the normal range. Upon reconnecting all wire connections, the view box illuminated properly, confirming successful restoration of functionality."
Ultrasound Therapy Unit,Technomed Electronics,Electroson-608 ,No output at the transducer end and intensity adjustment not functional,"The ultrasound therapy unit was inspected and found that the intensity control knob was non-functional, as the output intensity could not be varied. On internal inspection, it was observed that the wire responsible for transmitting the signal to indicate the therapy mode was disconnected, preventing the system from recognizing the operational mode and disabling intensity adjustment. The wire was securely reconnected, restoring the intensity control function.

However, there was still no output at the transducer end. The transducer assembly was disassembled and examined, revealing disconnected wire connections at the connector terminal. These connections were re-soldered and secured properly. After reassembly, the unit was powered on and tested, and output was observed at the transducer end, corresponding accurately to the adjusted intensity levels. The ultrasound therapy unit was confirmed to be fully functional after service."
Ultrasound Therapy Unit,Sun Med,Ultra Pro 100,Intensity could not be adjusted above 0.4,"The ultrasound therapy unit was inspected and found that the intensity adjustment knob was loose, preventing proper variation of the output intensity beyond 0.4 W/cm². The control knob was disassembled and the internal coupling to the potentiometer was inspected, revealing a loose connection that disrupted the adjustment mechanism. The knob was securely reattached and aligned with the potentiometer shaft.

After reassembly, the unit was tested, and the intensity could be smoothly adjusted across the full range. The output was verified at different intensity levels, confirming proper functionality of the unit."
Infant Radiant Warmer,Shreeyash,,Reported to be non-functional,"Upon inspection, the Infant Radiant Warmer did not power on despite proper connection to the power supply. The power fuse was checked and found to be intact. Further inspection revealed that the main power switch was defective, preventing power from reaching the internal circuitry. The faulty switch was replaced with a new one, after which the unit powered on successfully. The warmer was tested for heater functionality and temperature regulation, and both were found to be operating normally. The device was confirmed to be fully functional and returned to service."
Sphygmomanometer,,,Reported to be non-functional,"Each unit was inspected in detail, and multiple issues were identified, including air leakage in the tubing and bulb, stiff or jammed air-release valves, and improper needle zeroing on the manometer dial.

The affected components were serviced accordingly — air leaks were sealed, valves were cleaned and lubricated for smooth operation, and the manometer needles were recalibrated to zero position."
Sphygmomanometer,,,Reported to be non-functional.,"Each unit was inspected in detail, and multiple issues were identified, including air leakage in the tubing and bulb, stiff or jammed air-release valves, and improper needle zeroing on the manometer dial.

The affected components were serviced accordingly — air leaks were sealed, valves were cleaned and lubricated for smooth operation, and the manometer needles were recalibrated to zero position."
Anesthesia Machine,Meditec England,Neptune Plus,The tidal volume displayed on the monitor did not match with the actual movement of bellow.,"The bellows, CO2 canister, unidirectional valves and inspiratory and expiratory flow sensors were inspected. There was a water build up  in the expiratory flow sensor and valve which was then thoroughly cleaned. The valves and the bellow were also cleaned in the lukewarm water. There was a crack in the inspiratory flow sensor which was contributing to the leakage. The crack was temporarily sealed using adhesive. During the testing, the tidal volume displayed on the screen was found to match the bellow movement. However, the inspipratory flow sensor must be replaced to ensure long term stability, accuracy and reliability."
Anesthesia Machine,Datex-Ohmeda,M-904E,"The bellows were not reaching the maximum height inside the housing, indicating a possible leakge within the system.","The bellows were checked and would only reach the maximum height when the flow compensation was increased to 4L/min, which would indicate presence of leakge in the system. There was a crack in the flow sensor adapter, which was identified as the source of leakge. To confirm this, the flow sensor was temporarily removed and on testing, the bellow reached the mximum height and maintained the height consistently, which confirmd that the leak was due to damaged flow sensor adapter. The rack was temporail;y sealed using adhesive, however the flow sensor adapter must be replaced."
Sphygmomanometer,,,Reported to be non-functional,"Each unit was inspected in detail, and multiple issues were identified, including air leakage in the tubing and bulb, stiff or jammed air-release valves, and improper needle zeroing on the manometer dial.

The affected components were serviced accordingly — air leaks were sealed, valves were cleaned and lubricated for smooth operation, and the manometer needles were recalibrated to zero position."
Sphgmomanometer,,,Reported to be non-functional.,"Each unit was inspected in detail, and multiple issues were identified, including air leakage in the tubing and bulb, stiff or jammed air-release valves, and improper needle zeroing on the manometer dial.

The affected components were serviced accordingly — air leaks were sealed, valves were cleaned and lubricated for smooth operation, and the manometer needles were recalibrated to zero position."
Sphgmomanometer,,,Reported to be non-functional.,"Each unit was inspected in detail, and multiple issues were identified, including air leakage in the tubing and bulb, stiff or jammed air-release valves, and improper needle zeroing on the manometer dial.

The affected components were serviced accordingly — air leaks were sealed, valves were cleaned and lubricated for smooth operation, and the manometer needles were recalibrated to zero position."
Centrifuge,Remi,,Centrifuge not operational.,"The centrifuge was disassembled for inspection and found to be receiving supply voltage, however the rotor failed to spin. Examination of the motor assembly revealed that the carbon brushes were completely worn out, preventing proper electrical contact. The carbon brushes  were replaced after which the centrifuge was powered on. Although teh rotor beagn to rotae, the speed was significantly lower than the required level for sample processing. Further inspection identified that the spring responsible for transmitting current to the motor armature was broken, resulting in inadequate power delivery. The defective spring was replaced using compatible part. The centrifuge was then tested and is fully functional."
Immunoassay Analyzer,Snibe,MAGLUMI X3,Washer waste needle 4 is unable to soak waste liquid normally.,"The analyzer was unable to operate due to an error indicating that Washer Waste Needle 4 could not soak waste liquid properly. Upon investigation, a blockage was suspected in the associated waste pipeline. The pipeline was disassembled and thoroughly cleaned by repeatedly flushing it with distilled water using a syringe to remove any clog or residue buildup.
Following the cleaning process, a pipeline test was performed, and all parameters were confirmed to be within normal operating limits. A subsequent sample test was conducted successfully, with no interruptions or error messages observed."
BIPAP,BMC,RESmart GII,Preventive Maintenance,"Preventive maintenance was performed on the BIPAP machine. During functional testing, the device was found to produce unusually loud noise during operation. The unit was disassembled for inspection, revealing significant dust accumulation in the filters and motor assembly. Residue buildup was also observed in both the water chamber and the breathing pipeline."
Immunoassay Analyzer,Snibe,MAGLUMI X3,Washer waste needle 2 is unable to soak waste liquid normally.,"The analyzer was unable to operate due to an error indicating that Washer Waste Needle 2 could not soak waste liquid properly. Upon investigation, a blockage was suspected in the associated waste pipeline. The pipeline was disassembled and thoroughly cleaned by repeatedly flushing it with distilled water using a syringe to remove any clog or residue buildup.

Following the cleaning process, a pipeline test was performed, and all parameters were confirmed to be within normal operating limits. A subsequent sample test was conducted successfully, with no interruptions or error messages observed."
Patient Monitor,Schiller,TRUSCOPE Ultra Q7, ECG waveform not displayed.,"The ECG lead settings and on-screen configurations were first checked and verified to be correct. The ECG cable was tested using  waveform interference method, during which no ECG waveform was produced. This confirmed that the ECG cable was defective.

A new ECG cable was installed, and the monitor was powered on for verification. Following replacement, the ECG waveform was displayed correctly and the monitoring function returned to normal.

The patient monitor is now fully functional."
HFNC,Fisher & Paykel,AIRVO 2,"Leakage detected, causing interruption of therapy.","A thorough inspection of the HFNC system was carried out to identify the source of the leakage alarm. All connections were checked systematically. The water chamber connection to the HFNC unit was found to be loose, resulting in inadequate sealing and subsequent leakage. Additionally, the oxygen delivery tubing connecting the device to the flow meter was also found to be loosely connected.

Both the water chamber interface and oxygen delivery tubing were securely reconnected and locked into position. After reassembly, the device was powered on and allowed to run through its initialization and self-check cycles. No leakage alarms were observed, and the device maintained stable flow delivery throughout the test.

The HFNC unit is now functioning normally and has resumed proper therapy delivery"
Syringe Pump,Smiths Medica,Graseby C9,"Transmission error.
","The transmission error was traced to improper alignment within the syringe plunger mechanism. The syringe plunger assembly was disassembled, and the internal gear mechanism was inspected and found misaligned. The gears were realigned securely to ensure smooth and accurate transmission.

All internal connections were also checked and reset. After reassembly, the syringe pump was powered on and tested across operational settings. The device functioned normally, and the transmission error no longer appeared.

The syringe pump is now fully functional and ready for clinical use."
OT Light,,,The OT light was dim and unsuitable for use.,"The supply voltage at the SMPS output was measured and found to be within the specified range, ruling out any SMPS-related malfunction. The OT light assembly was then disassembled for further inspection. Input voltage at the OT light control board was checked and also confirmed to be within normal operating limits.

Upon tracing the internal wiring, a loose connection in the wire leading to the light bulb was identified, which resulted in insufficient current delivery and caused the dim illumination. The loose connection was securely reconnected. After reassembly and testing, the OT light operated at full brightness and was confirmed to be functioning normally. The issue has been resolved."
Centrifuge,REMI,R-303,The centrifuge did not work when connected to the power supply.,"The centrifuge was disassembled for inspection and it was found that the carbon brushes were completely worn out, preventing the motor from rotating. The worn-out carbon brushes were replaced with new ones. The motor assembly and rotor chamber were thoroughly cleaned to remove accumulated dust and debris.

After reassembly, the centrifuge was connected to the power supply and tested across various speed settings. The unit operated smoothly and achieved the required rotational speeds without any abnormal noise or vibration."
Autoclave,,,Extended time required to complete sterilization cycle,"The autoclave was reported to take longer than usual to complete the sterilization cycle. Upon inspection, one of the heater rods was found to be defective, which resulted in insufficient heating efficiency. The damaged heater rod was replaced.

After replacement, the autoclave failed to power on despite being connected to the mains supply. Further diagnostic assessment revealed that the contactor responsible for switching and protecting the heating circuit was faulty, preventing the system from powering up. The defective contactor was replaced, after which the autoclave powered on successfully.

Following component replacement, the autoclave was tested through a complete operational cycle. The heating rate, pressure buildup, and cycle duration were observed to be within acceptable performance parameters. The autoclave now functions normally and completes cycles within standard time."
Immunoassay Analyzer,Snibe, MAGLUMI X3,"The washer waste needle 2 was unable to soak the waste liquid properly.
","On inspection, washer waste needle 2 was found to be non-functional during the soak process. The needle was carefully disconnected from the pipeline, and manual flushing was performed using distilled water delivered through a syringe. During the flushing procedure, a clot was detected inside the needle, which was obstructing fluid flow and preventing proper operation.

The clot was successfully dislodged after multiple rounds of flushing, restoring full functionality of the needle. The needle was then reconnected securely to the pipeline.

The analyzer was powered on and allowed to complete its initialization cycle. A full pipeline test was subsequently performed, during which all  needles including needle 2 were confirmed to be functioning normally.

The system is now operating optimally and is ready for use."
Ventilator,Hamilton,C3,Performance Verification,"A complete performance verification was conducted to ensure the ventilator was delivering accurate ventilation parameters. A Fluke gas analyzer was used to evaluate the delivered tidal volume and FiO₂ against the ventilator’s displayed values.

The ventilator was run on multiple set parameters, during which both the tidal volume and FiO₂ settings were adjusted incrementally. For each setting, the corresponding measurements from the gas analyzer were compared with the ventilator’s displayed values. The readings showed consistent accuracy, confirming proper delivery of tidal volume and FiO₂ within acceptable tolerance limits.

All other operational checks, including alarms and system self-tests, were observed during the process and found to be normal.

The ventilator is performing optimally and is fully functional for clinical use."
Electrosurgical Unit,Meditom,DT-400P,"No output was observed in bipolar mode, while monopolar mode was functioning normally.","The electrosurgical unit was inspected to identify the source of the issue. It was confirmed that the monopolar mode was operational, whereas the bipolar mode was non-functional.

The bipolar handpiece was cross-checked with another unit to rule out accessory failure, confirming that the issue was not with the handpiece but with the device setup. The footswitch was disassembled, and it was observed that the wire connected to the microswitch had become disconnected. The wire was properly re-soldered and secured to restore continuity.

Additionally, the main unit was opened and internal dust accumulation was cleaned to ensure proper ventilation and long-term reliability.

Outcome:
After reassembly, the device was tested and the bipolar mode was restored to normal operation. The unit is now functioning properly in both monopolar and bipolar modes"
X-ray Machine,Allengers,,"The collimation was found to be inaccurate, resulting in improper alignment of the X-ray field. This led to partial cut-off of anatomical regions, particularly noticeable during bilateral exposures (e.g., hands), where portions of the image were missing.","The collimator assembly was thoroughly inspected to identify the cause of misalignment. It was observed that the internal mirror  was loose and misaligned.

The mirror was securely tightened and carefully realigned to ensure accurate coincidence between the light field and the X-ray beam. Following the adjustment, the collimation was verified through test exposures.

No image cut-off or misalignment was observed, and the system is now functioning"
USG Machine,GE,Versana Premier,Scheduled preventive maintenance was carried out on the above-mentioned ultrasound machines to ensure optimal performance.,"All units were systematically inspected and partially disassembled for internal cleaning and evaluation. Significant dust accumulation was observed in the cooling fans and air filters, which can affect thermal management and system performance. The fans and filters were thoroughly cleaned to restore proper airflow and cooling efficiency.

The probe holders were inspected and found to have gel residue buildup, which was carefully cleaned. The trackball was also cleaned to ensure proper movement and function.

The thermal printers were also serviced; the thermal heads were cleaned to ensure clear print quality. Printer functionality was tested and confirmed to be operating correctly.

Additionally, the associated UPS units were inspected and cleaned to remove dust accumulation, ensuring reliable power backup and preventing overheating issues.

Outcome:
All preventive maintenance tasks were successfully completed."
USG Machine,Hitachi,Arietta 50,Scheduled preventive maintenance was carried out on the above-mentioned ultrasound machines to ensure optimal performance.,"All units were systematically inspected and partially disassembled for internal cleaning and evaluation. Significant dust accumulation was observed in the cooling fans and air filters, which can affect thermal management and system performance. The fans and filters were thoroughly cleaned to restore proper airflow and cooling efficiency.

The probe holders were inspected and found to have gel residue buildup, which was carefully cleaned. The trackball was also cleaned to ensure proper movement and function.

The thermal printers were also serviced; the thermal heads were cleaned to ensure clear print quality. Printer functionality was tested and confirmed to be operating correctly.

Additionally, the associated UPS units were inspected and cleaned to remove dust accumulation, ensuring reliable power backup and preventing overheating issues.

Outcome:
All preventive maintenance tasks were successfully completed."
USG Machine,Medison,Accuvix XG,Scheduled preventive maintenance was carried out on the above-mentioned ultrasound machines to ensure optimal performance.,"All units were systematically inspected and partially disassembled for internal cleaning and evaluation. Significant dust accumulation was observed in the cooling fans and air filters, which can affect thermal management and system performance. The fans and filters were thoroughly cleaned to restore proper airflow and cooling efficiency.

The probe holders were inspected and found to have gel residue buildup, which was carefully cleaned. The trackball was also cleaned to ensure proper movement and function.

The thermal printers were also serviced; the thermal heads were cleaned to ensure clear print quality. Printer functionality was tested and confirmed to be operating correctly.

Additionally, the associated UPS units were inspected and cleaned to remove dust accumulation, ensuring reliable power backup and preventing overheating issues.

Outcome:
All preventive maintenance tasks were successfully completed."
Defibrillator,Mindray,BeneHeart D3, Reported concern regarding accurate shock energy delivery.,"A full diagnostic evaluation was conducted to verify the accuracy and reliability of the defibrillator’s shock delivery system. The device initially underwent routine self-tests and standard energy delivery checks, all of which passed without errors.

Further testing was performed using a defibrillator/transcutaneous pacer analyzer to verify manual defibrillation performance. The following tests were carried out as per the service manual:
1. Charge/Discharge Test
2. Energy Disarming Test
3. Synchronous Defibrillation Test
4. ECG Performance Test

During energy delivery verification, multiple energy levels were selected on the defibrillator. For each setting, the device was charged and discharged into the analyzer, and the delivered energy values recorded by the analyzer were compared against the manufacturer-specified tolerances. All measured values were confirmed to be within acceptable limits.

The energy disarming function and synchronous shock delivery mode also passed successfully, demonstrating correct operational behavior.

Based on the module performance tests and analyzer-verified results, the defibrillator is confirmed to deliver accurate shock energy as set, and the unit is functioning within manufacturer specifications."
Defibrillator,Philips,Efficia DFM 100,"Routine operational test failed.
","A routine operational test was initiated and the defibrillator failed to detect paddle placement on the paddle tray. Upon inspection, residue and conductive gel buildup were observed on both the paddle tray sensing surface and the paddles, which was preventing proper paddle recognition. The tray and paddles were thoroughly cleaned, after which the routine operational test and energy delivery test were successfully completed.

Further verification was performed using a defibrillator/pacer analyzer to confirm accuracy of critical functions. The following tests were conducted in accordance with the manufacturer’s service manual:

1. Defibrillator energy measurement
2. Charge cancellation test
3. Synchronized cardioversion function
4. ECG signal acquisition and display test

Multiple energy levels were selected, and after charging and discharging, the analyzer readings were compared against the manufacturer’s tolerance specifications. All measured energy values were confirmed to fall within acceptable limits, verifying accurate energy delivery.

The charge cancellation and synchronized cardioversion functions also passed, demonstrating correct operational behavior. Additionally, the ECG performance test verified that the displayed heart rate matched the analyzer output, and the heart rate alarm function triggered appropriately.

The defibrillator is confirmed to be fully functional and operating within manufacturer specifications"
Central Monitoring System,Philips,,Parameters from bedside patient monitors were not displayed on the Central Monitoring System (CMS).,"A diagnostic assessment of the CMS was carried out and it was observed that parameters from one side of the ward were not appearing on the central display. The signal pathway from the bedside monitors to the CMS was inspected, including the connection hub. During the inspection, the data transmission cable responsible for relaying parameters to the CMS was found to be loosely connected. The cable was securely reconnected, after which the CMS successfully restored and displayed all patient parameters without further issues."
Chest Vibrator,,,Device could not be powered on.,"The device was disassembled for internal inspection. It was found that the electrical connection to the power switch had become disconnected, and a discontinuity was present in the main power cable. The faulty connections were resoldered, and the cable continuity was restored. Following reassembly, the device was powered on and confirmed to be functioning normally."
Syringe Pump,Smiths Medical,Graseby C9,Continuous “Syringe Plunger Open” alarm.,"The syringe pump was inspected and found to be continuously displaying a “Syringe Plunger Open” alarm. Upon examination, the plunger engagement mechanism was found to be misaligned, preventing proper detection of the syringe plunger position. The gear mechanism in the plunger section was realigned and secured. After reassembly, the device was tested with a syringe installed, and the alarm was no longer present. All operational functions were verified, and the syringe pump is now fully functional."
Syringe Pump,Smiths Medical,,Transmission error,"The transmission error was traced to improper alignment within the syringe plunger mechanism. The syringe plunger assembly was disassembled, and the internal gear mechanism was inspected and found misaligned. The gears were realigned securely to ensure smooth and accurate transmission.

All internal connections were also checked and reset. After reassembly, the syringe pump was powered on and tested across operational settings. The device functioned normally, and the transmission error no longer appeared.

The syringe pump is now fully functional and ready for clinical use."
Autoclave,,,Temperature not rising above 100°C and chamber pressure not reaching the desired set value.,"A diagnostic inspection was carried out to determine the cause of insufficient temperature and pressure buildup. Continuity testing was performed on all three heater rods, and each was confirmed to be functional. Further inspection revealed that the supply wire connected to the heater assembly was burnt, resulting in loss of power delivery to the heater rods. This interruption in power prevented the autoclave from generating adequate heat and subsequently restricted the pressure from reaching the required setpoint.

The damaged wire connection was repaired and securely reconnected to the heater assembly. After reassembly, the autoclave was powered on and tested. The unit successfully achieved the set temperature of 121°C and reached the desired operating pressure, confirming normal functionality."
Defibrillator,Philips,Heartstart XL,Routine operational test failed.,"A routine operational test was initiated and the defibrillator passed all the extended self test.

Further verification was performed using a defibrillator/pacer analyzer to confirm accuracy of critical functions. The following tests were conducted in accordance with the manufacturer’s service manual:

1. Defibrillator energy measurement
2. Charge cancellation test

Multiple energy levels were selected, and after charging and discharging, the analyzer readings were compared against the manufacturer’s tolerance specifications. All measured energy values were confirmed to fall within acceptable limits, verifying accurate energy delivery.

The charge cancellation function also passed, demonstrating correct operational behavior. 
The defibrillator is confirmed to be fully functional and operating within manufacturer specifications."
Ultrasound Therapy Unit,Sun Med,Ultra Pro 100,Intensity adjustment not functioning.,"Upon inspection, it was observed that the rotating control knob used for intensity adjustment was loose and not responding properly. The device was disassembled to assess the underlying cause. Further investigation revealed that the potentiometer associated with the intensity control had a cold solder joint at one terminal, resulting in intermittent contact and preventing proper adjustment.

The faulty solder joint was carefully resoldered. The control knob was also tightened and aligned correctly. After reassembly, the unit was tested and the intensity adjustment functioned smoothly across the full range. All operational parameters were verified, and the device is now performing normally."
ECG Machine,ECGMAC,EM-301,Printing issue,"The ECG machine was reported to have a printing issue, although the displayed ECG waveform was normal. Upon inspection, the thermal paper was found to be defective, causing improper print output. The thermal paper roll was replaced, and the thermal print head was cleaned to ensure optimal printing performance.

After replacement and cleaning, the machine was tested and the printing function was found to be fully restored with clear and consistent trace output."
ABG Machine,Instrumentation Laboratory,GEM Premier 3500,Calcium parameter failed to calculate,"After installation of a new cartridge, the machine intermittently displayed a “calcium failed calculation” error. Although the issue temporarily resolved after processing 2–3 samples, the same error recurred during subsequent analyses.

To address this, the iQM/PCS (Process Control Solution) procedure was initiated. This process performs an automated internal recalibration, including verification and recalibration of ionized calcium, and a repriming of all calibration and system fluids. The PCS cycle completed successfully without any errors.

Following this, the machine was tested by aspirating a blood sample. The analyzer processed the sample smoothly and provided valid results for all selected parameters, including ionized calcium. The device is now operating normally."
Infant Radiant Warmer,Shreeyash,,"Device could not be powered ON
","Upon inspection, the warmer did not power on despite being connected to the power supply. The fuse was checked and found to be functional. The main power switch was identified as defective; it was replaced, after which the warmer could be powered on.

During further inspection, a burnt connector was identified in the heater supply line. The connector was replaced and re-soldered securely. However, the heater tube still did not heat.

The output voltage at the heater terminals on the control board was measured and found to be 0.635 V, which is significantly lower than the required operating voltage. When the heater tube was disconnected, the open-circuit output voltage was 230 V, but when the load (heater tube) was connected, the voltage dropped back to 0.635 V. This indicated that the load was not receiving sufficient current.

The heater tube resistance was checked and found to be within the acceptable range, confirming that the heater tube itself was functional.

Further board-level inspection revealed that the triac output driver (MOC3021) had a cold solder joint, preventing proper triggering of the main triac responsible for delivering current to the heater. As a result, the heater was only receiving an unloaded voltage but no actual power under load.

The triac driver was re-soldered properly, after which the heater output voltage remained stable at the correct level even with the heater connected. The heater tube subsequently began heating normally.

The infant radiant warmer is now fully functional."
Infant Radiant Warmer,Shreeyash,,Unable to power on.,"Initial inspection was carried out to identify the cause of the power failure. The fuse was checked and confirmed to be functional. The input voltage at the control board was measured and found to be 230 V, indicating that the system was receiving proper mains supply.

The power switch was tested and found to be operational. However, further inspection revealed that the wire connecting the power switch to the control board had become disconnected, preventing the switch from transmitting power to the circuit.

The disconnected wire was re-soldered securely onto the board. After restoring the connection, the warmer powered on successfully when the switch was pressed."
Centrifuge,REMI,MEDICO PLUS,"The centrifuge was unable to start the rotation cycle. The display continuously indicated “Lid Open” even when the lid was properly closed, preventing the motor from operating.","A detailed inspection was carried out and it was found that the lid/door sensor assembly was faulty. The infrared LED and phototransistor inside the sensor had become displaced from their original position due to a broken mounting attachment. As a result, the sensor could not correctly detect the lid status, causing the system to lock out motor activation.

The door sensor was disassembled, and the PCB module containing the LEDs and connector to the control board was realigned and securely repositioned within the sensor housing. After reassembly, the sensor was reinstalled in the centrifuge and its functionality was tested.

Upon testing, the centrifuge correctly detected the lid as closed, allowing the motor to operate normally. The unit was run at the set RPM and performed without any issues.

Status:
The centrifuge is now fully functional and ready for routine operation."
Slit Lamp,,,No illumination.,"The supply voltage to the illumination bulb was checked and confirmed to be within the acceptable range. The bulb’s functionality was verified by measuring its resistance and continuity, both of which indicated that the bulb was operational. This suggested that the issue was likely due to a loose connection.

The bulb was then securely reseated in its holder, and all associated wiring connections were inspected and tightened as necessary. After reconnection, the bulb illuminated properly upon testing.

Status:
The slit lamp is now fully functional."
Infusion Pump,Smiths Medical,Graseby 1200,Functionality check.,"The infusion pump retrieved from the store was tested to verify its operational readiness for ICU use. A two-point accuracy calibration was performed, and the device successfully passed all calibration checks.

An infusion run test was then conducted, during which the pump delivered the set volume accurately and completed the infusion within the expected time frame, consistent with the displayed parameters.

Status:
The infusion pump is fully functional and ready for clinical use."
Infusion Pump,Smiths Medical,Graseby 1200,Functionality check,"The infusion pump retrieved from the store was tested to verify its operational readiness for ICU use. A two-point accuracy calibration was performed, and the device successfully passed all calibration checks.

An infusion run test was then conducted, during which the pump delivered the set volume accurately and completed the infusion within the expected time frame, consistent with the displayed parameters.

Status:
The infusion pump is fully functional and ready for clinical use."
Infusion Pump,Smiths Medical,Graseby 1200,Functionality check.,"The infusion pump retrieved from the store was tested to verify its operational readiness for ICU use. A two-point accuracy calibration was performed, and the device successfully passed all calibration checks.

An infusion run test was then conducted, during which the pump delivered the set volume accurately and completed the infusion within the expected time frame, consistent with the displayed parameters.

Status:
The infusion pump is fully functional and ready for clinical use."
Patient Monitor,Schiller,TRUSCOPE Ultra Q7,ECG waveform was not displayed on the monitor.,"The ECG waveform was not visible on the display despite the monitor settings being verified and found to be correctly configured. Further inspection of the ECG cable connection revealed that the connector was damaged, with a portion of the broken connector still attached to the monitor input port.

The faulty ECG cable was removed and replaced with a functional one. After replacement, the ECG waveform was displayed correctly on the monitor.

Status:
The patient monitor is now fully functional."
ABG Machine,EDIAGNOSIS,PT1000,New machine installation,"The new ABG analyzer was successfully installed in the Emergency Department. Following installation, the device underwent comprehensive functional testing, and all operational checks were found to be satisfactory.

User training was provided to the nursing staff, which included guidance on cartridge replacement, proper sample collection and handling procedures, and an overview of the device’s operating features. After training, test samples were analyzed, and the reported parameters were reviewed and confirmed to be satisfactory by the department staff at the time of testing.

Recommendation
During installation, an issue was identified with the electrical earthing at the power outlet used for the ABG machine. The voltage between the neutral and earth wires was measured to be about 24 volts, which is higher than the safe limit required for medical equipment.

As per the vendor, improper earthing may affect the accuracy ans stability of some test parameters results. As per the vendors recommendation, proper medical-grade earthing must be ensured, and the earthing value should be within acceptable limits to allow reliable and safe operation of the ABG machine."
Ventilator,Hamilton,C1,"The ventilator failed the pre-operational checks, specifically the leak test and flow sensor test.","Initial troubleshooting included replacing the patient circuit; however, the issue persisted. A detailed inspection of the expiratory system revealed significant residue buildup on the exhalation valve and diaphragm.

The exhalation valve and diaphragm were thoroughly cleaned. After cleaning, the ventilator was reassembled, and all pre-operational tests, including the leak and flow sensor tests, were successfully completed.

"
Ventilator,Hamilton,C1,,"Initial troubleshooting included replacing the patient circuit; however, the issue persisted. A detailed inspection of the expiratory system revealed significant residue buildup on the exhalation valve and diaphragm.

The exhalation valve and diaphragm were thoroughly cleaned. After cleaning, the ventilator was reassembled, and all pre-operational tests, including the leak and flow sensor tests, were successfully completed.

Status:
The ventilator is now fully functional and passed all pre-operational checks."
CO2 Insufflator,ADVANCE 30L,,Functionality check.,"As requested by the Department In-Charge, a comprehensive functionality check of the CO₂ Insufflator was carried out. The unit was powered on and tested for proper startup, gas flow, and operational stability. The insufflator delivered a consistent CO₂ output within normal operating parameters. No error messages, alarms, or abnormalities were observed during the testing process."
Nebulizer,Clever Care,Handyneb Classic,Device not working.,"As reported by the department, the nebulizer was not functioning. The device was opened and a detailed inspection was carried out. Electrical continuity of the power cord and internal wiring was checked and found to be intact. The fuse was tested and confirmed to be functional. Input and output voltages were measured and were within the specified operating range.

Despite proper voltage supply, the motor failed to operate. Upon further mechanical inspection, it was observed that the motor components, piston, and cooling fan were jammed due to rust formation. The affected motor components, piston, and fan were thoroughly cleaned and lubricated to restore free movement. Additionally, the air filters were cleaned to ensure proper airflow.

After reassembly, the device was powered on and tested. The motor operated normally, and the nebulizer produced mist effectively without any abnormal noise or malfunction."
Laryngoscope,,,No illumination.,"The device was inspected and the battery voltage was checked and found to be within the acceptable range. Further inspection revealed that the bulb was defective and there was also a poor contact at the connection point between the battery and the blade. The faulty bulb was replaced, and the contact screw was secured properly. After these corrective actions, the laryngoscope was tested and found to be functioning normally with proper illumination."
ABG Machine,Instrumentation Laboratory,GEM 3500,Cartridge error 1.02,"Initially, the ABG machine displayed failed calculation for all the parameters. Despite initiating the PCS process, the issue was not resolved. Later on, the machine displayed Cartridge Error 1.02, which was identified to be caused by depletion of the calibration fluid / PCS (Process Control Solution) within the cartridge. The faulty cartridge was replaced with a new one. After that, the system was allowed to complete the required warm-up and internal calibration processes. The machine was then tested, and all parameters were found to be functioning accurately. The ABG machine is now fully operational and ready for clinical use."
Infant Radiant Warmer,Shreeyash,,"Nursing staff reported that the radiant warmer was not providing sufficient heat.
","Upon inspection, the radiant warmer did not power on despite being connected to the mains supply. The power switch was examined and found to be non-functional. The defective switch was replaced.

Further inspection revealed that the heating tube was not receiving the required supply voltage due to a disconnected wire at the output of the control board responsible for powering the heating element. The loose wire was securely reconnected.

After reconnecting the wiring and powering the unit, the display panel failed to turn on. The input voltage to the control board was measured and found to be only 6 V, which is below the required operating voltage. The power supply cable was checked for continuity and found to be intact. On further examination, the fuse was found to be defective. The faulty fuse was replaced.

Following fuse replacement, the display became functional, and the heating tube operated normally, providing adequate heat output."
Bubble CPAP,,,The flow rate could not be increased beyond 4 LPM.,"The Bubble CPAP system was inspected and it was observed that adequate bubbling was not occurring. Further assessment revealed leakage in the patient breathing circuit. In addition, the water level in the bubble chamber was found to be above the recommended maximum level, causing water overflow and affecting proper pressure and flow generation.

The patient circuit connections were secured correctly to eliminate leakage. Excess water from the bubble chamber was drained and the water level was adjusted to the recommended range. After corrective actions, proper bubbling was observed and the flow rate could be increased beyond 4 LPM without difficulty.

User training was provided to the nursing staff regarding correct circuit connections, proper water level maintenance, and routine handling of the Bubble CPAP system."
Bubble CPAP,,,The flow rate could not be increased beyond 4 LPM.,"The Bubble CPAP system was inspected and it was observed that adequate bubbling was not occurring. Further assessment revealed leakage in the patient breathing circuit. In addition, the water level in the bubble chamber was found to be above the recommended maximum level, causing water overflow and affecting proper pressure and flow generation.

The patient circuit connections were secured correctly to eliminate leakage. Excess water from the bubble chamber was drained and the water level was adjusted to the recommended range. After corrective actions, proper bubbling was observed and the flow rate could be increased beyond 4 LPM without difficulty.

User training was provided to the nursing staff regarding correct circuit connections, proper water level maintenance, and routine handling of the Bubble CPAP system."
PFT,,,PFT tests could not be initiated by the system.,"The PFT system was inspected and it was observed that the software was unable to set the baseline, preventing test initiation. Further examination revealed that the spitette was not being properly detected by the system.

On inspection of the spirometer assembly, the contact point between the spirette and the mouthpiece was found to be degraded due to prolonged use. This poor contact resulted in improper detection of the spirometer by the software, thereby causing baseline calibration failure.

The spirometer was securely reconnected to ensure proper contact and alignment. After reconnection, the baseline calibration was successfully completed, and test functions were verified."
Centrifuge,,,The centrifuge could not be turned on / failed to operate normally.,"The centrifuge was inspected following the reported issue. It was observed that, despite replacement of the carbon brushes, the centrifuge motor failed to rotate and could not achieve the required operating speed.

Further diagnostic inspection revealed that the armature coil of the motor was damaged, which was preventing normal motor operation. The faulty armature coil was replaced by the supplier.

After replacement, the centrifuge was tested for proper operation. The motor achieved the required speed smoothly, and the centrifuge operated normally without abnormal noise or vibration."
Colposcope,,,The image from the colposcope was not displayed on the monitor.,"The colposcope system was thoroughly inspected to identify the cause of the issue. It was observed that the image signal was not being transmitted from the colposcope to the software interface. All relevant power and data connections were checked, during which the image transmission cable was found to be loosely connected. The cable was securely reconnected and proper seating was ensured. Following this, the system was tested and the image was successfully displayed on the screen. The colposcope is now functioning normally."
Autoclave,,,The autoclave was reported to be non-functional and unable to complete the sterilization cycle.,"The autoclave was thoroughly inspected to identify the cause of the malfunction. During inspection, it was observed that the emergency safety valve of the boiler was continuously releasing steam. As a result, the required pressure could not be maintained inside the sterilization chamber, leading to interruption of the sterilization process.

Further investigation revealed that the temperature sensor was improperly positioned, causing incorrect temperature sensing and triggering the safety valve. The temperature sensor was repositioned to the correct level as per operational requirements. After correction, the safety valve stopped releasing steam, and the chamber pressure was maintained within the required range.

The autoclave was subsequently tested and confirmed to be operating normally, with the sterilization cycle completing successfully."
Phototherapy Unit,,,The phototherapy unit stand could not be fixed or locked at a specific position.,"The phototherapy unit was inspected, and it was found that the stand was unstable due to loosened screws. All loose screws were properly tightened to ensure the stand could be securely fixed at the desired position. Additionally, a discontinuity was detected in the power supply wire, which was reconnected to restore proper electrical continuity. After these corrections, the device was tested and found to be stable and fully functional."
Mammogram,Allengers,Venus,The compression paddle could not be moved downward.,"An initial inspection was carried out, during which it was observed that the compression paddle could not be moved down using either the control panel or the footswitch. The footswitch was inspected separately and found to be functioning correctly.

It was noted that the paddle could be moved downward using the footswitch only when excessive force was applied. The unit was then partially disassembled, and all internal connections were inspected; no loose or faulty connections were identified.

The compression paddle microswitch was checked and found to be non-functional. The microswitch was temporarily bypassed for testing purposes; however, the issue persisted and the paddle still could not be moved down normally.

Further diagnostics were performed on the load cell system. The excitation voltage supplied to the load cell was measured and found to be within the specified range. However, the load cell was not behaving as expected. The weight displayed on the control panel remained fixed at 17.5 kg and did not fluctuate even when the paddle was moved up or down.

The load cell wiring and mounting screws were checked and tightened, but the issue remained unresolved. The load cell was then flipped to rule out orientation-related issues; this also did not resolve the problem.

For diagnostic purposes, the signal wire to the load cell was temporarily shorted. Under this condition, the compression paddle could be moved up and down smoothly using both the footswitch and the control panel; however, the displayed weight remained fixed at 5 kg.

After consultation with the Radiology staff, it was confirmed that exposure parameters are selected based on breast size rather than compression weight. As a temporary measure, the system was operated with the displayed weight fixed at 5 kg, allowing normal paddle movement and the microswitch has been replaced as well.

Conclusion / Recommendation:
Preliminary findings indicate that the load cell is faulty and not providing accurate weight feedback to the system. Replacement of the load cell is recommended. After replacement, further evaluation will be required to determine whether any additional components are contributing to the issue."
Anesthesia Machine,Meditec England,Neptune Plus,Abnormal bellows performance and mismatch between displayed tidal volume and actual bellows movement.,"The anesthesia machine was inspected and ventilation was initiated for functional evaluation. It was observed that the tidal volume displayed on the monitor did not correspond with the physical movement of the bellows, indicating a ventilation measurement or mechanical issue.

On further inspection, moisture accumulation was found inside the flow sensor. The flow sensor was cleaned and dried thoroughly. Additionally, the bellows assembly was examined and found that the valve within the bellows mechanism had been displaced, preventing proper seating and normal operation.

The valve and bellows were correctly repositioned and secured. Following reassembly, a leak test was performed to assess the integrity of the breathing system.

Outcome:
The leak test was successfully passed. Post-repair functional testing confirmed that the tidal volume displayed on the monitor accurately matched the bellows movement. The anesthesia machine is now functioning normally and is safe for clinical use."
Anesthesia Machine,Dameca,Siesta I Whispa,Bellows malfunction during ventilation.,"The anesthesia machine was inspected and mechanical ventilation was initiated for functional assessment. During operation, it was observed that the bellows did not move smoothly in the up-and-down direction. The bellows would descend only when manual force was applied to the outer plastic cover, indicating abnormal mechanical resistance.

Further inspection revealed that the bellows had lost its elasticity due to prolonged use. As a result, the bellows could not be properly seated in its designated position, leading to impaired movement and unreliable ventilation performance.

Recommendation:
The bellows has deteriorated beyond functional limits and cannot be restored. Replacement of the bellows assembly is required to ensure safe and effective ventilation."
Biochemistry Analyzer,BioSystems,BA200,Error during the warm-up process; analyzer failed to complete initialization.,"The biochemistry analyzer was inspected and powered on for observation. During the warm-up sequence, the machine displayed an error message and failed to complete the warm-up process. Further inspection revealed that the sample arm was stuck in a fixed position, preventing normal initialization.

The device was safely disassembled to access the sample arm assembly. The position-sensing sensor responsible for detecting the sample arm movement was inspected and found to have residue buildup, which was obstructing proper sensor detection. The sensor area was cleaned thoroughly, and accumulated dust within the assembly was removed using a blower.

After cleaning, the sample arm was manually moved up and down several times to ensure free and smooth movement and proper sensor response.

Outcome:
The device was reassembled and powered on. The analyzer completed the warm-up process successfully without displaying any error messages. Normal movement of the sample arm was confirmed, and the device is now functioning properly and ready for use."
Portable X-ray Unit,Allengers,Mars 3.5,The X-ray tube support arm could not be moved up or down and could not be locked in position.,"The portable X-ray unit was inspected with particular attention to the arm movement and locking mechanism. During inspection, it was found that the locking mechanism was not functioning due to displacement of the locking component and the associated spring.

Further examination revealed that the fixing screw responsible for securing the locking mechanism had lost its threads and could no longer be tightened properly, resulting in failure of the locking system.

As an interim corrective measure, a suitable alternative screw along with a washer was installed to securely fasten the locking mechanism. This substitution was carried out with assistance from the Oxygen Department.

After the repair, the arm movement was restored. The arm could be smoothly moved up and down and could be securely locked at the desired position. The unit is currently functioning normally."
Mammogram,Allengers,Venus,Intermittent exposure failure with a filament interlock error; further exposures could not be performed after a single exposure.,"The mammography unit was inspected following the reported exposure issue. During testing, it was observed that after performing one exposure, the system displayed a filament interlock error, and subsequent exposures were inhibited. Additionally, the parameters on the control panel could not be adjusted once the error occurred.

Since filament interlock errors commonly arise due to loose or improper electrical connections, a thorough inspection of the system connections was carried out. The connections at the tube head and the associated cables leading to the high-voltage (HV) tank were checked and found to be secure. All internal connections within the control panel were also inspected and confirmed to be intact.

Further investigation revealed that an exposure was being initiated even when only the “Ready” button on the hand switch was pressed, without fully engaging the exposure switch. To isolate the source of the issue, the hand switch was disconnected and exposures were performed using the control panel controls. Under this condition, the filament interlock error did not recur, and multiple exposures were successfully performed.

The hand switch was then disassembled for detailed inspection. A disconnected wire was found in the connector section of the hand switch, which was causing improper signal transmission and unintended exposure initiation. The wire was securely reconnected, and the hand switch was reassembled.

After repair, the hand switch functionality was tested and confirmed to be normal. The system was operated with the hand switch connected, and multiple exposures were performed without any recurrence of the filament interlock error.

Final Status

The hand switch was restored to proper working condition. The mammography unit is now functioning normally, and exposures can be performed reliably without interlock errors."
TENS Machine,Dyno Plus,AdavnceD TENS Therapy,"The TENS unit was reported to be non-functional, with no output observed from one of the channels","The device was disassembled for inspection following the reported issue. During examination, it was observed that the output was absent from one of the channels due to a disconnected internal wire, which prevented proper signal transmission.

Additionally, it was noted that the TENS lead could not be inserted into one of the output channels because a metal component was stuck inside the channel port, obstructing proper connection.

The disconnected wire was securely reconnected to its respective channel, restoring electrical continuity. The obstructing metal part was carefully removed from the channel port to allow proper insertion of the TENS lead.

After completing the corrective actions, the device was reassembled and functionally tested.

Additionally, the disconnected TENS wire were also reconnected."
Syringe Pump,Smiths Medical,Graseby C9,"The syringe pump was reported to have an issue with syringe size detection due to a detached potentiometer. The device was unable to function normally.
","The syringe pump was disassembled for inspection following the reported issue. It was observed that the potentiometer responsible for syringe size detection was detached from its designated mounting position, resulting in improper or no detection of the syringe size.

The potentiometer was securely repositioned and reconnected to its proper location. After reassembly and initial testing, the device displayed a transmission error, indicating a fault in the syringe drive or plunger movement mechanism.

Further inspection revealed that the gear mechanism associated with the syringe plunger was misaligned. The gear assembly was carefully realigned and secured to ensure smooth and accurate plunger movement.

The device was then tested again after corrective action. Syringe size detection was confirmed to be accurate, and the transmission error did not recur during repeated functional tests."
Syringe Pump,Smiths Medical,Graseby C9,"The syringe pump was reported with no display and showing System Error 6, rendering the device non-operational.","The syringe pump was inspected to identify the cause of the reported issues. During inspection, it was found that the ribbon cable responsible for the display interface was disconnected, resulting in the absence of display output. The same ribbon cable issue was also identified as the cause of System Error 6.

On closer examination, residue buildup was observed on the ribbon cable contacts as well as on the corresponding connector port. The ribbon cable and its connector were carefully cleaned, and the cable was securely reconnected.

Following this corrective action, the display was restored and System Error 6 was resolved. However, during further functional testing, the device displayed System Error 7.

To resolve this, all internal electrical connections were reset, and the gear assembly associated with the syringe plunger mechanism was inspected and realigned to ensure proper engagement and smooth operation.

After completing the above procedures, the syringe pump was tested again. No system errors were observed, and normal operation was confirmed."
Patient Monitor,Schiller,TRUSCOPE Ultra Q7,"An issue with SpO₂ reading was reported. The SpO₂ parameter was not being displayed on the patient monitor.
","The patient monitor was inspected to identify the cause of the reported issue. During initial observation, it was confirmed that the SpO₂ reading was not displayed on the monitor.

On further inspection, it was found that the SpO₂ module had been accidentally deactivated, which interrupted the display and processing of the SpO₂ signal. The SpO₂ module was reactivated, and the system was checked again.

After activating the module, the SpO₂ probe was inspected for proper functionality. It was observed that the red LED light in the SpO₂ probe was not illuminating, indicating a probe malfunction. To rule out monitor-side issues, the probe was cross-checked using another compatible SpO₂ probe, with which the monitor displayed normal SpO₂ readings.This confirmed that the issue was isolated to the original SpO₂ probe.

Final Status:
The patient monitor is functioning correctly, and the SpO₂ module is operational. However, the SpO₂ probe is faulty and requires replacement."
ABG Machine,EDIAGNOSIS,PT1000,Difficulty was reported by the nursing staff during cartridge replacement in the newly installed ABG machine.,"The ABG machine was inspected following the reported issue related to cartridge replacement. The existing cartridge was carefully removed, and a new cartridge was installed correctly as per the manufacturer’s recommended procedure.

After installation, the cartridge pre-heating/warm-up process was initiated. The pre-heating cycle was completed successfully without any errors, confirming proper cartridge recognition and readiness of the system for operation.

In addition to resolving the immediate issue, user guidance and hands-on training were provided to the nursing staff regarding proper cartridge replacement."
Ventilator,Hamilton,C1,Replace HEPA filter alarm displayed on the screen.,"The ventilator was inspected following the complaint of a “Replace HEPA Filter” alarm. The HEPA filter assembly was accessed and removed from the unit. The filter and its housing were carefully inspected and found to be contaminated with dust. The filter was thoroughly cleaned using a blower to remove accumulated dust and debris, and then reinstalled properly. 

After reassembly, the ventilator was powered on and a complete pre-operational self-test was performed, which was completed successfully without any errors. Ventilation was then initiated to verify proper functioning of the system. During operation, the “Replace HEPA Filter” alarm was no longer displayed, confirming that the issue was resolved."
Infant Radiant Warmer,Shreeyash,,No heat output from the radiant warmer.,"The device was inspected following the complaint of no heat generation. The output voltage at the control board was measured and found to be 230 V, indicating that the power supply to the heater tube was normal. However, despite the presence of the correct voltage, the heater tube was not producing heat.

Further inspection of the heater circuit revealed a discontinuity in the wiring. Upon tracing the circuit, the fuse was found to be defective (blown), which was interrupting the power supply to the heater tube. The defective fuse was replaced with a new one of the correct rating, and the disconnected/loose wiring was properly reconnected and secured.

After replacement and reconnection, the unit was powered on and tested. The heater tube started heating normally, and the warmer function was restored."
Electrosurgical Unt,R.M. Medical,,Unit not powering on.,"The unit was inspected following the complaint that it was not turning on. Initial inspection revealed that the power cable had a discontinuity, which was preventing proper power supply to the device. The power cable was replaced; however, the unit still did not power on.

During inspection, the fuse was found to be defective (blown), which was interrupting the power supply to the internal circuitry. The defective fuse was replaced with a new fuse of the correct rating.

After replacing both the power cable and the fuse, the unit was powered on and tested. The electrosurgical unit turned on normally and was observed to be functioning properly"
Electrosurgical Unit,R.M. Medical,,The unit was not delivering consistent output in both cut and coag modes.,"The electrosurgical unit was inspected after the user reported inconsistent output. Initial testing confirmed that both cut and coagulation modes were not producing stable output.

The handpiece was replaced to rule out accessory-related issues; however, the problem persisted. The patient plate indicator showed a continuous red light, which indicates an improper or failed patient plate connection.

The patient plate and its cable were tested for continuity, and the signal path from the plate connector to the main board was also checked. Both the patient plate and the wiring were found to be functional.

Further troubleshooting revealed that there was no DC voltage output from the power supply section. The board was inspected, and it was found that the fuse was defective. In addition, multiple components on the board were found to be faulty, including the pulse wave modulator, capacitor, and diode. 

After resolving the issue, the unit was powered on and re-tested. The patient plate red indicator turned off, confirming a secure and proper patient plate connection.

Functional testing was performed again. At this stage, the coagulation mode was working properly, but the cut mode was still not producing output. On further inspection, multiple desoldered wire connections were found inside the unit. These connections were properly re-soldered and secured.

After completing all repairs and re-soldering the loose connections, the unit was tested again. Both cut and coagulation modes were found to be working properly and producing consistent output.

Status:
The unit is fully functional and operating normally."
Blood Bank Refrigerator,REMI,BR-120 Ultra,"Reported non-functional refrigerator with door open alarm and incorrect door status indication.
","Initial assessment revealed a non-responsive display panel and a persistent red door status indicator, suggesting the system was detecting the door as open, despite it being securely closed.

Detailed inspection traced the fault to the door handle assembly, where the wires were found to be disconnected.

The door handle assembly was carefully dismantled, and the disconnected wiring was identified and re-soldered to restore proper connectivity. Once the repair was completed, the indicator light changed to green, confirming accurate door status detection. Simultaneously, the issue with the door open alarm was resolved and the temperature maintained as per the requirement.

The refrigerator is now fully functional."
OT Light,,,No illumination,"The OT light was inspected following the complaint of no illumination. During the initial inspection, it was found that the spring arm mechanism was broken. Due to mechanical damage to the spring arm, the light could not be repaired and was therefore declared non-functional and beyond repair.

As an alternative, another OT light was inspected to restore functionality in the OT. Upon inspection, this light was found to have an internal short circuit between two wires, which caused the light to illuminate only at certain positions and remain off at other positions.

The wiring and internal connections were thoroughly checked. The faulty wire connections were repaired and properly insulated. After resolving the wiring issue, the OT light was tested across its full range of movement.

Status:
The light was checked in all positions and was found to illuminate consistently and operate normally without any interruption."
Portable X-ray,Allengers,MARS 3.5,The portable X-ray machine was not powering ON.,"The incoming voltage supply was inspected and confirmed to be within the specified operating range. The internal fuses were checked and found to be intact and functional. Further inspection of the power plug assembly revealed disconnected internal wires, resulting in an open power circuit. The loose connections were properly reconnected and secured. After rectification, the machine was powered ON successfully and found to be functioning normally."
Fetal Doppler,,,The fetal Doppler was not powering ON.,"Initial inspection revealed that the power switch was dislodged. The unit was carefully disassembled for further evaluation, during which the push-button power switch was found to be physically damaged. The damaged switch was desoldered from the circuit board and replaced with a new compatible switch. After reassembly, the fetal Doppler was powered ON and tested. The unit is now functioning normally and is fully operational."
Fumigation Machine,,,The fumigation machine was reported to be non-functional with no fumes being produced.,"The fumigation machine was inspected to verify the reported issue of no fume generation. All tubing lines were checked and found to be clean, unobstructed, and securely connected to their respective ports. The unit was then tested under operating conditions and was observed to produce fumes effectively.

Status:
The fumigation machine is fully functional and operating as expected."
Immunoassay Analyzer,Snibe,MAGLUMI X3,The washer waste needle 4 was unable to soak the waste liquid properly.,"On inspection, washer waste needle 4 was found to be non-functional during the soak process. The needle was carefully disconnected from the pipeline, and manual flushing was performed using distilled water delivered through a syringe. During the flushing procedure, a clot was detected inside the needle, which was obstructing fluid flow and preventing proper operation.

The clot was successfully dislodged after multiple rounds of flushing, restoring full functionality of the needle. The needle was then reconnected securely to the pipeline.

The analyzer was powered on and allowed to complete its initialization cycle. A full pipeline test was subsequently performed, during which all  needles including needle 4 were confirmed to be functioning normally.

The system is now operating optimally."
Observation Lamp,,,The observation lamp could not be powered on.,"The observation lamp was inspected and disassembled. During inspection, no DC output voltage was observed from the LED driver. The power switch was tested and found to be functioning properly. Continuity testing of the internal wiring revealed a discontinuity in the power cable. The defective wire was replaced, and all electrical connections were properly re-soldered to ensure secure contact. After reassembly and testing, the observation lamp was found to be operating normally."
Endoscope,Fujifilm,,Preventive maintenance of the endoscopy system was carried out by the supplier as per the recommended maintenance protocol.,"The functionality of the colonoscope was tested and found to be operating as expected.

Leakage tests were performed on all three scopes—colonoscope, gastroscope, and bronchoscope—and no leakage was detected in any of the scopes.

The suction knob, which had been previously reported as non-functional, was repaired by the supplier. Its functionality was tested after repair and found to be satisfactory.

Issue Identified:
During testing of the bronchoscope, multiple spots were observed on the display screen. Initial inspection suggested surface contamination; therefore, the camera was cleaned, which temporarily reduced the appearance of the spots. However, after disconnecting and reconnecting the scope and allowing some time to pass, the spots reappeared.

Further evaluation confirmed that the spots were due to fungal growth, caused by moisture accumulation and improper storage of the scope. The issue was not related to residual debris.

Corrective Action and Recommendation:
The supplier advised that the bronchoscope should be stored in a hanging position rather than kept inside a storage box to prevent moisture retention and fungal growth.

Current Status:
The bronchoscope has been taken by the supplier for further rectification. An estimated time of up to two weeks has been provided for resolution of the issue."
Weighing Machine,,,The weighing machine was reported to be non-functional.,"The weighing machine was inspected to identify the fault. During inspection, disconnected wires were observed at the connector. The display unit was carefully disassembled, and all internal wiring connections were checked. The loose and disconnected wires were securely re-soldered to ensure proper electrical contact. After reassembly, the machine was tested and confirmed to display weight readings accurately."
Suction Machine,,,The suction machine could not be turned on.,"The suction machine was inspected to identify the cause of the fault. The power switch was tested and confirmed to be functioning properly. Further inspection revealed a disconnected internal wire. The disconnected wire was reconnected securely, and all connections were checked for stability. After reassembly, the machine was powered on and tested for proper operation. The suction machine is operating normally and is fully functional."
USG Machine,Hitachi,Arietta 50,"The display screen was not touch responsive, and vertical lines were observed on the screen.","The USG machine was inspected and the display panel was carefully disassembled. During inspection, the cable connection responsible for touch functionality was found to be loose. The touch interface cable was securely reconnected, and all related display and signal cables were reset and properly reconnected to ensure stable communication. After reassembly, the device was powered on and tested. The display lines were no longer present, and touch responsiveness was restored.

Status:
The USG machine is operating normally, with the display functioning correctly and touch response fully restored."
Patient Monitor,Philips,IntelliVue MP20,Unstable NIBP readings were reported.,"Three patient monitors (Serial Nos.: PICU003, PICU008, and PICU009) were reported to have issues with NIBP measurement. Each unit was inspected and tested individually.

During inspection, it was observed that the monitors continuously inflated the NIBP cuff and failed to detect the maximum inflation pressure, resulting in unsuccessful or inaccurate NIBP readings. The NIBP cables and connectors were cross-checked by interchanging them among the three monitors and were found to be fully functional. The NIBP modules of all three monitors were also tested and confirmed to be operating.

Further investigation identified air leakage in the NIBP cuffs as the root cause of the issue. Due to the leakage, the system was unable to maintain adequate pressure during measurement.

Conclusion / Recommendation:
The NIBP cuffs of all three monitors are defective and must be replaced to"
Patient Monitor,Philips,IntelliVue MP20,Unstable NIBP readings were reported.,"Three patient monitors (Serial Nos.: PICU003, PICU008, and PICU009) were reported to have issues with NIBP measurement. Each unit was inspected and tested individually.

During inspection, it was observed that the monitors continuously inflated the NIBP cuff and failed to detect the maximum inflation pressure, resulting in unsuccessful or inaccurate NIBP readings. The NIBP cables and connectors were cross-checked by interchanging them among the three monitors and were found to be fully functional. The NIBP modules of all three monitors were also tested and confirmed to be operating.

Further investigation identified air leakage in the NIBP cuffs as the root cause of the issue. Due to the leakage, the system was unable to maintain adequate pressure during measurement.

Conclusion / Recommendation:
The NIBP cuffs of all three monitors are defective and must be replaced t"
Patient Monitor,Philips,IntelliVue MP20,Unstable NIBP reading,"Three patient monitors (Serial Nos.: PICU003, PICU008, and PICU009) were reported to have issues with NIBP measurement. Each unit was inspected and tested individually.

During inspection, it was observed that the monitors continuously inflated the NIBP cuff and failed to detect the maximum inflation pressure, resulting in unsuccessful or inaccurate NIBP readings. The NIBP cables and connectors were cross-checked by interchanging them among the three monitors and were found to be fully functional. The NIBP modules of all three monitors were also tested and confirmed to be operating.

Further investigation identified air leakage in the NIBP cuffs as the root cause of the issue. Due to the leakage, the system was unable to maintain adequate pressure during measurement.

Conclusion / Recommendation:
The NIBP cuffs of all three monitors are defective and must be replaced t"
Blood Bank Refrigerator,REMI,BR-120 Ultra,Performance Verification.,"The Blood Bank Refrigerators (Serial Nos.: BBK001, BBK002, and BBK003) were inspected as per the request of the Blood Bank staff. Each unit was thoroughly checked for proper operation.

The internal temperature of the refrigerators was verified using a calibrated thermometer to ensure accuracy. The measured temperatures were found to be within the recommended range for safe blood storage. Temperature stability and cooling performance were observed to be satisfactory"
Blood Bank Refrigerator,REMI,BR-50,Performance verification.,"e Blood Bank Refrigerators (Serial Nos.: BBK001, BBK002, and BBK003) were inspected as per the request of the Blood Bank staff. Each unit was thoroughly checked for proper operation.

The internal temperature of the refrigerators was verified using a calibrated thermometer to ensure accuracy. The measured temperatures were found to be within the recommended range for safe blood storage. Temperature stability and cooling performance were observed to be satisfactory"
Blood Bank Refrigerator,Krew,KBR-12,Performance Verification.,"e Blood Bank Refrigerators (Serial Nos.: BBK001, BBK002, and BBK003) were inspected as per the request of the Blood Bank staff. Each unit was thoroughly checked for proper operation.

The internal temperature of the refrigerators was verified using a calibrated thermometer to ensure accuracy. The measured temperatures were found to be within the recommended range for safe blood storage. Temperature stability and cooling performance were observed to be satisfactory."
Hot Air Oven,Nuve,EN055,The hot air oven could not be powered ON.,"The hot air oven was inspected after it failed to turn on despite being connected to the power supply. A systematic troubleshooting process was carried out.

The main power supply was verified, and the fuse was inspected and found to be functional. The continuity of the power cable was checked and confirmed to be intact. The power switch was also examined and tested, and it was found to be functioning normally.

Further inspection revealed a loose electrical connection at the power switch terminals, which was preventing proper power flow to the unit. The loose wires were securely reconnected and properly tightened.

After rectifying the connection, the device was powered ON and tested. The hot air oven turned on successfully and was observed to be operating normally."
