Equipment Description,Model,Problem,Initial Diagnosis,Work Done
,,The Three-way syringe of the dental treatment unit has only air supply the water supply is not functioning,The three way syringe has air flowing but no water.,"The water supply tube was traced, and the block was identified and blockage from tubes were removed."
,STP120,Device not heating,Inspected and found out the device heater wire not in place.,The Heater wire was discontinuous and was fixed. The sensor was also attached firmly
,CHS,The 100x objective lens does not show clear image,The lens was diry from within the objective lens frame.,Cleaned and oiled the microscope arms and the lenses
Cabinet Heating,FWC340,Machine continues beep alarm.&nbsp;,Found to be problem with the controller.,"It was observed that the lower temperature set point was not configured correctly, and one of the connections was not secured in its designated position. After properly setting the temperature and securing the connection, the machine resumed normal operation and is functioning as expected"
General Adult/Pediatric,AVEA,Leak test failed and no touch screen.,"The ventilator was in a non-functional state,&nbsp; Leak test failed, and was no touchscreen.",
,C-1,The device did not weld the metal wires.,Upon inspection the welding platform was unstable.,"The Welding platform was adjusted, and the device functionality was restored."
Biphasic,Defigard 400,The device did not print. System Check not passing,The printer tray and housing were not aligned properly. The device does not have battery backup,The Printer-Tray bracket was aligned. The paddle connections were restored. The device is in charging state
,FORNAX T,The Dental Casting furnace not heating.,"Upon inspetion the dental casting furnace was not heating up, The wires were not aligned and connected properly",he wires were aligned and the device was rewired.
,EN-S7 Smart,The device not turning on.,he device not turning on due to damaged power supply wires.,"The power supply port was replaced, and the wires were soldered to the power supply port."
General Adult/Pediatric,AVEA,Leak Test Failed,Ventilator was non-functional.,"The Leak test failed multiple times, Leakage from the Expiratory was sealed and performed leak test. Leak test was passed and made the machine functional.&nbsp;"
,SYS-50,The device did not start up,The device did not start when power supply was given. Inspeted and found out the 2A board fuse was blown.,The power supply board was inspected and the damaged capacitor along with the fuse was replaced
Portable,TUS-A400,Gain Knob non fucntional in IScan mode,"Upon inspection, we found that the gain knob was non-functional in IScan Mode.","We cleaned the display board, gain knob was cleaned properly and found no issue within the board and knob. The keyboard was reassembled properly. The machine was powered on following the issue, but the problem remained unsolved."
General Adult/Pediatric,Savina,Internal battery not connected and expiratory flow sensor &nbsp;damage.&nbsp;,"System indicates battery not connected alarm, found that expiratory flow sensor was broken and o2 cell need replacement.&nbsp;","It was found that the internal battery required replacement. The O₂ calibration was successfully performed. However, the O₂ supply pressure was insufficient, which prevented the system from displaying accurate data above 50% FiO₂. It was also determined that the expiratory flow sensor was damaged and needed to be replaced.&nbsp;"
Actuation,GA750,test problem,,
,0634B-CTO-501,The device does not pass the self-test during the startup process.&nbsp;,Found that air hose was connected which allows water to enter through the hose to internal circuit.&nbsp;,"Upon inspection, it was found that the machine failed the flow sensor test. It was discovered that an air hose was connected to the system, allowing water to enter through the hose. This prevented the flow sensor from passing the test. After thoroughly cleaning all the tubing, consulting with the vendor, and performing the flow meter zeroing and flow calibration tests, the device is now fully functional.&nbsp;"
Ortho,SISJM-127,Machine was nonfunctional.,Machine was non functional due to the foot switch.,"It was determined that the issue originated from the foot switch, where one of the wires connecting it to the wall AC supply was found to be broken. After replacing the damaged wire with a new one and securing the connection properly, the machine resumed normal operation and is now functioning correctly."
12 channel,PB216,Machine was non-functional.,The ECG machine was experiencing a printing malfunction.&nbsp;,"The issue was resolved by adjusting the device settings. Additionally, the staff was provided with operational training related&nbsp;to&nbsp;the&nbsp;issue."
Biphasic,DEFIGARD 400 360 J,Operational Issue.&nbsp;,Operational Issue.&nbsp;,"Upon request from the Incharge,operational training&nbsp;was&nbsp;provided."
7 Parameters Bedside,H9,The monitor mounted plate was instable.,The monitor mounted plate was instable.,"Upon inspection, it was found that the mounting plate supporting the monitor lacked screws, causing instability and resulting in the monitor falling. To mitigate the risk and ensure continuous patient care, the mounting plate was secured and properly&nbsp;adjusted."
Electric,ARCUS 501,Remote of the system doesn’t work.&nbsp;&nbsp;,Remote of the system doesn’t work.&nbsp;&nbsp;,"It was found that the remote wasn’t making proper contact with the keypad. After cleaning the contact pins, the system started working properly. The issue was caused&nbsp;by&nbsp;water&nbsp;damage."
General Adult/Pediatric,VG70,&nbsp; The machine was reported as non-functional due to failed O₂ and flow sensor calibrations.&nbsp;,&nbsp; The machine was reported as non-functional due to failed O₂ and flow sensor calibrations.&nbsp;,"Upon inspection, it was found that the O₂ sensor needed replacement, while the flow sensor membrane was dirty and required cleaning. After replacing the O₂ sensor and cleaning the flow sensor, both calibrations were successfully completed, and the ventilator passed the pre-use test, confirming it is now functioning&nbsp;properly."
Portable,,Suction Machine was non-fuctional.,Suction Machine was non-functional.,"Upon inspection, it was found that the flow controller was not working due to a crushed pipe, which was obstructing the airflow.The issue has been resolved ensuring the machine is operating&nbsp;smoothly."
12 channel,CM1200A,&nbsp;Machine was reported to have printing issue.,&nbsp;Machine was reported to have printing issue.,The issue was resolved by adjusting the print source option in settings ensuring the machine is operating&nbsp;smoothly.
General Adult/Pediatric,AVEA,The machine was reported to have low FiO2 alarm.&nbsp;,&nbsp;Machine was reported to have low FiO2 alarm.&nbsp;,The issue has been resolved by changing oygen cell and comprehensive tests has been successfully passed ensuring that the machine is operating smoothly and&nbsp;is&nbsp;safe&nbsp;to&nbsp;use.
General Adult/Pediatric,AVEA,Machine was reported to be non-functional.,Machine was non-functional.,"&nbsp;Upon inspection , it was found to have Circuit disconnect alarm. The issue has been resolved and comprehensive tests has been successfully passed ensuring that the machine is operating smoothly and&nbsp;is&nbsp;safe&nbsp;to&nbsp;use."
,,The device did not deliver mist,The device did not deliver mist with unusual sound from compressor,"The compressor was aligned to the rubber pads and the device, tubing and motor were cleaned restoring the equipment functionality.&amp;nbsp;"
5 Parameters Bedside,H9,ecg&nbsp;,ECG wave was not displayed on the monitor.,After adjusting the settings issue has been resolved and the machine is working smoothly.
General Adult/Pediatric,Crius V6,Machine was reported to be non-functional.,Machine was reported to be non-functional.,The comprehensive tests were performed ensuring that the ventilator is now fully functional&nbsp;to&nbsp;use.
,LMD-2735MD,monitor&nbsp;,Had issue with monitor arm.,After fixing the monitor screw securely the issue has been resolved.
Electric,,headrest.,The Mayfield horseshoe headrest was reported to be non-functional.,"Upon inspection, it was found that the mounting support was loose, which compromised the stability of the headrest.The support was subsequently tightened, securely fixing the headrest in place."
,AMBING-12,power supply.,Power supply cord was damaged.,"Upon inspection, power supply cord was fixed properly, and the machine is operating smoothly."
General Adult/Pediatric,AVEA,Low FiO2 alarm.,Low FiO2 alarm.,The issue has been resolved after changing O2 sensor and comprehensive testing confirmed that the machine is working smoothly.
7 Parameters Bedside,H9,NIBP connector issue.,Reported to have NIBP issue.,"Upon inspection, NIBP connector was loose causing air pressure error. The connector was fixed properly resolving the issue."
,PRISMA 450,leak test,Leak Test Failed.,"It was found that the leak was through the bellows. After adjusting the bellow, the leak test ensuring the machine is operating smoothly."
5 Parameters Bedside,INFINITY DELTA,asystole,Monitor was showing asystole alarm.,The problem was inspected and found that there was an issue with ECG cable. The problem had been resolved by cleaning the ecg leads and connecting the connector properly.
,,issue,Connector wire was damaged.,The damaged wire connector was fixed and the machine is working properly.
,,O2 sensor,Reported to have low FiO2 and pressure monitoring channel failure alarm.,"Upon inspection, the O2 sensor was expired. The expired O2sensor was replaced and performed it's calibration test.After doing so the FiO2 and pressure monitoring channel failure alarm was resolved.Other comprehensive tests were conducted ensuring the machine is fully functional to use."
General Adult/Pediatric,AVEA,LOW FIO2,Low FiO2.,"Upon inspection, it was found that the O2 sensor was expired which was then replaced with the new one.After replacing the O2 sensor the comprehensive test was performed ensuring the machine is working smoothly."
,,Flow sensor calibration.,Flow sensor failure,After calibrating the flow sensor the error has been rectified and the machine is working properly.
Electric,Sim Move 800,Battery,Reported to be non-functional.&nbsp;,"Upon thorough inspection,it was identified that the battery had not been charged, which resulted in the system becoming completely unresponsive.The table was not operating through either the remote control or the onboard display panel due to the lack of power supply. After ensuring the battery was properly charged and the system was reset,the issue was resolved successfully.&nbsp;"
General Adult/Pediatric,VG70,O2 sensor,O2 sensor was expired .,The sensor was replaced and comprehensive tests was performed successfully ensuring the machine is operating smoothly.
General Adult/Pediatric,VG70,LEAK TEST,Reported to have leakage test failure.,The issue has been resolved by changing the patient circuit and comprehensive tests were performed ensuring the machine is operating smoothly.
General Adult/Pediatric,AVEA,O2 sensor,The O2 sensor was expired.,The sensor was replaced and comprehensive tests were conducted ensuring the machine is operating.
5 Parameters Bedside,C80,NIBP was not measuring the BP.,NIBP was not measuring the BP.,"After adjusting the settings and BP cuff properly, the issue has been resolved and working properly."
General Adult/Pediatric,AVEA,o2 calibration,Reported to have an O2 calibration failure.,Replaced the O2 sensor. After comprehensive test it was confirmed that the machine is functioning smoothly.
7 Parameters Bedside,C80,NIBP,Reported to have an issue with inaccurate parameters.,"After Pre-testing all parameters including ECG, SpO2, NIBP and temperature, It was ensured that the machine is working properly and smoothly."
General Adult/Pediatric,AVEA,Leakage.,Reported to have leakage issue.,"Upon inspection, it was found that the leakage was from the patient circuit. The faulty circuit was replaced, and thorough testing was conducted to verify the system's performance. The ventilator is nor operating normally and fully functional."
7 Parameters Bedside,c80,Parameter.,Reported to have an issue with ECG parameter.,"Upon inspection, it was found that the ECG connector had been improperly connected, resulting in the absence of an ECG waveform display. After correcting the connection, the issue was resolved, and the monitor is now functioning properly."
Xenon,XL-4450,hdmi,Endoscopy monitor was reported to have an issue in video signal.,"Upon inspection, it was found that the issue was due to lose HDMI connection.The problem is resolved, and the system is working properly."
General,R-8C PLUS,ALARM,1bAL alarm was displayed.,"Upon inspection, the alarm was due to imbalance in the rotor, which can occur due to uneven sample loading or improper placement of tubes. After addressing the imbalance issue, the machine was tested and is now functioning properly without any alarms."
5 Parameters Bedside,H9,issue,Monitor was not powering on.,"Upon inspection, it was found that water had leaked into the port area, causing a short circuit that blew the internal fuse and prevented the device from powering on. The damaged fuse was replaced, and all monitoring parameters were thoroughly tested. After the repair, the patient monitor is now functioning smoothly and ready for use."
General Adult/Pediatric,VG70,issue,Issue with the oxygen pipe port connector.,"Upon inspection, it was found that the oxygen pipe port connector was damaged and had become loose, resulting in an unstable connection. The connector was properly secured and repaired to ensure a firm fit. After the correction, the ventilator is now functioning normally."
Cabinet Heating,FWK340,issue,&nbsp;Loud and disturbing noise during operation.,"Upon inspection, it was found that the noise was originating from the motor due to a deformed and imbalanced fan along with rust on the bearing and shaft. The fan was realigned to its correct position, and the motor components were thoroughly lubricated. After performing these corrective actions, the machine was tested, and the noise issue was completely resolved."
5 Parameters Bedside,C80,issue,"NIBP function was not measuring pressure, showing an air leak error.","Upon inspection, it was found that the monitor's NIBP function was unable to measure blood pressure due to an air leak error. Further investigation revealed that the issue was caused by a damaged lock connector on the NIBP cable, leading to air leakage. The faulty cable was replaced with a new one, and the monitor was thoroughly tested to ensure all functions were operating correctly. The problem has now been resolved."
5 Parameters Bedside,H9,issue,Reported to have parameters issue.,All the parameters settings had been checked and tested properly ensuring the monitor is now functioning smoothly and is ready to use.
,MT3,Machine was not functioning.,The machine was reported to ne non-functional.,"Upon inspection, it was found that the machine was not receiving any water supply, which is essential for its operation. The issue was resolved by opening the water supply valve. After restoring the water flow, the model trimmer is now functioning properly."
,,issue,Air leakage issue.,"Upon inspection, it was found that the leakage was caused by a loosened pipe that was unable to withstand the air pressure. The pipe was properly tightened to ensure a secure connection. After the correction, the dental chair is now operating smoothly without any leakage."
General Adult/Pediatric,AVEA,issue,Ventilator was not functioning due to circuit occlusion.,"Upon inspection, a circuit occlusion was identified as the cause of the malfunction. The issue was resolved by thoroughly cleaning the expiratory valve filter. After cleaning, comprehensive testing was performed to verify proper functionality. The ventilator is now operating smoothly."
,Benefusion VP3,issue,Device was reported to be non-functional due to a broken door.,"Upon inspection, it was found that the infusion pump was not operating because of a damaged door mechanism. The broken door was replaced using a compatible part from another non-functional infusion pump. After proper installation and alignment, the device was thoroughly tested to confirm functionality. The infusion pump is now operating correctly."
7 Parameters Bedside,Infinity Delta XL,issue,Monitor was not displaying the arterial line.,"Upon inspection, it was found that the arterial line was not appearing on the monitor. Further investigation revealed that the issue was caused by an improper connection of the transducer cable. The cable was reconnected properly, and the monitor was thoroughly tested to ensure all parameters were functioning correctly. The issue has been resolved, and the monitor is now operating normally."
Ultrasonic/Harmonic with Pressure,SONOCA 300,issue,Error displayed during power-on.,"The Söring Sonoca 300 was reported to be showing an error upon startup and was not functioning as expected. Upon inspection, it was determined that the issue could be resolved by initiating the machine's self-test mode. The self-test was successfully performed, which cleared the error and restored normal operation. After completing the test and verifying all functions, the machine is now operating properly."
,,dental,Device was non-functional.,"Upon inspection, it was found that the micromotor was not operating due to a faulty capacitor and switch. Both components were replaced with new ones, restoring power to the device. Additionally, the handpiece was found to be rusty, which was affecting its performance. The handpiece was thoroughly cleaned and properly lubricated, allowing the motor to function smoothly. After testing, the micromotor is now operating as expected."
General Adult/Pediatric,Crius V6,issue,Ventilator was reported to be non-functional.,"Upon inspection, it was found that the monitor mount plate was damaged and the screws were loose, causing instability. The mount plate was repaired and all screws were properly tightened. In addition, a comprehensive leak test and full system check were performed to verify operational safety and performance. The ventilator is now functioning smoothly."
12 channel,CM1200A,print,Unable to print ECG waveforms on paper.,"Upon inspection, it was found that the ECG machine could not print the waveforms due to incorrect placement of the printing paper. The paper was repositioned correctly, and the necessary settings were adjusted. After these corrections, the machine was tested and confirmed to be printing properly."
,,issue,"&nbsp;Hand controller was not responding (Up, Down, Head Tilt functions).","Upon inspection, it was found that the hand controller was non-functional because the foot switch was stuck under the chair, preventing normal operation. The foot switch was freed by disconnecting the foot connector, which restored functionality to the hand controller. After testing, all functions were confirmed to be working properly, and the issue has been resolved."
General,force-fx,issue,Machine was not functioning and displayed ERROR 198.,"Upon inspection, it was determined that the error was caused by a stuck hand switch or foot switch. The hand switch and foot switch connectors were reset, restoring normal operation. After testing, the cautery machine was confirmed to be functioning properly."
,TC-201,issue,Fluctuating power issue due to loose AC connector.&nbsp;,The connector was fixed properly ensuring that the machine is operating smoothly.
Halogen,QH-150,Light bulb was defective and not functioning.,Light bulb was defective and not functioning.,"&nbsp;Upon inspection, it was found that the bulb had burnt out and required replacement. A new bulb was installed, and the connection was properly soldered to ensure secure contact. After testing, the light source was confirmed to be functioning normally."
,CX21FS1,issue,&nbsp;Microscope was not powering on.,"Upon inspection, it was found that the microscope was not switching on. Further examination revealed a fault in the power supply board along with a short-circuited bulb, which was preventing the lamp from glowing. The power supply board was repaired, and the bulb was replaced with a new one. After these corrections, the microscope was tested and is now functioning properly."
,EPK-i5000,issue,Video/image capture on the computer was not functioning.,"&nbsp;After detailed inspection and troubleshooting, the issue was traced to a faulty ADC adapter and AV cable. A temporary fix was applied to keep the system operational due to urgency. However, for reliable and smooth functioning, both the ADC adapter and AV cable need to be replaced."
12 channel,Cardiovit AT-2 plus,issue,Reported to have issue with AC power connector.,"Upon request from the Incharge, the ECG machine was inspected and tested to verify its functionality. It was found that the AC power connector was misaligned due to missing screws, which caused improper connection. The connector was realigned and securely fixed. After thorough testing, the machine was confirmed to be operating smoothly."
Intracorporal Shockwave Lithotripsy (ISWL),Nidhi Lith,Issue,&nbsp;Foot paddle was not functioning smoothly.,"Upon inspection, it was found that the foot paddle was not operating properly. Further internal inspection revealed that the limiting switch was defective, which was preventing the proper functioning of the paddle mechanism. The damaged limiting switch was replaced with a new one and securely soldered. After testing, the foot paddle was confirmed to be functioning normally."
Ortho,SISJM-127,issue,Drill was not functioning smoothly.,"&nbsp;Upon inspection, it was found that the foot switch had a loose connection, which was preventing the drill from operating properly. The loose connection was resoldered securely, and the machine was tested. After verification, the drill was confirmed to be functioning smoothly."
,EN-S7,issue,Syringe pump was not functioning.,"Upon inspection, it was found that the syringe push handle was dismantled, which prevented the sensor from properly detecting the syringe. The handle was reassembled and secured correctly. After comprehensive testing, the syringe pump was confirmed to be operating smoothly."
,,issue,Chair was reported to be non-functional.,"Upon inspection, it was found that the 3-way syringe was not supplying water due to a loose connection and blockage in the water line. The connection was secured, and the blockage was cleared. After testing, the dental chair is now operating smoothly."
,,issue,&nbsp;Overhead light was non-functional.,"During inspection, it was found that the overhead lamp wire was disconnected from the transformer output terminal, resulting in a loss of power supply to the light. After rewiring properly normal light functioning was restored."
General,Smart 400 plus,issue,Machine doesn’t turn on.,"It was identified that the issue originated from the main switch, which repeatedly failed due to its low current rating and substandard quality. To resolve the problem, we replaced it with a higher-capacity, premium-quality switch and enlarged the switch slot to ensure proper fitting and enhanced safety. After implementing these improvements, the problem has been successfully resolved, and the system is now operating smoothly without any further failures."
Holomium (Lithotripsy),GA-0006000P20,issue,Fiber optics detection and focusing issues.,Replaced the fiber optics detector and focusing cup. The machine is now fully functional.
,ZC-9200A,issue,Suction not working,"The suction switch was not connected properly. Reconnected it correctly, and now the machine is fully functional."
,,Power wire disconnected.,Power wire disconnected.,Reconnected the power wire properly. Both machines are now fully functional.
Ultrasonic Aspirator,USG-400,issue&nbsp;,Issue in patient plate.,"Upon inspection, it was found that the connector wire was damaged, causing interruption in functionality. The wire was properly soldered and secured. After testing, the patient plate was confirmed to be functioning normally."
,ZC-9200A,issue,Ultrasonic scaler was not functioning.,"Upon inspection, it was found that the ultrasonic scaler was not working due to voltage fluctuation caused by a damaged fuse and a loose fuse connection. The fuse issue was corrected, and the connections were secured after thorough inspection. Following these actions, the ultrasonic scaler was tested and confirmed to be working smoothly."
,CX21FS1,ISSUE,Reported issue with unstable power switch.,"Upon inspection, the power switch was found to be displaced and loosely connected, resulting in unstable power supply. The switch was resoldered and fixed securely to restore proper connection. Additionally, the illuminator visibility was poor due to dust accumulation, which was thoroughly cleaned. The microscope was then tested and confirmed to be functioning smoothly."
General Adult/Pediatric,VG70,ISSUE,O₂ sensor failure.,"Replaced the O₂ sensor, performed testing and calibration. The machine is now fully functional."
5 Parameters Bedside,H9,issue,"The patient monitor stand plate was unstable, causing the monitor to fall.&nbsp;","Inspected the stand plate, tightened and secured the lock. The monitor and stand are now stable and fully functional."
General,Sparsh 400,issue,Bipolar function not working during the case.,"During inspection, it was found that the bipolar function was not working. On checking, the foot switch was not triggering due to being displaced from its original position. The foot switch was repositioned and secured properly. The machine is now fully functional."
,Flowtron ACS900,issue,The machine was set to operate only in the foot mode and did not extend to the leg or thigh.,"During inspection, it was found that the sensor was configured to foot mode only, which prevented the machine from providing adequate pressure to the leg and thigh. The sensor was reset, and now the machine is fully functional. However, it also has a battery issue -the battery does not charge."
5 Parameters Bedside,INFINITY DELTA,issue,The monitor housing was broken due to long-term use.,"The monitor housing was replaced from another monitor, and the machine is now fully functional."
5 Parameters Bedside,H9,issue,"The monitor parameters were not displaying properly (NIBP, SpO₂, ECG).","During inspection, it was found that the probes were damaged and the NIBP cuff was leaking. The probes and cuff were replaced, and now all monitors are fully functional."
5 Parameters Bedside,H9,issue,"The monitor parameters were not displaying properly (NIBP, SpO₂, ECG).","During inspection, it was found that the probes were damaged and the NIBP cuff was leaking."
5 Parameters Bedside,H9,issue,"he monitor parameters were not displaying properly (NIBP, SpO₂, ECG).","During inspection, it was found that the probes were damaged and the NIBP cuff was leaking. The probes and cuff were replaced, and now all monitors are fully functional."
12 channel,PB216,ISSUE,&nbsp;Lead V3 was not showing in the ECG graph.,"During inspection, it was found that the Lead V3 connector was corroded and unable to catch the signal, which caused the issue. All probes and leads were cleaned, and now the machine is fully functional."
General with integrated DR,PRORAD 3NC,issue,Reported to be non-functional as the tube up–down movement was not responding.,"Upon inspection, it was found that the system had become unresponsive, likely due to a temporary control or power interruption. The machine was powered off completely and allowed to reset. After restarting, the tube movement functioned normally, and the X-ray machine was tested to confirm smooth operation. The issue appears to have been caused by a temporary system hang, which was resolved through a proper power reset."
ENT,Tivato 700,issue,"Reported to be non-functional, as the up–down movement of the microscope was not responding.","Upon inspection, it was identified that the issue occurred due to a system hang, which caused the movement function to remain stuck. The system was then properly shut down and reset. After restarting, the microscope responded normally. The equipment was tested thoroughly and confirmed to be functioning smoothly."
General,Smart 400 plus,ISSUE,Patient plate was not working.,"On inspection, it was identified that the patient plate connector was damaged, leading to improper contact. The damaged wire was resoldered and secured properly. After repair, the cautery unit was tested thoroughly and confirmed to be operating smoothly without any further issues."
Dental,M320,issue,The lens was locked.&nbsp;,"During the inspection, it was found that the lens was locked. The lens was opened, and a new lens was replaced. Now the machine is ready to use."
General,Sparsh 400,issue,"Reported to produce sparks during operation, suspected due to faulty wiring of the switch.","Upon inspection and testing, the wiring issue was addressed, and the unit was operated to confirm functionality. The machine was found to be working smoothly without any sparks, ensuring it is now operating safely and reliably."
,PRISMA 450,issue,Tidal volume not delivered accurately.,"During inspection, leakage was found in the breathing circuit and CO₂ absorber. The leak was rectified, and the machine is now ready for use."
,,issue,Water leakage issue.,"Upon inspection, it was identified that the leakage originated from a small puncture in the water supply pipe. The damaged section of the pipe was repaired, and all connections were properly secured to prevent further leakage. After the repair, the dental chair was tested and confirmed to be functioning smoothly with no signs of water leakage."
,MBK OC NO 0886/12,issue,Ultrasonic scaler not functioning.,"Upon inspection, it was determined that the ultrasonic scaler was not operating due to an interruption in water flow. The water supply bottle was unable to maintain adequate vacuum pressure because of an air leak in the line. The leakage was identified and sealed properly, restoring normal pressure within the system. After correction, the water flow and ultrasonic function were tested, confirming that the scaler is now operating smoothly and effectively."
General,Force FX-8C,issue,&nbsp;Error 198 – the machine was not functioning properly.,"The accessories, including the foot switch and pencil, were removed and the machine was restarted. It is now ready for use."
,,issue,Air leak at the pneumatic pressure regulator.,Inspected and tightened/locked the pneumatic air pressure regulator to stop the leak.&nbsp;
,Smart NeB,issue,Mist not forming,"During inspection, found the filter rusty. Replaced it, and now the unit is ready to use."
Ultrasonic/Harmonic with Pressure,400HP,issue,Bipolar not working,"During inspection, found that the foot switch was not triggering. One pin of the foot switch had slipped inside the connector. It was fixed, and the unit is now ready to use."
,A5,issue,O₂ calibration failed.,Replaced the O₂ cell and performed calibration. Now the machines are ready to use.
,,issue,O₂ calibration failed.,Replaced the O₂ cell and performed calibration. Now the machines are ready to use.
Dental,M320,issue,Lens lock not opening.,"During inspection, it was found that the lens was very tight. It was carefully loosened and opened. Now the equipment is ready to use."
General Adult/Pediatric,Avea,issue,O₂ sensor calibration failed.,"During inspection, it was found that the O₂ cell was expired. The cell was replaced, and the ventilator is now ready to use."
5 Parameters Bedside,Imec 15,issue,&nbsp;CVP parameter not displaying on the monitor.,"Upon inspection, it was verified that the CVP probe and connector were functional. Further investigation revealed that the CVP parameter was not enabled in the system settings. The parameter configuration was adjusted to activate CVP monitoring. After reconfiguration and testing, the monitor displayed all parameters correctly and is now functioning smoothly."
General Adult/Pediatric,AVEA,issue,Ventilator not displaying the required FiO₂ level and showing an oxygen sensor failure alarm.,"Upon inspection, it was identified that the expiratory valve filter was clogged with dirt, and the oxygen sensor had malfunctioned. The expiratory valve was removed and autoclaved for cleaning, and the faulty oxygen sensor was replaced with a new one. After reassembly and functional testing, the ventilator was confirmed to be operating smoothly with accurate FiO₂ readings and no error indications"
General Adult/Pediatric,AVEA,issue,Operational Training for Nursing Staff,"An operational training session was conducted for the MICU nursing staff focusing on the maintenance of the ventilator system. The team was informed about the importance of monthly autoclaving of the expiratory valve to ensure optimal performance and longevity of the machine. Additionally, hands-on training was provided on the correct procedure for assembling and disassembling the expiratory valve for autoclaving and reinstallation."
,PRIMA 450,issue,&nbsp;High leakage and SPO₂ not displaying on the monitor.,"During inspection, it was found that the washer was broken and the bellow was not tightened properly. After temporarily fixing the washer and adjusting the bellow position properly, it passed the leakage test.The machine is now fully functional."
,NA,issue,Power switch was not working.,"After replacing the switch, the device was powering on and working properly."
5 Parameters Bedside,C80,issue,IBP (Invasive Blood Pressure) not detected or displayed.,"The patient monitor was reported to be not displaying IBP readings. Upon inspection, the system settings were verified to be correct, and the pressure sensor was found to be functioning properly. Further diagnostics confirmed that the issue originated from a faulty transducer cable connector. Two replacement cables were tested but found defective as well. After installing a verified functional transducer cable, the monitor successfully detected and displayed accurate IBP readings. The system was tested and confirmed to be operating normally."
7 Parameters Bedside,C80,issue,SpO₂ parameter not displaying.,"The patient monitor was reported to be not showing SpO₂ readings. Upon inspection, it was identified that the SpO₂ probe was damaged, preventing proper signal detection. The faulty probe was replaced with a new one, after which the monitor was tested and confirmed to be functioning properly with accurate SpO₂ readings."
Ultrasonic/Harmonic with Pressure,400HP,issue,Bipolar open circuit error.,"During inspection, it was identified that the error occurred due to insufficient REM (Return Electrode Monitoring) feedback from the patient plate. The patient plate was repositioned and adhered properly to the patient’s skin to ensure optimal contact and electrical continuity. After securing the connection, both monopolar and bipolar modes were tested and confirmed to be functioning correctly without any further error indications."
Ultrasonic/Harmonic with Pressure,SONOCA 300,issue&nbsp;,&nbsp;Ultrasonic transducer not detected and system error during startup.,"The Söring Sonoca 300 was reported to be unable to detect the ultrasonic transducer and was frequently displaying error alarms during boot-up. Upon inspection, continuity testing revealed that one of the connector pins was not conducting properly due to a broken internal wire. The wire was resoldered securely, restoring proper signal transmission. Additionally, the foot pedal was found to be non-functional because its connector was disconnected. All cable connections were checked, reset, and comprehensive functional testing, including transducer and foot pedal verification, the unit was confirmed to be operating normally without any further errors."
,,issue,Air leakage in the supply line.,"Upon inspection, it was found that the air leakage originated from the supply line connected to the compressor. The leakage point was identified and sealed properly, ensuring stable air pressure throughout the system. After repair and testing, the dental unit was confirmed to be functioning smoothly without any air leakage."
,EN-S7 SMART,issue,Reported as non-functional,"Upon inspection, the device was found to be functioning normally. Comprehensive performance testing was carried out, confirming that the syringe pump is operating smoothly and within normal parameters."
,Benefusion VP3,issue,Reported as non-functional.,"The infusion pump was reported to have inaccurate and fast infusion delivery. Upon performing comprehensive functional and calibration tests, the device was found to be operating accurately in accordance with the set rate and VTBI within the calculated infusion time. The infusion pump is now functioning properly and delivering as specified."
,,issue,The nebulizer &nbsp;power cord issue.,"Upon inspection, it was found that the power supply cord was damaged, preventing the device from powering on. The damaged cord was repaired and secured properly. After reassembly and testing, the nebulizer was confirmed to be operating smoothly and functioning as intended."
,MBK OC NO 0886/11,issue,Device not charging.,"Upon inspection, the issue was identified as an operational error. The charging cable was being connected in the wrong orientation. After demonstrating the correct charging procedure, the device was tested and found to be charging and functioning normally."
Digital,NA,issue,Error 3 alarm.,"Upon inspection, the device displayed “Error 3,” which indicates an air leakage issue. Further testing confirmed that the leakage originated from the BP cuff. The fault was verified by cross-checking with another functional cuff, which resolved the error. The BP cuff requires replacement to restore normal operation."
Digital,,Zeroing issue,Zeroing issue.,"Upon inspection, there was an zeroing issue which was fixed properly."
Halogen,QH-150,issue,Light source not functioning.,"Upon inspection, it was found that one of the bulb wires was loose, causing power interruption to the lamp. The loose bulb wire was resoldered securely to ensure proper electrical connection. After testing, the light source was confirmed to be functioning normally."
,MBK OC NO 0886/11,issue,Suction drainage leakage.,"The dental chair was reported to be non-functional. Upon inspection, it was found that the suction drainage pipe was leaking due to wear and tear. The damaged section of the pipe was repaired and sealed properly, restoring normal suction function. After testing, the dental chair was confirmed to be operating smoothly without any leakage"
,Prima 450,issue,Display showing white screen.,"The anesthesia machine was reported to have a white display issue. Upon inspection, it was found that the display signal was interrupted due to a loose internal connection. The display connections were reset and secured properly. After reassembly and testing, the display was restored to normal, and the machine is now operating correctly."
Digital,NA,issue,Device displaying Error 1.,"The digital BP monitor was reported to be non-functional, showing Error 1 during measurement. Upon inspection, the issue was identified as an incorrect cuff positioning and improper adjustment during use. After correcting the cuff placement and ensuring proper calibration, the device was tested and found to be functioning accurately and operating normally."
,EN-S7 SMART,issue,device was not powering on,Identified the issue as a discharged battery. Performed a reset of all components. The device is now fully functional.
Manual,NA,ISSUE,Reported to be non-functional.,"Upon inspection, there was an damage in Bp cuff tubing. The issue has been fixed properly."
3 channel,SE-3,issue,&nbsp;Printer not working.,"During inspection, it was found that the printer was not working. The thermal printer was reset, and it is now ready to use."
12 channel,CM1200A,issue,V6 signal not showing and keys not responding.,"During inspection, it was found that the ECG lead was not connected properly due to a loose nut. The nut was tightened, and the keyboard was cleaned properly. The unit is now ready to use."
7 Parameters Bedside,C80,issue,Monitor installation incomplete due to missing base plates.,"It was observed that the patient monitor lacked base plates, preventing proper mounting and stabilization. New base plates were installed securely, and the monitor was reassembled and mounted correctly. After installation, the system was tested and confirmed to be functioning smoothly and operating within normal parameters."
Normal,MEDITE M530,issue,The blade was not cutting the tissue uniformly and continuously.,"The blade was loose earlier, but it has been tightened back into place and is now ready to use."
Ultrasonic/Harmonic with Pressure,Force Triad,issue,The foot switch was not functioning.,"The issue was found to be due to the connector part of the foot switch being dislocated from its original position. The connector was repositioned and properly set. After the adjustment, the machine is now fully functional."
Handheld,,issue,Device not charging.,"Upon inspection, it was found that the internal battery connection was disconnected, preventing charging. The connection was resecured properly, restoring internal power continuity. Additionally, the charger head was found to be faulty and requires replacement. After securing the connection, the device was tested and confirmed to be functioning normally."
,MBK OC NO 0886/19,issue,Headlight not functioning.,"Upon inspection, it was found that the headlamp was not illuminating due to loss of electrical continuity in the circuit. After checking and securing all wiring connections properly, continuity was restored, and the headlight is now functioning normally."
General Adult/Pediatric,VG70,issue,Ventilator has an issue with nebulizer.,"Upon inspection, it was an operational issue which has been resolved now. Operational training has been provided to the medical staffs."
Neuro,HS HI-R,issue,An issue with the microscope light.&nbsp;,"The problem was traced to a loose RS-232 connector, which was causing the malfunction.The issue has been resolved and the machine is operating&nbsp;smoothly."
,MI20,issue,Air-in-line alarm.,"During inspection, found that the air-in-line alarm was set. The system was reset, and it is now ready for use."
,Prima 450,issue,Circuit leakage.&nbsp;,"&nbsp;During inspection, leakage was found in the expiratory port. The port was tightened, and the leakage has been resolved. The machine is now ready for use."
Dental,M320,issue,Microscope holder instability.,"The Leica M320 surgical microscope was reported to be non-functional due to instability in the microscope holder, which failed to maintain the desired position during use. Upon inspection, it was found that the locking mechanism was loose. The issue was resolved by tightening the adjustment screw using an LN key. After adjustment, the microscope holder was stable and functioning properly."
,,issue,Flow sensor failure alarm.,Flow sensor calibration has been passed successfully and the machine is working&nbsp;properly.
,HK-400III,ISSUE,Syringe calibration.,"During inspection, found that the pump was not delivering the accurate dose of medicine. Performed calibration, and it is now ready for use."
,R-12A,issue,Leakage issue.,"The issue was in the compressor pipe, but it has been properly fixed. The system is now ready to use."
LED,BL-7000,issue,The analog-to-digital converter (ADC) cable was broken.&nbsp;,"The broken part was identified, and the cable was properly reconnected to its required position. The machine is now fully&nbsp;functional."
5 Parameters Bedside,IT 12,issue,The monitor had not installed properly.,Reinstalled properly and is now&nbsp;ready&nbsp;to&nbsp;use.
,SYS-50,issue,Operational problem&nbsp;,Proper operational training and syringe calibration have been completed. The machine is now ready to use.
,NA,issue,&nbsp;The motor stand was broken.,which was then repaired and the machine is operating&nbsp;smoothly.
12 channel,MK-1212A,issue,The machine was not showing ECG wave.,"During the inspection, it was found that the connector was not properly connected. It has now been connected correctly, and the machine is ready to use."
7 Parameters Transport,Beneview T5,ISSUE,&nbsp;NIBP not monitoring&nbsp;,"During inspection, it was found that water was present inside the NIBP cuff. Due to this, the pressure sensor was unable to detect signals during high-pressure points, resulting in continuous pumping without monitoring the pressure. The sensor was reset and dried properly. Now, the machine is fully&nbsp;functional."
,Prima 450,issue,The oxygen flow meter was not working.,The issue was with it's encoder.The encoder was alinged and fixed properly ensuring the machine is operating smoothly.
Electric,ARCUS 501,issue,it was found that the table's up-and-down movement was not working.,"Due to a loosened leg panel lock, which was sliding out of position and causing the issue. The problem was resolved by securely tightening and properly fixing the panel."
5 Parameters Bedside,PB216,issue,Battery discharged.,The battery has been charged and monitored. The device is now ready to use.
7 Parameters Bedside,C80,issue,Not showing ECG wave.,After adjusting settings and connecting the ECG probe properly.The machine is now functioning&nbsp;properly.
5 Parameters Bedside,H9,issue,&nbsp;SPO2 connector pin was displaced,The pin had been fixed properly and the issue had been solved.
5 Parameters Bedside,C80,issue,The wall stand was loose and software problem.,"which was properly tightened. Additionally, the software of several Comen patient monitors was updated to resolve issues with inaccurately displayed parameters."
General Adult/Pediatric,AVEA,issue,&nbsp;Low FiO2 reading.,"Upon inspection, the issue was traced to a faulty oxygen sensor. The sensor was replaced, and the problem was successfully resolved."
7 Parameters Bedside,c80,issue,uninstalled,&nbsp;Installed properly and is now ready to use.
7 Parameters Bedside,C80,issue,&nbsp;Insufficient cuff pressure.,"After adjusting the settings, the machine is now operating properly."
,BIOSONIC S1,issue,Leakage issue,The issue has been resolved and the machine is operating smoothly.
Electric,SIM MOVE800 AFS,issue,Insufficient power supply.&nbsp;,"Upon preliminary inspection, the issue was traced to a discharged internal power source (battery). The battery was recharged using an external booster charger. Following restoration of adequate voltage levels, the operation theater table was tested and verified to be fully operational, with stable electrical&nbsp;functionality."
7 Parameters Bedside,CMS8000,issue,Activation of the NIBP (Non-Invasive Blood Pressure) function causes the monitor to unexpectedly reboot.&nbsp;,"A full system reset was performed, including initialization of all internal modules and firmware components. Post-reset diagnostics confirmed stable operation. The patient monitor is now functioning within normal parameters."
5 Parameters Bedside,C80,issue,System software malfunction affecting device performance.&nbsp;,"The monitor's software was updated and reconfigured in coordination with the manufacturer's biomedical engineer. Following the firmware upgrade and system validation, the monitor was tested and is now fully functional and ready for clinical application."
5 Parameters Bedside,iMEC10,issue,The wall mounted plate screw was loose and missing.,"Patient monitor was securely wall-mounted and properly installed. After installation, all monitoring parameters were tested and verified to be functioning accurately. The device is now fully operational and ready for clinical use."
,HK-400III,issue,&nbsp;Syringe calibration.,"During inspection, found that the pump was not delivering the accurate dose of medicine. Performed calibration, and it is now ready for use."
Ultrasonic/Harmonic with Pressure,Force Triad,issue.,Spark observed on AC power cord during operation.,"&nbsp;Upon inspection, it was found that the AC power cord had poor contact and the earthing connection was improper, causing intermittent sparking during use. The power connections were reset and secured properly, and the earthing line was verified. After corrective action, the electrosurgical unit was tested and confirmed to be functioning safely and normally without any electrical faults."
7 Parameters Bedside,C80,issue,System needs to be update.,"After updating the system, the monitor is now functioning properly and is now ready to use."
5 Parameters Bedside,INFINITY DELTA,issue,&nbsp;Not showing ECG .,"After adjusting the settings properly and testing,the &nbsp;machine is operating smoothly."
,MBK OC NO 0886/8,issue,Foot switch not working.,"During inspection, found that the foot switch was not connected properly, which caused the chair not to move up and down. Reconnected the foot switch correctly, and it is now ready for use."
1.5 Tesla,Achieva 1.5T,ISSUE,"The inverter for the MRI was reported to be non-functional, as it failed to power on after an electricity cut-off. This interruption prevented the MRI system from operating.","Upon inspection, it was identified that the UPS battery backup was weak and required replacement. The system was reset, which temporarily restored inverter functionality. After the reset, the inverter powered on successfully, and the MRI resumed operation. However, to ensure reliable performance during future power outages, the UPS battery needs to be replaced."
Electric,Sim Move 800,issue,Table was non-functional and unresponsive.,"&nbsp;Upon thorough inspection, it was found that the battery had been overcharged, causing the system to become completely unresponsive. The table was not operating via the remote control or the onboard display panel due to an unstable battery. The battery was properly discharged and then recharged using a booster charger to stabilize it. After these actions, the OT table was tested and is now fully operational, functioning smoothly without any further issues.Note: To resolve this issue permanently the batteries needs to be replaced."
,PRISMA 450,issue,"&nbsp;The machine failed the leakage test, indicating a high level of gas leakage.","Further examination revealed that the issue was due to improper positioning of the bellows and canister. After carefully adjusting and securing both components, the leakage problem was resolved. The machine has now passed the leakage test and is functioning properly."
,PRISMA 450,issue,High system leakage detected.,"During inspection, it was found that the soda lime canister was not properly seated in its designated position, resulting in a leakage alarm during the system check. The canister was repositioned and securely tightened to its correct placement. After adjustment, the machine successfully passed the leak test and is now fully operational."
7 Parameters Bedside,c80,issue,Base plate.,"Upon inspection, it was found that the base plate was missing. After installing the base plate and securing the monitor properly, the unit was thoroughly tested and confirmed to be fully functional and ready for use."
5 Parameters Bedside,H9,issue,SpO₂ not functioning.,"Upon inspection, it was found that the SpO₂ connector pin was broken and required replacement. A new SpO₂ probe was installed, and after thorough testing, the monitor was confirmed to be fully functional and operating normally."
,XPS Nexus,issue&nbsp;,&nbsp;Handpiece not functioning.&nbsp;,"Upon inspection, it was found that the gear locking mechanism in the handpiece was damaged due to corrosion. The faulty component was repaired and reassembled properly. After corrective action, the microdebrider is now fully functional."
,R-12A,issue,&nbsp;Overhead light and suction system were not functioning.&nbsp;,"During inspection, it was found that the overhead lamp wire was disconnected from the transformer output terminal, resulting in a loss of power supply to the light. The wire was reconnected securely, restoring normal light function.Additionally, the suction system was not operating due to a malfunction in the suction control switch, which failed to trigger the main power supply board. Upon further inspection, it was observed that the connector to the switch was loosely attached. The connector was properly reattached, allowing the switch to activate the power board as intended.After completing both repairs, the dental chair is now fully functional."
,NA,ISSUE.,Air-in-line error.,"Upon inspection, the infusion pump displayed an air-in-line alarm due to air trapped in the administration set. A bolus/priming procedure was performed to purge the air from the tubing. After all air bubbles were removed, the pump was tested thoroughly and confirmed to be fully operational."
,,issue,Chair motor was not activating via the foot control switch.&nbsp;,"During inspection, it was observed that the foot control switch was not making proper contact when pressed, resulting in failure to activate the chair motor system. The switch assembly was realigned and properly repositioned to ensure consistent electrical contact.After adjustment, the dental chair motor is now functioning normally."
12 channel,TM-3E,ISSUE,Does not turn on.,"During the inspection, it was found that the power switch was faulty. Then it was replaced, and now the machine is ready to use"
12 channel,CM1200A,issue,Not showing proper signal and language changed.,"During the inspection, it was found that the machine was set to the German language, so it was changed to English. The lead and connector were not connected properly, so they were tightened correctly. Now the machine is ready to use."
5 Parameters Bedside,C80,issue,Alarm limits not set.,"During the inspection, it was found that the alarm limits were not set by the nurses. Then operation training was provided."
,Lumis150,issue,Device reported to be non-functional.,"Upon inspection, the BiPAP unit was found to be operational, but the therapy parameters were incorrectly configured, causing improper function. The settings were reconfigured to the appropriate clinical parameters. After adjustment, the machine was tested and verified to be functioning smoothly and delivering stable therapy output."
,EN-S7 SMART,issue,High-pressure alarm reported.&nbsp;,"The syringe pump was reported to trigger a high-pressure alarm during use. Upon thorough inspection and functional testing, no mechanical blockage or pressure-related issue was found. The pump operated normally throughout the test cycle, and all parameters were confirmed to be functioning correctly.Also, operational training was provided."
5 Parameters Bedside,CMS8000,ISSUE,NIBP was not measuring/monitoring.&nbsp;,"During the inspection, it was found that the connector between the cuff and the NIBP hose was not properly compatible with this model, which caused improper connection and failure of NIBP measurement. The cuff was replaced with a suitable one, and the monitor is now functioning normally and ready for use."
,Y-30T,ISSUE,Device reported to be non-functional.,"Upon inspection, the BiPAP unit was found to be operational issue. Also, low MV was detected due to leakage in the oxygen tube.After replacing the tube , the error hasbeen rectified and operational training has been provided to the medical staffs."
5 Parameters Bedside,iMEC10,ISSUE,It was reported for unit interchange.,"The monitor was replaced with the correct device and securely wall-mounted. After completion of functional testing, the unit was verified to be operating normally and is now ready for clinical use."
5 Parameters Bedside,C80,ISSUE,ECG probe damaged.,"During the inspection, it was found that the ECG probe was damaged. Then the probe was replaced. Now the monitor is ready to use."
,Flow-814,issue,The machine was not powering on.,"During the inspection, it was found that the power switch was faulty. The switch was replaced. Now the machine is ready to use."
3 channel,SE-3,issue,ECG printer problem.,"During the inspection, it was found that the ECG cover was blocking the paper due to a broken lock. The cover was arranged properly. Now the ECG machine is ready to use."
Manual,NA,issue,Reported to be non-functional.,"Upon inspection, it was found that the tube was damaged causing leakage , which needs to be replaced."
,,issue,&nbsp;Compressor pipe controller.,"During inspection, it was found that the foot controller was not controlling or passing the air supply. The issue was due to the foot controller being out of its original position because of a loose nut, which caused improper compression. The nut was tightened and the foot controller was restored to its correct position. The dental chair is now fully functional."
,ZC-9200A,issue,Compressor pipe controller.&nbsp;,"During inspection, it was found that the foot controller was not controlling or passing the air supply. The issue was due to the foot controller being out of its original position because of a loose nut, which caused improper compression. The nut was tightened and the foot controller was restored to its correct position. The dental chair is now fully functional."
General with Neonatal,AVEA,issue,Pre-tested remaining.,"Pre-tested all parameters, calibrated the O₂ sensor, performed circuit testing, and carried out the EST. All ventilators are now ready for use."
General with Neonatal,NKV550,issue,Pre-test remaining.,"Pre-tested all parameters, calibrated the O₂ sensor, performed circuit testing, and carried out the EST. Pre-tested all parameters, calibrated the O₂ sensor, performed circuit testing, and carried out the EST. All ventilators are now ready for use.Ventilators are now ready for use."
General Adult/Pediatric,VG70,issue,Pre-tested remaining.,"Pre-tested all parameters, calibrated the O₂ sensor, performed circuit testing, and carried out the EST. Ventilators are now ready for use."
5 Parameters Bedside,H9,issue,SpO₂ not displayed due to damaged patient probe.&nbsp;,The damaged probe was replaced. The monitor is now fully functional and ready for use.
,Flowtron ACS900,ISSUE,The unit was reported to be non-functional.&nbsp;,"&nbsp;Upon inspection, it was found that the probe connector was unable to detect the garments due to a connection fault. The connector was repaired and the system was tested, confirming proper garment detection and normal operation. However, it was also noted that the internal battery is weak and requires replacement to ensure the device remains fully functional and reliable during use."
,Prima 450,ISSUE,&nbsp;O₂ regulator producing sound.&nbsp;,"During inspection, it was found that the sound was caused by high-pressure gas supply. The regulator was adjusted and managed accordingly. The machine is now fully functional."
,PRISMA 450,ISSUE,Circuit leakage&nbsp;,"During inspection, leakage was found in the CO₂ absorber box. The box was tightened, and the leakage has been resolved. The machine is now ready for use."
,TESS730,ISSUE,&nbsp;syringe pumps was reported to be non-functional.&nbsp;,"Upon inspection and calibration, it was found that the syringe positioning required adjustment to ensure accurate detection and delivery. The calibration was performed successfully, and the pumps were thoroughly tested. After verification, syringe pump is now functioning smoothly and operating within normal parameters."
,TESS730,issue,&nbsp;syringe pumps was reported to be non-functional.&nbsp;,"Upon inspection and calibration, it was found that the syringe positioning required adjustment to ensure accurate detection and delivery. The calibration was performed successfully, and the pumps were thoroughly tested. After verification, &nbsp;syringe pump is now functioning smoothly and operating within normal parameters."
,HK-400III,issue,calibration failed,"During inspection and calibration, it was identified that the syringe positioning was misaligned, preventing accurate detection and delivery. The syringe positioning was recalibrated and adjusted properly. After completing the calibration process, both pumps were thoroughly tested and verified. The syringe pumps are now operating smoothly and performing within standard functional parameters."
,HK-400III,issue,Calibration Failed,"During inspection and calibration, it was identified that the syringe positioning was misaligned, preventing accurate detection and delivery. The syringe positioning was recalibrated and adjusted properly. After completing the calibration process, pump was thoroughly tested and verified. The syringe pumps are now operating smoothly and performing within standard functional parameters."
,HK-400III,issue,Calibration failed,"During inspection and calibration, it was identified that the syringe positioning was misaligned, preventing accurate detection and delivery. The syringe positioning was recalibrated and adjusted properly. After completing the calibration process, pump was thoroughly tested and verified. The syringe pumps are now operating smoothly and performing within standard functional parameters."
Manual,NA,ISSUE,Dial was slightly inverted.,"After adjusting it's position , the issue has been resolved."
,TE-LM730,ISSUE,The infusion pump was reported to be non-functional with a recurring bubble error.&nbsp;,"Upon inspection, the bubble error was traced to residual air present in the tubing. The line was properly primed by performing a bolus flush to eliminate air. Following this procedure, the error was cleared. The infusion pump was then thoroughly tested, confirming that it is now functioning smoothly and delivering accurately without further alarms."
5 Parameters Bedside,H9,ISSUE,PRE-TEST REMAINING.,"All monitoring parameters, including ECG, SpO₂, NIBP, and &nbsp;RESP, were thoroughly tested and verified. The tests confirmed that all parameters are functioning accurately, and the patient monitor is operating smoothly within normal working conditions."
5 Parameters Bedside,SureSigns VM8,ISSUE,"Upon inspection, the issue was traced to the SpO₂ probe. It was found that the probe connector was not properly .","The connector was reattached securely, and the probe was tested. After verification, the SpO₂ parameter was confirmed to be functioning smoothly, and the monitor is now operating normally."
Ultrasonic/Harmonic with Pressure,SONOCA 300,issue,The machine was hanging and none of the keys were working.&nbsp;,"During inspection, it was found that all functions were unresponsive. The system was reset, and now the machine is ready for use."
,Minipex,issue,The device did not power on.&nbsp;,"During inspection, it was found that the battery was discharged. The battery was charged, and the device is now ready for use."
Ultrasonic/Harmonic with Pressure,SONOCA 300,issue,Error displayed during power-on.&nbsp;,"The Söring Sonoca 300 was reported to be showing an error upon startup and was not functioning as expected. Upon inspection, it was determined that the issue could be resolved by initiating the machine's self-test mode. The self-test was successfully performed, which cleared the error and restored normal operation. After completing the test and verifying all functions, the machine is now operating properly."
,EN-S7,issue,The syringe pump was reported to be non-functional.,"Upon inspection, it was identified that the stand clamp was overtightened, restricting the proper adjustment and secure mounting of the pump. The clamp was carefully loosened and lubricated to restore smooth operation. After correction, the syringe pump was reinstalled and tested, confirming that it is functioning properly and ready for clinical use."
,NA,ISSUE,Power cord was damaged.,Power cord was repaired.
,Minipex,issue,The device was reported to be non-functional.&nbsp;,"Upon inspection, it was determined that the device had insufficient battery charge, preventing it from powering on. The unit was fully recharged, after which its functionality was restored. Post-charging verification confirmed that the apex locator is now operating properly and ready for use."
,NA,ISSUE,Power cord was damaged.,Repaired power cord.
Ultrasonic/Harmonic with Pressure,400HP,issue,The machine did not power on.,"&nbsp;During inspection, it was found that the fuse was not connected properly. The fuse was fixed, and the machine is now ready for use."
128 Slice,INGENUITY 128,issue,"The inverter for the CT Scan was reported to be non-functional, as it failed to power on after an electricity cut-off. This interruption prevented the CT Scan from operating.&nbsp;","Upon inspection, it was identified that the UPS battery backup was weak and required replacement. The system was reset, which restored inverter functionality temporarily. After the reset, the inverter powered on successfully, and the CT Scan resumed operation. However, to ensure reliable performance during future power outages, the UPS battery needs to be replaced."
,PRISMA 450,issue,High leakage and SPO₂ not displaying on the monitor.,"&nbsp;During inspection, it was found that the washer was broken and the SPO₂ module was faulty. The machine was replaced, and the monitor module was replaced with one from another machine. The machine is now fully functional."
Video,CR-31,issue,Display not working.&nbsp;,"During inspection, it was found that the battery was fully discharged. The battery was charged and set properly. The device is now ready for use."
,VOLVERE i7,issue,&nbsp;The ON/OFF switch was not working.&nbsp;,"During inspection, it was found that the switch was not making contact when pressed due to a contact gap. The gap between the switch and key was adjusted, and the machine is now ready for use."
Portable,AC7N,ISSUE,&nbsp;The device would not power on.&nbsp;,"During inspection, it was found that the SMPS power supply cord was not connected properly. The connection was fixed, and the device is now ready for use."
Electric,SimMore 800 AFS,issue,The OT table was reported to be non-functional.&nbsp;,"Upon inspection, it was found that a leakage had developed in the pipe connected to the hydraulic tank, resulting in loss of hydraulic fluid and impaired table movement. The leakage point was sealed and the pipe was fixed securely to prevent further fluid loss. After repair, the hydraulic system was tested, and the OT table was confirmed to be functioning properly."
Digital,NA,issue,Reported to be non-functional.,"Upon inspection, it was displaying “Error 1” that is due to leakage on Bpcuff. To be fully functional, the BP cuff needs to be replaced."
Manual,NA,issue,Reported to be non-functional.,"Upon inspection , it was displaying “ERROR 1” that is due to leakage in the cuff, which needs to be replaced."
5 Parameters Bedside,H9,issue,Reported to be non-functional.,"After verifying all essential parameters, includingSpO2, NIBP,and ECG, the device was confirmed to be fully functional and ready for clinical use."
,i7,issue,Device reported to be non-functional; bubble error observed.&nbsp;,"Upon inspection, a bubble error was identified due to improper IV tube setup. The IV tube was rinsed and reinstalled correctly. After performing a comprehensive functional test, the machine was confirmed to be operating smoothly."
,,issue,Scalar was not working.,"Upon inspection, found no compressed air to the system due to breakage of the lever of the water valve. Turned on the valve but the valve needs replacement."
,MBK OC NO 0886/11,Micromotor rotation is slow.,Micromotor handpiece rotation was slow.,"Upon inspection, it was the carbon brush was damaged which needs replacement."
,,issue,No water supply.,"It was found that the booster was turned off, after turning on the issue has been resolved."
Portable,N/A,ISSUE,Probe not detected.&nbsp;,"During the inspection, it was found that the probe lock was not engaged. After locking it properly, the probe was detected on the display. The machine is now ready to use."
,,Issue.,No up down movement.,"Upon inspection, the wire was disconnected. After securely soldering the wire, the issue has been resolved."
,ZC-9200A,issue,&nbsp;IIt was reported to be non-functional.&nbsp;,"&nbsp;Upon inspection, it was having a leakage issue which was then resolved ensuring the chair is functioning properly."
,,issue,Confident dental chair from dental department was reported to be non-functional as it was having an issue with power supply.&nbsp;,The issue is now resolved ensuring it's functioning fully after securing the wire properly.
,,issue,Micromotor foot switch wire was damaged by mouse.&nbsp;,The wire connection was fixed properly and the machine is operating smoothly now.
,,issue,The machine was found to be unresponsive and did not move in any direction.,"Upon inspection, it was found that the foot control switch was not making contact with the limit switches. After properly securing the switch in its correct position, the machine resumed normal operation and is now functioning as expected."
,POC-W211,ISSUE,No recording device detected.,"During the inspection, an error was found. The system was reset, and it is now ready to use."
,MBK OC NO 0886/15,issue.,"The light was found to be out of its designated position, which impeded its movement. Additionally, it could not be secured in a fixed position.","It was found that one of the screws securing the light was not properly fastened. After tightening the screw and securing it in its correct position, the machine resumed normal operation and is functioning properly."
,EN-S7,issue,Calibration issue,"During the inspection, a calibration issue was found. The pump was calibrated, and it is now ready to use."
,,issue,&nbsp;Dental bed was having a noise issue.,"Upon inspection, noise was from solenoid valve. The issue has been resolved now and the bed is functioning smoothly."
,,issue,Confident dental chair has an issue with suction.&nbsp;,The issue was then resolved ensuring it is functioning properly.
General Adult/Pediatric,VG70,ISSUE,Installation remaining.,"&nbsp;new ventilators have been successfully installed in the AICU. After installation, all basic functions and settings were checked to ensure proper operation. Both units are now fully ready for clinical use."
,ZC-9200A,ISSUE,Chair had an issue with airrotar.,"Upon inspection, it was found that there was not enough pressure which was resolved completely ensuring it is functioning properly."
,,ISSUE,It was reported to be non-functional.,"Upon inspection, it was having a leakage issue which was then resolved ensuring the chair is functioning properly."
,,issue,It was having an issue with suction.,Upon inspection The hand switch connection wire of suction was loosed which was then connected properly ensuring it is functioning properly.
,,issue,It was having a leakage.,The issue has been resolved now ensuring it is working properly.
,MBK OC NO 0886/8,issue,Reported to be non-functional.,"Upon inspection, it was found that the inductive air-locked rotary arm was loose. The issue has been properly resolved."
,ZC-9200A,issue,&nbsp;It was reported as non-functional.,"&nbsp;Upon inspection, it was found that the hand piece motor cable was damaged preventing it's operation.The issue has been properly resolved and is ready to use."
,,issue,&nbsp;It was reported to be non-functional.&nbsp;,The motor handpiece was not working and air rotor handpiece was also non-functional.Both motor handpiece and air rotar handpiece were fixed properly ensuring it is working smoothly.
,ZC-9200A,issue,It was having leakage issue.,The issue has been resolved now ensuring it is working properly.
,ZC-9200A,issue,It was having a leakage issue.,The issue was resolved and the machine is functioning properly.
,ZC-9200A,issue,&nbsp;It has an issue with scalar's foot switch wire.,The wire has been replaced and the machine is fully functional now.
,,issue,Chair not moving up,"First, the power source was checked and found to be working properly. Then, the control key for moving the chair up and down was inspected. It was found that the issue was with the controller itself. The controller was reset, and the chair is now working properly."
,D1,issue,Water supply issue.,The water supply pipe was clogged. It has been cleaned and is now functioning properly.
General Adult/Pediatric,VG70,ISSUE,Installation remaining.,"New ventilator have been successfully installed in the AICU. After installation, all basic functions and settings were checked to ensure proper operation. Both units are now fully ready for clinical use."
General,MBC601 UAM,issue,Device reported to be non-functional.,"Upon inspection, the electrosurgical unit was found to be non-operational due to a faulty foot switch. The foot switch connector was re-soldered and integrated with a functional spare foot switch. Continuity and operational tests were performed, confirming proper activation response. After verification, the electrosurgical unit is operating smoothly and ready for clinical use."
,,issue,Obstruction of the motor fan caused by accumulated dirty and hair.&nbsp;,"Upon inspection, the nebulizer was found to be non-operational due to obstruction of the motor fan caused by accumulated dirt and hair, which restricted proper motor rotation. The debris was thoroughly removed, allowing the fan and motor to run smoothly. After functional testing, the nebulizer was confirmed to be operating normally and is ready for clinical use."
12 channel,SE-3,issue,&nbsp;Device reported to have a printing malfunction.&nbsp;,"Upon inspection, it was identified that the thermal print head was improperly seated, preventing the printing sensor from functioning correctly. The thermal head was repositioned and secured in the correct alignment. After adjustment, the printing function was restored, and comprehensive testing confirmed that the machine is now operating smoothly.Note: Operational training will be provided to the department staff as feasible."
General Adult/Pediatric,AVEA,issue,"it was found that the oxygen sensor had expired and was no longer functioning, resulting in device malfunction.&nbsp;","The faulty sensor was replaced with a new oxygen sensor. Following replacement, comprehensive system checks and performance testing were carried out. The ventilator was verified to be operating correctly and is now ready for clinical use."
General Adult/Pediatric,AVEA,issue,"It was found that the oxygen sensor had expired and was no longer functioning, resulting in device malfunction.","The faulty sensor was replaced with a new oxygen sensor. Following replacement, comprehensive system checks and performance testing were carried out.Also, expiratory valve filter was clogged which was sent for autoclave.The ventilator was verified to be operating correctly and is now ready for clinical use."
General Adult/Pediatric,VG70,issue,Calibration failure.,"During inspection, the ventilator was found to have a calibration failure. The unit was recalibrated successfully, and all parameters were verified. The ventilator is now functioning properly and is ready for use."
General Adult/Pediatric,VG70,issue,Calibration failure.,"During inspection, the ventilator was found to have a calibration failure. The unit was recalibrated successfully, and all parameters were verified. The ventilator is now functioning properly and is ready for use."
General Adult/Pediatric,VG70,issue,Reported issue with VTe measurement and touchscreen display.&nbsp;,"As reported by the In-charge, the ventilator was suspected to have issues with exhaled tidal volume (VTe) readings and touchscreen responsiveness. The machine was evaluated using a VT analyzer, and comprehensive functional and performance tests were conducted. All parameters, including VTe accuracy and touchscreen operation, were found to be within acceptable limits.After verification, the ventilator was confirmed to be suitable for clinical use.&nbsp;"
Ultrasonic/Harmonic with Pressure,SONOCA 300,issue,System freezing issue,"During inspection, the machine was found to be freezing during operation. All components were reset and the system was checked for proper functioning. The unit is now operating normally and is ready for use."
General Adult/Pediatric,AVEA,issue,Suspected air leak / loss of air reported by In-charge.&nbsp;,"As reported by the In-charge, the ventilator was suspected to have a loss of air. A comprehensive system inspection was performed, including leak testing and verification using a VT analyzer. All ventilation parameters were found to be within acceptable limits, with no evidence of air leakage.Also, the filter was cleaned properly.Following successful verification, the ventilator was confirmed to be operating smoothly and is ready for clinical use."
General Adult/Pediatric,AVEA,issue,Analyses the parameters of ventilator using VT analyzer.,"Upon inspection, it was found that the Tidal Volume is within the range and the FiO2 is marginally pass.&nbsp;"
General with Neonatal,AVEA,Issue,Analyzes the parameters of ventilators using VT analyzer.,"Upon inspection, it was found that the tidal volume is within the range but FiO2 failed ."
General with Neonatal,AVEA,issue,Analyzes the parameters of ventilator using VT analyzer.,"Upon inspection, it was found that the tidal volume is within the range but FiO2 failed."
General Adult/Pediatric,VG70,issue,Analyzes the parameters of ventilator using VT analyzer.,Upon inspection. it was found that the tidal volume and FiO2 is within the range .
General Adult/Pediatric,VG70,issue,Analyzes the parameters of ventilator using the VT analyzer.,"Upon inspection, it was found that the tidal volume and the FiO2 is within the range."
General Adult/Pediatric,VG70,ISSUE,Analyses the parameters of ventilator using VT analyzer.,"Upon inspection, It was found that the tidal volume and FiO2 are within the range."
General Adult/Pediatric,AVEA,issue,Analyzes the parameters of ventilator using VT analyzer.,"Upon inspection, it was found that the Tidal volume &nbsp;is within the range but FiO2 failed."
General Adult/Pediatric,AVEA,issue,Analyzes the parameters of ventilators using VT analyzer.,"Upon inspection, it was found that the tidal volume and FiO2 are within the range."
General Adult/Pediatric,AVEA,issue,Analyzes the parameters of the ventilator using VT analyzer.,"Upon inspection, it was found that the tidal volume and FiO2 are within the range"
General Adult/Pediatric,VG70,issue,Analyzes the parameters of the ventilator using VT analyzer.,"Upon inspection, it was found that the tidal volume is within the range but FiO2 failed."
General Adult/Pediatric,VG70,issue,Analyses the parameters of ventilator using VT analyzer.,"Upon inspection, it was found that the tidal voulme and FiO2 are within the range."
General,R-8C PLUS,issue,The display was not turning on.,"During the inspection, it was found that the display power supply was shorted. Further checking revealed that an IC on the board was also shorted. Therefore, the power board was replaced. The machine is now ready for use."
Ultrasonic/Harmonic with Pressure,SONOCA 300,issue,System freezing issue.,"During inspection, the machine was found to be freezing during operation. All components were reset, and the system was checked for proper functioning. The unit is now operating normally and is ready for use."
General Adult/Pediatric,AVEA,issue&nbsp;,Suspected air leak / loss of air reported by In-charge.,"As reported by the In-charge, the ventilator was suspected to have a loss of air. A comprehensive system inspection was performed, including leak testing and verification using a VT analyzer. All ventilation parameters were found to be within acceptable limits, with no evidence of air leakage.Also, the filter was cleaned properly.Following successful verification, the ventilator was confirmed to be operating smoothly and is ready for clinical use."
General Adult/Pediatric,AVEA,issue,Oxygen (O₂) calibration failure.&nbsp;,"During inspection, the O₂ sensor was found to be faulty and was replaced. After replacement, O₂ calibration was performed successfully, and the ventilator is now functioning properly and ready for use."
,Prima 450,issue,Leakage Test Failed.,"During inspection, leakage was in the circuit.After connecting the circuit properly, the leakage level was in the range and is ready for clinical use. The medical staffs were also given operational training about the circuit leakage."
General with Neonatal,AVEA,issue,Oxygen (O₂) calibration failure.&nbsp;,"During inspection, the O₂ sensor was found to be faulty and was replaced. After replacement, O₂ calibration was completed successfully. The ventilator is now fully functional and ready for use."
General Adult/Pediatric,AVEA,issue,Oxygen (O₂) calibration failure.,"During inspection, the O₂ sensor was found to be faulty and was replaced. After replacement, O₂ calibration was performed successfully. The ventilator is now fully functional and ready for use."
12 channel,ECG-5512B,issue,Printing malfunction.,"Upon inspection, it was found that the printer door locking mechanism was damaged, preventing the door sensor from detecting proper paper placement. The printer door was repaired and secured correctly, restoring sensor functionality. After corrective action and testing, the ECG machine is now operating smoothly and printing normally"
General with Neonatal,AVEA,issue,O₂ calibration failure.,"During inspection, the O₂ sensor was found to be faulty. The O₂ sensor was replaced, and calibration was completed successfully. The ventilator is now fully functional and ready for use."
General Adult/Pediatric,AVEA,Issue,O₂ calibration failure.,"During inspection, the O₂ sensor was found to be faulty. The O₂ sensor was replaced, and calibration was completed successfully. The ventilator is now fully functional and ready for use."
AED,861290,issue,&nbsp;No battery backup.,"During inspection, it was found that the battery was not properly connected. The battery was reconnected correctly, and the unit was tested. The defibrillator is now functioning properly and is ready for use."
12 channel,PB216,No signal displayed on the screen.&nbsp;,No signal displayed on the screen.&nbsp;,"During inspection, it was found that the ECG leads were not properly connected. The leads were connected correctly, and user training was provided on proper lead placement and operation. The ECG machine is now functioning properly and is ready for use."
12 channel,MK-1212A,issue,Printing malfunction.,"Upon inspection, it was found that the thermal head was not kept properly. After corrective action and testing, the ECG machine is now operating smoothly and printing normally."
,Prima 450,ISSUE,O2 regulator producing unwanted sound.,"Upon inspection, it was found that the safety valve was open. The valve knob was adjusted to meet the required threshold. After adjustment, a leak test was performed, and the measured leakage was below 200mL/Min, indicating that the machine is now functioning properly and is ready for use."
,Prima 450,ISSUE,High leakage,"During inspection, it was found that the washer was broken and the bellow was not tightened properly. After temporarily fixing the washer and adjusting the bellow position properly, it passed the leakage test.The machine is now fully functional."
Digital,,ISSUE,Zeroing issue.,"BP cuff from male surgical ward was non-functional. Upon inspection, there was an zeroing issue which was fixed properly."
5 Parameters Bedside,H9,Issue,Patient monitor shifted.,"Patient monitor is successfully installed and configured. Comprehensive testing of all monitoring parameters was carried out, and each unit was verified to be functioning properly. The monitor is now fully operational and ready for clinical use."
5 Parameters Bedside,H9,Issue,Monitor shifted and installed.,"patient monitor was successfully installed and configured. Comprehensive testing of all monitoring parameters was carried out, and each unit was verified to be functioning properly. The monitor is now fully operational and ready for clinical use."
7 Parameters Bedside,H9,Issue,Monitor needs to be shifted and installed.,"All listed Hwatime H9 patient monitors were successfully installed and configured. Comprehensive testing of all monitoring parameters was carried out, and each unit was verified to be functioning properly. The monitors are now fully operational and ready for clinical use."
5 Parameters Bedside,H9,Issue,Monitor was shifted and installed.,"Patient monitors was successfully installed and configured. Comprehensive testing of all monitoring parameters was carried out, and each unit was verified to be functioning properly. The monitor is now fully operational and ready for clinical use."
7 Parameters Bedside,H9,Issue.,Monitors need to be shifted and installed.,"Patient monitor was successfully installed and configured. Comprehensive testing of all monitoring parameters was carried out, and each unit was verified to be functioning properly. The monitor is now fully operational and ready for clinical use."
5 Parameters Bedside,INFINITY VISTA XL,Issue,Monitor was powering off while operating.,"Upon inspection, the power connector was found to be slightly deformed, resulting in an unstable electrical connection. The connector was realigned and secured properly to ensure reliable contact. After corrective action and functional testing, the monitor was confirmed to be operating smoothly and is ready for clinical use."
,,Issue,“Cylinder Empty” error displayed.,"Upon inspection, the CO₂ cylinder was confirmed to be full; however, a gas leak was identified at the CO₂ pipe nozzle connector due to a damaged connector. The faulty nozzle connector was replaced with a new one, eliminating the leakage. After replacement and functional testing, the error was resolved, and the insufflator is now operating smoothly and ready for clinical use."
General,MBC601 UAM,Issue,Bipolar issue.,"Upon inspection, the electrosurgical unit was found to be non-operational.Upon inspection, it was found that the bipolar display was not shown and was frozen. All the connections were reset properly.Continuity and operational tests were performed, confirming proper activation response. After verification, the electrosurgical unit is operating smoothly and ready for clinical use."
General Adult/Pediatric,VG70,Issue.,Touch screen not working.,"The ventilator was inspected and found to have an unresponsive touch screen. Touch screen calibration was performed through the service menu. After calibration, touch response was tested and found to be functioning normally.The ventilator &nbsp;was left in normal operating condition and is now ready for clinical use."
Electric,,Issue.,Table reported to be immovable.&nbsp;,"Upon inspection, it was found that the table wheels were in the locked position, restricting movement. The wheel locking mechanism was manually released, restoring mobility. After verification, the OT table was confirmed to be moving smoothly and functioning normally."
,EN-S7 Smart,ISSUE,The syringe pump was not infusing the set volume accurately.&nbsp;,"Upon inspection, syringe calibration was performed for 5 ml, 10 ml, and 50 ml volumes. After completing calibration and testing, the pump was found to be delivering the set volumes accurately. The machine is now functioning properly and performing within acceptable limits."
,S7,ISSUE,"The syringe pump was unable to hold the stand properly, causing difficulty in placing the device and administering it to patients.","Upon inspection, the stand holder nut thread was found to be damaged. The damaged nut was replaced, and the stand was secured properly. After testing, the functionality was found to be normal, and the machine is now stable and fit for use."
,SYS-50,ISSUE,Syringe install error was observed in the syringe pump.&nbsp;,"Upon inspection, syringe calibration was performed and the linear potentiometer sensors were reset. After completing calibration and functional testing, the error was resolved, and the machine was found to be working properly."
Electric,Sim Move 800,Issue,Headrest lock was broken.,"Upon inspection, the headrest mechanism was found to be stuck due to a damaged locking assembly. The faulty lock was replaced with a new one, and the headrest was properly aligned and secured. After adjustment, the headrest locking function was restored across all positions. The OT table is now fully functional and ready for use."
,NA,Issue,Power Switch issue.,"upon inspection,it was found that the power switch was not working due to disconnect wire. After securely connecting the wire.The machine was operating smoothly."
Digital,,Issue,zeroing issue.,"Upon inspection, there was a zeroing issue which was fixed properly."
7 Parameters Bedside,C80,ISSUE,SPO2 was not showing.,Upon inspection it was found that SPO2 cable was damaged which needed replacement. After replacing the damageed spo2 cable with new one the monitor was then functioning properly.
7 Parameters Bedside,C80,ISSUE,&nbsp;IABP was not showing.,Upon inspection it was found that IABP sensor was damaged which needed replacement. After replacing the damageed IABP sensor and cable with new one the monitor was then functioning properly.
General Adult/Pediatric,VG70,ISSUE,O₂ calibration failure.,"During inspection, the O₂ sensor was found to be faulty. The O₂ sensor was replaced."
5 Parameters Bedside,H9,Issue,&nbsp;NIBP measurement issue.,"Upon inspection, it was found that the NIBP cuff was improperly positioned/connected, leading to inaccurate or failed NIBP readings. The cuff was repositioned and secured correctly. After correction and functional testing, the NIBP function was restored, and both patient monitors were confirmed to be operating smoothly and ready for clinical use."
5 Parameters Bedside,H9,Issue,NIBP measurement issue.,"Upon inspection, it was found that the NIBP cuff was improperly positioned/connected, leading to inaccurate or failed NIBP readings. The cuff was repositioned and secured correctly. After correction and functional testing, the NIBP function was restored, and both patient monitors were confirmed to be operating smoothly and ready for clinical use."
,Fabius GS premium,Issue,Leak test failed,"During inspection, a leak was identified in the patient breathing circuit. The faulty patient circuit was removed and replaced with a new one. After replacement, all system tests, including the leak test, were performed again and found to be within normal limits.Additionally, the ampule bag stand thread was found to be ruptured. The damaged thread was properly sealed and secured.Result:After completing the above corrective actions, the ventilator was tested and confirmed to be functioning normally without any leaks."
General,400HP,Issue,The foot paddle of bipolar was not working.,The foot paddle connection was not properly connected. After reconnecting the foot paddle and bipolar / monopolar pencil the machine is now operating smoothly.
Ultrasonic/Harmonic with Pressure,400HP,Issue,The machine was not functioning properly.,"&nbsp;Upon inspection, the machine was continuously beeping when monopolar pencil was pressed once.The accessories, including the foot switch and pencil, were removed and the machine was restarted.The machine is now operating smoothly."
Ultrasonic/Harmonic with Pressure,Force Triad,ISSUE,Device reported to be non-functional; REM error displayed.,"Upon inspection, the REM (Return Electrode Monitoring) error was identified and traced to an improperly connected patient plate. The patient plate was correctly positioned and securely connected, resolving the error. After performing functional testing, the cautery unit was confirmed to be operating normally and ready for clinical use."
Ceiling Mount,,issue,&nbsp;Light reported to be non-functional / unstable positioning.,"Upon inspection, it was found that the mounting/positioning screw was loose, preventing the OT light from remaining fixed in the desired position. The screw was tightened and secured properly. After adjustment, the OT light was stable and functioning normally."
5 Parameters Bedside,Truescope Ultra Q5,Issue,Was inspected on incharge request.,No issue. Working .
General Adult/Pediatric,Avea,issue,DC output voltage battery.,"Upon inspection, the battery DC output voltage was checked and found to be within the normal range. The battery was then reset/reseated properly.After resetting, the monitor powered on and was tested. The unit is now functioning normally."
General,MBC601 UAM,System not functioning properly.,System not functioning properly.,"Upon inspection, the electrosurgical unit was found to be non-operational.Upon inspection, it was found that the bipolar display was not shown and was frozen. All the connections were reset properly.Continuity and operational tests were performed, confirming proper activation response. After verification, the electrosurgical unit is operating smoothly and ready for clinical use."
Manual,NA,Issue,zeroing issue.,"BP cuff from female surgical ward was non-functional.Upon inspection, there was an zeroing issue which was fixed properly."
5 Parameters Bedside,C80,issue,ECG waveform was distorted showing unclear signals.,"Upon inspection, it was found that the ECG cable was tangled and not properly positioned. The cable was untangled, checked, and reconnected correctly. After adjusting the ECG cable, the monitor was tested and found to be functioning properly with a clear ECG display."
,Lumis150,Issue,Reported inadequate delivery of IPAP and EPAP pressures.,"As reported, the BiPAP machine was suspected to be delivering insufficient IPAP and EPAP pressures. The unit was evaluated using a VT analyzer and subjected to comprehensive performance testing. Pressure delivery was found to be within specified and required ranges. After verification, the machine was confirmed to be functioning correctly and is ready for clinical use."
,Lumis150,Issue,Alarm notification reported during operation.,"The BiPAP machine was evaluated following reports of unexpected alarm notifications. A comprehensive functional and performance test was performed, during which no abnormal alarms were observed. All operating parameters were found to be within normal limits. The machine was verified to be functioning properly and is ready for continued clinical use."
Digital,BPM-106,issue,zeroing issue.,"BP cuff from ENT ward was non-functional.Upon inspection, there was an zeroing issue which was fixed properly."
,EN-S7 SMART,issue,Syringe calibration issue.,"Upon inspection, syringe calibration was performed for 5 ml, 10 ml, and 50 ml volumes. After completing calibration and testing, the pump was found to be delivering the set volumes accurately. The machine is now functioning properly and performing within acceptable limits."
General Adult/Pediatric,Avea,Issue,&nbsp;O₂ calibration failure,"The ventilator was inspected following a reported O₂ calibration failure. During troubleshooting, the oxygen (O₂) sensor was tested and found to be faulty and out of specification. The defective O₂ sensor was replaced with a new, compatible sensor. After replacement, O₂ calibration was performed successfully. The ventilator was then fully tested and confirmed to be operating normally with accurate oxygen concentration readings."
,i7,issue,Display issue.,"Upon incharge request, it was inspected and found that the display was not working and the further inspection confirmed that the ribbon cable was damaged which cannot be repaired."
,S7,Issue,Not powering on,"Upon inspection, it was found that the machine was not powering on and further inspection confirmed that the power board was damaged that cannot be repaired."
,TE-LM730N02,Issue,Reported to be non-functional by incharge.,"Upon inspection, it was found that there was no AC indication and the further inspection confirmed that the power board was damaged, which cannot be repaired,&nbsp;"
,MS31,Issue,Display stuck.,"Upon inspection, it was found that the display was stuck, software issue."
,MS31,iSSUE,Physical damage.,"Upon inspection, it was found that the plunger was damaged which cannot be repaired."
,MS31,Issue,Reported to be non-functional.,"Upon inspection, it was found that the display handle was broken and battery needs to be replaced."
5 Parameters Bedside,Truescope Ultra Q5,Issue,Was inspected on incharge request.,No issue.
5 Parameters Bedside,Truescope Ultra Q5,issue,Was inspected on incharge.,No issue.
,Piston Compressor,Issue,Power cord damaged.,Repaired.
,NA,issue,Was inspected on incharge request.,working
General Adult/Pediatric,AVEA,issue,Ventilator was not functioning due to circuit occlusion.,"Upon inspection, a circuit occlusion was identified as the cause of the malfunction. The issue was resolved by thoroughly cleaning the expiratory valve filter. After cleaning, comprehensive testing was performed to verify proper functionality. The ventilator is now operating smoothly."
,MS 31,Issue,Reported to be non-functional.,Battery needs to be replaced.
,MS31,ISSUE,Reported to be non-functional.,"Upon inspection, display screen was stuck, one keypad was missing and also battery needs to be replaced."
,MS31,issue,Reported to be non-functional.,"Upon inspection, it was found that the display screen was damaged completely. Also, the battery voltage was very low which needs replacement."
,TE-LM730,Issue,Air inline error.,"Upon inspection, it was found that the sensor ribbon cable was damaged which cannot be repaired."
5 Parameters Bedside,C80,ISSUE,Reported to be non-functional.,Software issue.
7 Parameters Bedside,C50,ISSUE,The patient monitor was reported to not functioning properly.,"Upon inspection, all external cables and internal wire connections were checked. Loose connections were identified and properly reconnected. The monitor was then restarted. After restarting, the patient monitor powered on and functioned normally. All parameters were observed to be working properly."
General Adult/Pediatric,AVEA,Issue,Leak test failure.,"During inspection, the expiratory valve and flow sensor were found to be contaminated. Both components were thoroughly cleaned and reinstalled properly. After cleaning and reassembly, the ventilator was tested and the leak test passed successfully. The machine was restored to normal operating condition."
General Adult/Pediatric,crius V6,issue,Leak test failed.,"Upon inspection, the leakage test was failed. It was an operational issue, after performing the comprehensive test correctly, the machine was functioning properly.&nbsp;Also, the operational training was given to the staffs."
General Adult/Pediatric,VG70,ISSUE,Leak test failed.,"The ventilator was inspected thoroughly. During inspection, the leak test initially failed due to improper connection of the patient circuit. The circuit was reconnected correctly, resolving the operational issue. An artificial lung (test lung) was then connected, and the oxygen (O₂) sensor check and leak test were performed again and passed successfully. The ventilator was fully tested and confirmed to be functioning properly."
,S7,Issue,The equipment was reported for inspection to verify whether the syringe pumps and infusion pumps were in working or non-working condition.,"During the inspection, power supply, display function, alarm system, and basic operational performance were checked. The machine is inworking condition."
,s7,issue,The equipment was reported for inspection to verify whether the syringe pumps and infusion pumps were in working or non-working condition.&nbsp;,"During the inspection, power supply, display function, alarm system, and basic operational performance were checked.The machine is in working condition."
,TE-LM730,Issue,The equipment was reported for inspection to verify whether the syringe pumps and infusion pumps were in working or non-working condition.,"During the inspection, power supply, display function, alarm system, and basic operational performance were checked. The machine is in working condition."
,i7,Issue,The equipment was reported for inspection to verify whether the syringe pumps and infusion pumps were in working or non-working condition.,"During the inspection, power supply, display function, alarm system, and basic operational performance were checked. The machine is working properly."
,Prima 450,Issue,Device reported to be non-functional.,"Upon inspection, it was identified that the oxygen flowmeter encoder was loose and not functioning correctly. The encoder was securely tightened and properly aligned. After this adjustment, the anesthesia machine was tested and confirmed to be operating smoothly and within normal parameters."
,Prima 450,ISSUE,Device reported to have non-functional flowmeter.,"Upon inspection, it was identified that the oxygen flowmeter encoder was loose and not functioning correctly. The encoder was securely tightened and properly aligned. After this adjustment, the anesthesia machine was tested and confirmed to be operating smoothly and within normal parameters."
5 Parameters Bedside,Truescope Ultra Q5,Issue,Was inspected on incharge request.,No issue.
Electric,SCHAERERARCUS 501,ISSUE,Headrest was fallen.,"Upon inspection, it was found that the headrest had become detached during the procedure due to improper locking. The headrest was correctly reinstalled and securely locked. Additionally, operational training was provided to the medical staff on the proper locking mechanism and handling of the headrest. After verification, the OT table was confirmed to be functioning properly and safe for clinical use."
12 channel,PB216,Issue,Printing malfunction (continuous printing with extra pages).,"The device was reported to be printing continuously with additional pages. Upon inspection, it was found that an incorrect print layout format had been selected. The print format was corrected to 3×4 + 1R. After reconfiguring the settings, printing returned to the normal and standard format. The machine was tested and confirmed to be operating smoothly."
Dental,RAY98(P),Issue,The exposure switch was not functional.,"The portable X-ray unit was reported to be non-operational. Upon inspection, the exposure switch was found to be non-responsive. Further evaluation confirmed that the exposure switch was faulty. The defective switch was replaced with a new one. After replacement and functional testing, the unit was confirmed to be operating smoothly and is ready for use."
,Benefusion VP3,Issue,The infusion pump was reported to be malfunctioning.,"Upon inspection, it was found that the pump body/motor assembly was misaligned, which affected the peristaltic mechanism and resulted in unintended continuous bolus delivery. The motor assembly was repositioned correctly and secured firmly. After correction and functional testing, normal peristaltic movement was restored, and the infusion pump is now operating smoothly."
General with Neonatal,NKV550,Issue,&nbsp;It was reported to have an air supply loss error.,"Upon inspection, the compressor was not powered on by the staff. The staff was then given operational training on this matter. After turning on the compressor, the error has been rectified"
General Adult/Pediatric,VG70,Issue,Low FiO2,"Upon inspection, it was found that the flow sensor membrane was dirty and required cleaning. After cleaning the flow sensor, the calibration was successfully completed, and the ventilator passed the pre-use test, confirming it is now functioning properly."
General Adult/Pediatric,AVEA,Issue,O₂ calibration failure.,"The ventilator was inspected following a reported O₂ calibration failure. During troubleshooting, the oxygen (O₂) sensor was tested and found to be faulty and out of specification. The defective O₂ sensor was replaced with a new, compatible sensor. After replacement, O₂ calibration was performed successfully. The ventilator was then fully tested and confirmed to be operating normally with accurate oxygen concentration readings."
Electric,Sim Move 800,Issue,Table was non-functional and unresponsive.,"Upon thorough inspection, it was found that the battery had been overcharged, causing the system to become completely unresponsive. The table was not operating via the remote control or the onboard display panel due to an unstable battery. The battery was properly discharged and then recharged on AC. After these actions, the OT table was tested and is now fully operational, functioning smoothly without any further issues.Note: To resolve this issue permanently the batteries needs to be replaced."
General Adult/Pediatric,AVEA,Issue,O₂ calibration failure,"The ventilator was inspected following a reported O₂ calibration failure. During troubleshooting, the oxygen (O₂) sensor was tested and found to be faulty and out of specification. The defective O₂ sensor was replaced with a new, compatible sensor. After replacement, O₂ calibration was performed successfully. The ventilator was then fully tested and confirmed to be operating normally with accurate oxygen concentration readings."
5 Parameters Bedside,,Issue,Was inspected on department incharge request.,"Upon, inspection it was found that the display ribbon cable was damaged which cannot be replaced. Out of Order."
5 Parameters Bedside,REF: 863068,ISSUE,Was inspected on department incharge request.,"Upon inspection, it was found that the display has backlight issue whuch cannot be repaired."
5 Parameters Bedside,SureSigns VM8,issue,Was inspected on department's incharge.,Power Supply Issue. Out of Order
5 Parameters Bedside,SureSigns VM8,ISSUE,Was inspected on request from department's incharge.,Display ribbon cable was damaged which cannot be repaired.
5 Parameters Bedside,Truescope Ultra Q5,Issue,Was inspected on incharge request.,"No issue, the monitor was working."
,CNB69008,ISSUE,Was inspected on incharge request.,"No issue, working."
,DS 24,issue,Was inspected on incharge request.,Broken nozzle.
5 Parameters Bedside,Truescope Ultra Q5,Issue,Was inspected on incharge request.,No issue. Machine is working properly.
,NA,issue,Was inspected on incharge request.,"No oxygen connector , no power circuit."
,DS 24,issue,Was inspected on incharge request.,No nozzle.
,NA,issue,Was inspected on incharge request.,no issue found on inspection.
5 Parameters Bedside,Truescope Ultra Q5,Issue,Was inspected on incharge request.,No issues.&nbsp;
5 Parameters Bedside,H9,issue,Was inspected on incharge request.,Main board issue.
5 Parameters Bedside,H9,Issue,Was inspected on incharge request.,No issue.
5 Parameters Bedside,H9,issue,Was inspected on incharge request.,Software issue.
7 Parameters Bedside,H9,issue,Was inspected on incharge request.,working
5 Parameters Bedside,H9,issue,Was inspected on incharge request.,working.
,N/A,issue,Was inspected on incharge request.,Switch was replaced. Machine is now functioning well.
,N/A,Issue,Was inspected on incharge request.,No filter and nozzle.
,KL-602,issue,Was inspected on incharge request.,plunger break
,Benefusion VP3,issue,Was inspected on incharge request.,working.
,,issue,Was inspected on incharge request.,system error.
,Benefusion VP3,Issue,Was inspected on incharge request.,"Was displaying occlusion error. Upon inspection, the sensor was damaged."
5 Parameters Bedside,H9,Issue,Was inspected on incharge request.,Display was not working.
7 Parameters Bedside,C50,ISSUE,The monitor's parameters were inspected.,"The monitor was analyzed using fluke patient monitor analyzer. Its parameter like ECG, NIBP, RR and SPO2 were analyzed. NIBP shows ± 5 error while other parameters are accurate."
7 Parameters Bedside,H9,Issue,The monitor's parameters were inspected.,"The monitor was analyzed using fluke patient monitor analyzer. Its parameter like ECG, NIBP, RR and SPO2 were analyzed. NIBP shows ± 5 error while other parameters are accurate."
7 Parameters Bedside,C50,issue,The monitor's parameters were inspected.,"The monitor was analyzed using fluke patient monitor analyzer. Its parameter like ECG, NIBP, RR and SPO2 were analyzed. NIBP shows ± 5 error while other parameters are accurate."
7 Parameters Bedside,H9,issue,The monitor's parameters were inspected.,"The monitor was analyzed using fluke patient monitor analyzer. Its parameter like ECG, NIBP, RR and SPO2 were analyzed. NIBP shows ± 5 error while other parameters are accurate."
5 Parameters Bedside,H9,issue,The monitor's parameters were inspected.,"The monitor was analyzed using fluke patient monitor analyzer. Its parameter like ECG, NIBP, RR and SPO2 were analyzed. NIBP shows ± 5 error while other parameters are accurate."
5 Parameters Bedside,H9,issue,The monitor's parameters were inspected.,"The monitor was analyzed using fluke patient monitor analyzer. Its parameter like ECG, NIBP, RR and SPO2 were analyzed. NIBP shows ± 7 error while other parameters are accurate."
7 Parameters Bedside,H9,issue,The monitor's parameters were inspected.,"The monitor was analyzed using fluke patient monitor analyzer. Its parameter like ECG, NIBP, RR and SPO2 were analyzed. NIBP shows ± 7 error while other parameters are accurate."
5 Parameters Bedside,C50,issue,The monitor's parameters were inspected.,"The monitor was analyzed using fluke patient monitor analyzer. Its parameter like ECG, NIBP, RR and SPO2 were analyzed. All the &nbsp;parameters are accurate."
5 Parameters Bedside,C80,issue,The monitor's parameters were inspected.,"The monitor was analyzed using fluke patient monitor analyzer. Its parameter like ECG, NIBP, RR and SPO2 were analyzed. All the parameters are accurate."
General Adult/Pediatric,Hamilton C1,ISSUE,O2 sensors and batteries issues.,"Upon inspection, it was found that there are no any technical issues but needed O2 sensors and batteries to make it fully functional."
Transport,Hamilton C1,ISSUE,O2 sensors and batteries issues.,"Upon inspection, it was found that there are no any technical issues but needed O2 sensors and batteries to make it fully functional."
Transport,Hamilton T1,ISSUE,O2 sensors and batteries issue.,"Upon inspection, it was found that there are no any technical issues but needed O2 sensors and batteries to make it fully functional."
Transport,Hamilton T1,Issue,O2 sensors and batteries issues.,"Upon inspection, it was found that there are no any technical issues but needed O2 sensors and batteries to make it fully functional."
Transport,Hamilton T1,Issue,O2 sensors and batteries issue.,"Upon inspection, it was found that there are no any technical issues but needed O2 sensors and batteries to make it fully functional."
Transport,Hamilton T1,Issue,O2 sensors and batteries issue.,"Upon inspection, it was found that there are no any technical issues but needed O2 sensors and batteries to make it fully functional."
Transport,Hamilton T1,issue,O2 sensors and batteries issue.,"Upon inspection, it was found that there are no any technical issues but needed O2 sensors and batteries to make it fully functional."
Transport,Hamilton T1,Issue,O2 sensors and batteries issue.,"Upon inspection, it was found that there are no any technical issues but needed O2 sensors and batteries to make it fully functional."
Transport,Hamilton T1,Issue,O2 sensors and batteries issue.,"Upon inspection, it was found that there are no any technical issues but needed O2 sensors and batteries to make it fully functional."
General Adult/Pediatric,Hamilton C1,Issue,O2 sensors and batteries issues.,"Upon inspection, it was found that there are no any technical issues but needed O2 sensors and batteries to make it fully functional."
General Adult/Pediatric,N/A,Issue,O2 sensors and batteries issues.,"Upon inspection, it was found that there are no any technical issues but needed O2 sensors and batteries to make it fully functional."
General Adult/Pediatric,AVEA,Issue,O2 sensor and battery issue.,"Upon inspection, it was found that there is no technical issue but to make the ventilators fully functional O2 sensors and batteries are needed."
General Adult/Pediatric,AVEA,Issue,O2 sensor and battery issue.,"Upon inspection, it was found that there is no technical issue but to make the ventilators fully functional O2 sensors and batteries are needed."
General with Neonatal,AVEA,Issue,O2 sensor and battery issue.,"Upon inspection, it was found that there is no technical issue but to make the ventilators fully functional O2 sensors and batteries are needed.&nbsp;"
General with Neonatal,AVEA,Issue,O2 sensor and battery issue.,"Upon inspection, it was found that there is no technical issue but to make the ventilators fully functional O2 sensors and batteries are needed.&nbsp;"
General with Neonatal,AVEA,Issue,O2 sensor and battery issue.,"Upon inspection, it was found that there is no technical issue but to make the ventilators fully functional O2 sensors and batteries are needed."
General Adult/Pediatric,AVEA,Issue,O2 sensor and battery issue.,"Upon inspection, it was found that there is no technical issue but to make the ventilators fully functional O2 sensors and batteries are needed."
General with Neonatal,AVEA,Issue,O2 sensor and battery issue.,"Upon inspection, it was found that there is no technical issue but to make the ventilators fully functional O2 sensors and batteries are needed.&nbsp;"
General with Neonatal,NKV550,Issue,O2 sensor and flow sensor issue.,"Upon inspection, it was found that the O2 sensor is expired which needs to be replaced. Also, flow sensor is needed."
General with Neonatal,NKV550,Issue,Reported to cross check the machine .,"Upon inspection, all the comprehensive tests of machine were performed and found to be working smoothly."
General with Neonatal,NKV550,Issue,Reported to be crosschecked whether machine is fully functional or not.,"Upon inspection, all comprehensive tests were found to be pass and working smoothly."
General Adult/Pediatric,VG70,Issue,O2 sensor calibration failed.,"Upon inspection, O2 sensor was expired which needs to be replaced."
General Adult/Pediatric,VG70,Issue,O2 sensor calibration failed.,"Upon inspection, O2 sensor was expired which needs to be replaced."
General Adult/Pediatric,VG70,Issue,O2 sensor calibration failed.,"Upon inspection, O2 sensor was expired which needs to be replaced."
General Adult/Pediatric,VG70,Issue,O2 sensor calibration failed.,"Upon inspection, O2 sensor was expired which needs to be replaced."
General Adult/Pediatric,N/A,issue,O2 sensor calibration failed.,"Upon inspection, O2 sensor was expired which needs to be replaced."
General Adult/Pediatric,VG70,Issue,O2 sensor calibration failed.,"Upon inspection, O2 sensor was expired which needs to be replaced."
General Adult/Pediatric,VG70,Issue,O2 sensor calibration failed.,"Upon inspection, O2 sensor was expired which needs to be replaced."
General Adult/Pediatric,VG70,Issue,O2 sensor calibration failed.Display and inspiratory port issue .,"Upon inspection, O2 sensor was expired which needs to be replaced. Also, it was found that the inspiratory valve was damaged which needs replacement."
General Adult/Pediatric,VG70,Issue,O2 sensor calibration failed. Display and inspiratory port issue.,"Upon inspection, O2 sensor was expired which needs to be replaced. Also, it was found that the inspiratory valve was damaged which needs replacement."
General Adult/Pediatric,VG70,Issue,O2 sensor calibration failed.,"Upon inspection, O2 sensor was expired which needs to be replaced. Also, it was found that the inspiratory valve was damaged which needs replacement."
General Adult/Pediatric,VG70,Issue,O2 sensor calibration failed.,"Upon inspection, O2 sensor was expired which needs to be replaced. Also, it was found that the inspiratory valve was damaged which needs replacement."
General with Neonatal,AVEA,Issue,Battery issue and O2 sensor calibration failed.,"Upon inspection, it was found that the O2 sensor was expired and there was no backup battery power which needs replacement to make the ventilator fully functional."
General Adult/Pediatric,AVEA,Issue,Battery issue and O2 sensor calibration failed.,"Upon inspection, it was found that the O2 sensor was expired and there was no backup battery power which needs replacement to make the ventilator fully functional."
General Adult/Pediatric,AVEA,Issue,Reported to verify the functionality of the machine.,"After performing comprehensive tests, it was confirmed that the machine is working smoothly."
General Adult/Pediatric,AVEA,Issue,Reported to verify the functionality of the machine.,"After performing the comprehensive tests, it was confirmed that the machine is working smoothly."
General with Neonatal,AVEA,Issue,Reported to verify the functionality of the machine.,"After performing comprehensives tests, the machine was working smoothly."
Biphasic,TEC-7621K,Issue,Paddle wire damaged.,"During the inspection, it was identified that the paddle cable is damaged. To ensure safe and reliable defibrillator operation, replacement of the paddle cable is required. Continuing to use the device without replacing this component may result in functional failure or safety risks."
Biphasic,S8,Issue,Battery issue,"During the inspection, it was observed that the machine does not contain an internal backup battery. To ensure proper functionality and uninterrupted operation of the system, installation of the required battery is necessary."
General Adult/Pediatric,Savina,Issue,Issue on both Internal and External Batteries.&nbsp;,"Inspection and testing revealed that the battery voltage has fallen below the acceptable threshold, resulting in operational instability and unreliable backup performance. The batteries should be reconditioned and fully charged to restore proper voltage levels and stable functionality. If reconditioning is unsuccessful, replacement of the batteries with the specified serial numbers will be required."
,EN-V7 SMART,Issue,No battery backup,Battery was completely depleted and need replacement
General Adult/Pediatric,N/A,Issue,&nbsp;Issue on both Internal and External Batteries.&nbsp;,"Inspection and testing revealed that the battery voltage has fallen below the acceptable threshold, resulting in operational instability and unreliable backup performance. The batteries should be reconditioned and fully charged to restore proper voltage levels and stable functionality. If reconditioning is unsuccessful, replacement of the batteries with the specified serial numbers will be required."
General Adult/Pediatric,N/A,Issue,&nbsp;Issue on both Internal and External Batteries.&nbsp;,"Inspection and testing revealed that the battery voltage has fallen below the acceptable threshold, resulting in operational instability and unreliable backup performance. The batteries should be reconditioned and fully charged to restore proper voltage levels and stable functionality. If reconditioning is unsuccessful, replacement of the batteries with the specified serial numbers will be required."
General Adult/Pediatric,N/A,Issue,&nbsp;Issue on both Internal and External Batteries.&nbsp;,"Inspection and testing revealed that the battery voltage has fallen below the acceptable threshold, resulting in operational instability and unreliable backup performance. The batteries should be reconditioned and fully charged to restore proper voltage levels and stable functionality. If reconditioning is unsuccessful, replacement of the batteries with the specified serial numbers will be required."
General Adult/Pediatric,VG70,Issue,Expired Oxygen Sensor.,"Upon inspection, it was found that the ventilator was functioning properly but the oxygen sensor was expired which needs replacement."
General Adult/Pediatric,16532-10,Issue,Damaged Expiratory Port.,"During inspection, it was observed that the expiratory port of the ventilator is damaged, and the touchscreen is not responding properly. To restore full functionality, the expiratory port, internal battery and oxygen sensor must be replaced."
General Adult/Pediatric,AVEA,Issue,Power Board Issue,"During inspection, it was observed that the power board spikes were damaged due to high voltage fluctuations. The power board of the ventilator with the serial number listed above can be repaired and made operational without the spike component; however, in such a condition, the ventilators will remain unprotected against future voltage fluctuations. Since the required spike components are currently unavailable in the market, a permanent protection solution cannot be implemented at this stage. The ventilators can still be used if required or kept as replacements, but with the noted limitation regarding voltage protection. In addition, the internal battery requires replacement, and new oxygen sensors are also needed to ensure proper operation."
General Adult/Pediatric,Avea,Issue,Power Board Issue,"During inspection, it was observed that the power board spike was damaged due to high voltage fluctuations. The power boards of the ventilator with the serial number listed above can be repaired and made operational without the spike component; however, in such a condition, the ventilators will remain unprotected against future voltage fluctuations. Since the required spike components are currently unavailable in the market, a permanent protection solution cannot be implemented at this stage. The ventilator can still be used if required or kept as replacements, but with the noted limitation regarding voltage protection. In addition, the internal battery requires replacement, and new oxygen sensors are also needed to ensure proper operation."
General Adult/Pediatric,Hamilton C1,Issue,Oxygen sensor failure and internal battery issue.,"Upon inspection, the machine was operating but internal battery and oxygen sensor needs to be replaced."
General Adult/Pediatric,Hamilton C1,Issue,Power Board Missing&nbsp;,"Upon inspection, it was found that the power board is missing. To restore functionality, an external 6A power supply has been planned for use with this ventilator. In addition, the internal battery requires replacement, and new oxygen sensors are also needed to ensure proper operation.&nbsp;"
General Adult/Pediatric,Hamilton C1,Issue,Power Board Issue&nbsp;,"Upon inspection, it was found that the power board components were damaged. To restore functionality, an external 6A power supply has been planned for use with this ventilator. In addition, the internal battery requires replacement, and new oxygen sensors are also needed to ensure proper operation."
General Adult/Pediatric,Hamilton C1,Issue,Power Board Issue,"During inspection, it was observed that the power board spike was damaged due to high voltage fluctuations. The power board of the &nbsp;ventilator with the serial numbers listed above can be repaired and made operational without the spike component; however, in such a condition, the ventilator will remain unprotected against future voltage fluctuations. Since the required spike components are currently unavailable in the market, a permanent protection solution cannot be implemented at this stage. The ventilator can still be used if required or kept as replacements, but with the noted limitation regarding voltage protection. In addition, the internal battery requires replacement, and new oxygen sensors are also needed to ensure proper operation."
5 Parameters Bedside,IT 12,Issue,Monitor was in nonfunctional state since COVID. Monitor was unable to power on.,Upon inspection found that the power board had issue. Further inspection found that the capacitor within the power board was faulty. 1000 micro farad Capacitor was replaced and tested the monitor. Monitor was powered on successfully.
General Adult/Pediatric,Hamilton C1,issue,Power Board Issue,"During inspection, it was observed that the power board spikes were damaged due to high voltage fluctuations. The power boards of the &nbsp;ventilator with the serial number listed above can be repaired and made operational without the spike component; however, in such a condition, the ventilator will remain unprotected against future voltage fluctuations. Since the required spike components are currently unavailable in the market, a permanent protection solution cannot be implemented at this stage. The ventilator can still be used if required or kept as replacements, but with the noted limitation regarding voltage protection. In addition, the internal battery requires replacement, and new oxygen sensors are also needed to ensure proper operation."
General Adult/Pediatric,Hamilton C1,ISSUE,Power Board Issue,"During inspection, it was observed that the power board spikes were damaged due to high voltage fluctuations. The power board of the ventilator with the serial number listed above can be repaired and made operational without the spike component; however, in such a condition, the ventilator will remain unprotected against future voltage fluctuations. Since the required spike components are currently unavailable in the market, a permanent protection solution cannot be implemented at this stage. The ventilator can still be used if required or kept as replacements, but with the noted limitation regarding voltage protection. In addition, the internal battery requires replacement, and new oxygen sensors are also needed to ensure proper operation."
Portable,APOGEE5300,ISSUE,"Display touchscreen not working. Also, both curvilinear and linear probe is damaged.","Upon inspection, the machine was found to be in a critical condition, heavily contaminated with dust and debris. A thorough internal and external cleaning was performed. Subsequent functional testing revealed that the touchscreen display was non-responsive. The display board/panel was inspected and cross-verified, confirming that the display panel is faulty and requires replacement. Additionally, both probes were found to be damaged and require replacement."
Portable,APOGEE5300,ISSUE,Curvilinear probe is damaged.,"Upon inspection, it's surface was cracked which causes the gel to enter inside the piezoelectric crystal. Due to this piezoelectric crystal was damaged which cannot be repaired so probe needs replacement."
General Adult/Pediatric,R50,ISSUE,Medical staffs finds it difficult to use.,"According to the department in-charge, these ventilators are currently not being used because doctors and other medical staff find them difficult to operate. However, the machines have been inspected and are in fully functional condition."
General Adult/Pediatric,R50,ISSUE,Medical staffs finds it difficult to use.,"According to the department in-charge, these ventilators are currently not being used because doctors and other medical staff find them difficult to operate. However, the machines have been inspected and are in fully functional condition."
,,issue,No rotation of scalar as well as no air and water in the system.,Found no compressed air to the system. Turn on the broken valve switch and passed air to the system.
,MBK OC NO 0886/12,Issue,"User complaint of no up, down movement of the chair.",Inspected and found no issues.
,,Issue,No water flow &nbsp;in the handpieces as well as basin.,"Inspected and found very low pressure in the water bottle. Found booster was turned off, turned on the booster."
,,Issue,Micromotor rotation speed low.,Inspected and found the carbon brush degraded. There is minimal and intermittent contact with the rotor causing reduction in speed.
General Adult/Pediatric,R50,ISSUE,Medical staffs finds it difficult to use.,"According to the department in-charge, these ventilators are currently not being used because doctors and other medical staff find them difficult to operate. However, the machines have been inspected and are in fully functional condition."
,Endoplus 811,Issue,"Shock wave generator was unable to generate &nbsp;wave continously, &nbsp;and Fan was functional only in one position.","The issue shock wave generator was addressed and resolve the problem. Likewise, Fan connection was reset and made completly functional."
5 Parameters Bedside,IT 12,Issue,Montior was in non fucntional state since COVID. Monitor was unable to power on.,Upon inspection found that the power board had issue. Further inspection found that the capacitor within the power board was faulty. 1000 micro farad Capacitor was replaced and tested the monitor. Monitor was powered on successfully.
5 Parameters Bedside,iT12,Issue,Montior was in non fucntional state since COVID. Monitor was unable to power on.,Upon inspection found that the power board had issue. Futhter inspection found that the capacitor within the power board was faulty. 1000 micro farad Capacitor was replaced and tested the monitor. Monitor was powered on successfully.
5 Parameters Bedside,H9,Issue,The device needs pre operational test,Inspected and found out the device needs few accessories
5 Parameters Bedside,IT 12,Issue,Monitor was in nonfunctional state since COVID. Monitor was unable to power on.,Upon inspection found that the power board had issue. Further inspection found that the capacitor within the power board was faulty. 1000 micro farad Capacitor was replaced and tested the monitor. Monitor was powered on successfully.
5 Parameters Bedside,iT12,Issue,Monitor was in non-functional state since COVID. Monitor was unable to power on.,Upon inspection found that the power board had issue. Further inspection found that the capacitor within the power board was faulty. 1000 micro farad Capacitor was replaced and tested the monitor. Monitor was powered on successfully.
5 Parameters Bedside,IT 12,Issue,Monitor was in non-functional state since COVID. Monitor was unable to power on.,Upon inspection found that the power board had issue. Further inspection found that the capacitor within the power board was faulty. 1000 micro farad Capacitor was replaced and tested the monitor. Monitor was powered on successfully.
General Adult/Pediatric,N/A,Issue,Showing Communication Error.,Ventilator display board connection was reconnected and made the mitigate the error. Pre op test was performed and made then machine fully functional.
7 Parameters Bedside,iMEC10,Issue,Reported no ECG waveform was detected,"While assesing the monitor, Initally Monitor wasn't showing ECG waveform. Monitor was showing error:ECG lead off So we connected the ECG probe. Monitor started to show the ECG waveform."
Pre-vacuum,20HA/E,Issue,Autoclave was non fuctional. Reported Machine displayed cycle end in 15 min without completion of Full cycle.,"Upon inspection we found that water motor was not pumping water so the valve was cleaned. Autoclave was restarted and observed the cycle. Chamber temperature was unable to meet,so performed drain valve was checked and tightened the valve. Afterward,chamber temperature rised to desired valve. Autoclave is made functional.&nbsp;"
General Adult/Pediatric,AVEA,Issue,Requested for pre operational test.,Ventilator preoperational test was performed and kept in standby position.
General Adult/Pediatric,AVEA,Issue,Unable to Calibrate leakage test and other test,"Ventilator was inspected and found that the filter was loose, so the filter position was realigned in correct position. And preop test was performed. Ventilator was calibrated successfully."
,Cios Select,Issue,Unable to load the software every single time. &nbsp;Error message:XCS communication Error. Radiation is not possible due to system problems.,Clean the workstation pc and it's ram and performed its test multiple times and software runs perfectly for few times. But failes to load the system after few exposure and automatically shuts down showing Error message.&nbsp;
General Adult/Pediatric,VG70,Issue,AC signal failed,Ventilator was assessed and the issue with AC signal failed was resolved after display board was reconnected. O2 senor voltage was low. Calibration failed.
General Adult/Pediatric,N/A,issue,O2 sensor failed.,Upon inspection found that Ventilator leak test successfully but O2 sensor failed.
General Adult/Pediatric,VG70,Issue,No AC signal was detected by ventilator (2081-02-16),"Machine was inspected,the display board connection was reset. Leak test was performed,Battery was tested but O2 senor calibration failed."
General,GN300,Issue,Electro Surgical Unit was unresponsive to cut foot switch.,Machine was assessed and checked the relay triggering the cut mode and found to be in good &nbsp;condition.The Foot switch were also checked and found to be good showing contunity. The machine other parts were also crossed checked. All the system were reset and conncetion were reset. And made the machine functional.
,775,Issue,&nbsp;Machine was encountering frequent error FC:001:002 and showing alarm of High temperature.,"Machine was inspected and analized the error code was due to the faulty temperature senor. The senor to the patient side hose was cleaned. Similarly the connection of temperature sensor to the main board was reset. The issue with error &nbsp;was resolved. &nbsp;Further Machines functionality was tested in all temperature mode (32,38,43) degree."
Cabinet Heating,FWC390,Issue,Reported Machine malfunction.,While assessing the Machine the Equilibrium Fan motor capacitor was blown out due to faulty motor.Further the faulty motor was detached from the position and rewired the connection of coiling. Damaged Capacitor (3 micro farad) was replaced and lubricated the motor. After readjustment of Motor Fluid Warmer is now fully functional.
General,R8C PLUS,issue,Reported the centrifuge machine couldn't power on.,"Firstly, the switch were checked, all the board connections were reset, the display was flickering continuously, the issue identified and resolved.Further the &nbsp;machine exhibit imbalance error. So the error was removed after motor and Limit switch was repositioned and &nbsp;centrifuge was checked in all RPM. Machine is now fully functional."
General,,Issue,Reported ESU was unresponsive to power button.,The connection to the ESU was secured and powered on. Operational issue.Different modes of ESU was tested and concluded Machine to be functional.
General,GN300,Issue,ESU wasn't functional due to damaged Patient Plate.&nbsp;,The damaged patient plate wire reconfigure and rejoined. ESU is now fully functional.
Neuro,HS HI-R,Issue,Unable to power On,"While assessing the Microscope the issue was identified due to faulty 3 pin. The faulty 3 pin was repaired, rewired and power on the machine."
General with integrated DR,PRORAD 3NC,Issue,The issue was reported that while positioning collimator light the window hinder the positioning.,Upon inspection found that the collimator window had loose nut. So the loose nut was fastened perfectly and issue was resolved. Now collimator window are functioning properly.
Pre-vacuum,20HA/E,Continuous Motor operation and no filling of water.,Continuous Motor operation &nbsp;and no filling of water.,"The issue &nbsp;with Continuous operation of Motor was initially diagnosed faulty water level sensor.Upon checking the sensor it was found the sensor wire had some &nbsp;physical damage. Senor wire was rewired. Further, Motor was operated yet it failed to fill up the tank. So the valve to the end of Motor was checked and removed the trapped air. Afterwards, Water was filled up to the tank. Machine is now operating fully."
Pre-vacuum,20HB/E,Issue,Reported that there was leakage from the Autoclave.&nbsp;,Upon assessing the ventilator found that the lekage was due to damaged central heater rod. Further assessing the Autoclave found that other 2 rod were also damaged due to water leakage.Damaged heater rod was changed and ensure that no leakage (silicone rubber was used)Autoclave was made functional and is ready for use.
,M7,Issue,Display was not responding properly.,Display was readjusted and made the pump work properly.
,M7,Issue,Battery Error,Battery was replaced. syringe pump was made fully functional.
,M7,Issue,User guidance was required for the operation.,User guidance was provided to the nurse and operated the infusion pump.
General Adult/Pediatric,VG70,Issue,Pre Operational Test was required.,Assessment of the ventilator was performed and found that the inspiratory hose was missing.
General Adult/Pediatric,AVEA,Issue,Pre Operational Test was required,Required general maintenance was done and preoperational test was performed.
General with Neonatal,AVEA,Issue,Pre Operational Test was required,Required general maintanence was done and preoperational test was performed.
General with Neonatal,AVEA,Issue,Pre Operational Test was required,Required general maintanence was done and pre operational test was performed.
General Adult/Pediatric,AVEA,Issue,Pre Operational Test was required,Required general maintenance was done and preoperational test was performed.
General Adult/Pediatric,VG70,Issue,Ventilator not in use pre operative check was required.&nbsp;,The ventilator has successfully passed all pre-operative tests and is now cleared for use.
7 Parameters Bedside,C50,Issue,"Unable to turn on the system, power on button was not working.&nbsp;","The issue was identified with the power button due to the improper alignment of the rubber component. After realigning the rubber correctly, the machine returned to full operational functionality."
,TE-LM730N02,Issue,Non power and not working.,Power board was checked and found no issue. But the IC wasn't responding to the initate the display power on.
,TE-LM730,Issue,Air in line issue,Syringe pump was checked and found the issue was due to non-compatible IV set. Compatible iv set was adjusted and problem was solved.
,LM730N0E,Issue,Requested for checkup.,Equipment was subjected to IV set and Equipment functionality was checked.
,TE-LM730,Issue,Syringe Pump was nonfunctional due to continuous alarm.,Upon inspection found the issue of Air in line was persist due to non compatible IV set.
,s7,Issue,Unresponsive display,Upon inspection found that the display hinge was broken.
5 Parameters Bedside,IT 12,Issue,The device needed pre operational tests,Inspected and found out the device is working fine but needs ECG cable and AC cable
,EN-V7 Smart,Issue,No battery backup,Battery was inspected found it was completely depleted.
,N/A,Issue,No battery backup,Inspected battery found depleted completely.
,N/A,Issue,No battery backup,Battery was depleted and need to replace the battery.
7 Parameters Bedside,iT12,Issue,The device needed pre operational tests,Performed pre operational tests and the device needs few accessories
,i7,Issue,Unable to load the program.,Equipment was inspected and reset al the wiring. Yet it still failed to load the program. comcluded software update is required.
General Adult/Pediatric,VG70,Issue,The equipment does not have air filter and needs new filter. O2 Voltage low alarm persistent,Performed the preoperational tests and found out the oxygen sensor expired.&nbsp;
,S7,Issue,Syringe Pump was on functional state.,Machine was checked its display was broken with damaged ribbon cable.
,S7,Issue,Syringe Pump was on functional state.,"Machine was checked its display was broken, showing battery error and motor error"
,MS 31,Issue,Syringe Pump was on functional state.,"Machine was checked its display was unresponsive, showing battery error."
,MS31,Issue,Syringe Pump was on functional state.,"Machine was checked its display was broken, showing battery error"
,MS31,Issue,Syringe Pump was on functional state.,"Machine was checked its display was broken, showing battery error"
,EN-S7,Issue,The equipment does not provide battery backup,Inspected and found out the battery to be drained below knee voltage and needs replacement
5 Parameters Bedside,BSM2301K,Issue,Monitor was in nonfunctional state.&nbsp;,While assessing there was no battery backup.&nbsp;The monitor was un responsive to touch.&nbsp;ECG port was missing too.
5 Parameters Bedside,AV-S,Issue,The vitals did not show on the main screen,Inspected and found out the Vitals Module was not aligned with the socket accurately. the portable module was rebooted.
ENT,Xpert ENT,Issue,Microscope Monitor not turning on,"Initially, the issue was inspected and identified as a power supply problem caused by a disconnected jack. The jack was not properly connected to the monitor port due to a faulty jack lock. The jack was then directly connected to the monitor, resolving the issue. Now, the machine is fully functional."
,Fabius GS premium,Issue,Self test not passing and Tidal volume accurately not delivered,"Performed the device and leak/compliance test, the expiratory valve was cleaned as well restoring the functionality of the device"
General,Affiniti 50C,Issue,The Gain button on the control panel did not function accurately.,The suspected faulty button was accessed and cleaned from within. The problem still persists.The replacement of board is recommended for solving the issue.
Ultrasonic Aspirator,UST-2001,Issue,Machine was in non operational state due to no irrigation function.,while assessing found that the irrigation tubing was stuck inbetween the &nbsp;pump that hindered the working mechanism of the Machine. The issue was resolved successfully and reinserted the tubing with correct orientation. Along with that operational guidance was provided to the respective shift Nurse. Machine is now fully functional for clinical use.
7 Parameters Bedside,AnaVue 4000 ,Issue,Absence of physiological parameter display on the monitor&nbsp;,"The AnaVue 4000 patient monitor &nbsp;failed to display vital physiological parameters. Investigation revealed that the Peripheral Interface Module (PIM) inability to establish operational status. The PIM's physical connectivity was verified, and the interface was reseated, ensuring proper data transmission integrity. Furthermore, the PIM's internal power storage cell's (battery) voltage was assessed and determined to be within the operational range. PIM reconnection and initialization, the monitor successfully resumed displaying all physiological parameters, restoring full operational functionality."
,endomat LC 203303 20,Issue,Irrigating pump was in nonfunctional state.,"Upon inspection, the peristaltic pump's irrigation tubing was discovered to be too short, hindering proper function. The tubing's dimensions were measured, and it was replaced with a correctly sized tube. Post-repair, the pump was tested, demonstrating appropriate irrigation flow rates, and is now fully functional for surgical use."
12 channel,Cardiovit AT-2 plus,Issue,ECG Machine was nonfunctional due to Fallen Key pad.,While assessing Machine it's key pad was completely detached from its position that hinder the functionality of the Machine. &nbsp;The keypad was reposition firmly. Machine is powered on and restored the functionality.
General Adult/Pediatric,crius V6,Issue,The device did not turn on.,"&nbsp;Inspected and found out the connection to the display unit form the device was not aligned, realigned the connections and the device pre operational test were performed restoring the functionality of the ventilator."
General,OBS-350A,Issue,Patient Plate was not functional,"The electro surgical Unit Patient plate was reported faulty, upon inspection it was found that the wire were discontinuous, rewired the connections making the Plat functional."
5 Parameters Bedside,C80,Issue,Monitor unable to display other parameters except NIBP,"Firstly all the module settings were adjusted, software was reinstalled and rebooted the system. Further all the board were crossed checked and identified the issues with 7 parameters processing board. The faulty board was replaced. The issue has been resolved. Monitor is now showing all parameters effectively."
5 Parameters Bedside,C80,Issue,No ECG reading,Patient Monitor was unable to record the ECG graph. Settings were adjusted and the system was rebooted. Afterwards ECG graph recording was obtained successfully.
Echo,SONIMAGE HS1,Issue,Ultrasound was in nonfunctional state for long period of time.,Ultrasound was unable to power on. So we assess the power adapter that adequately delivered 24v yet machine failed to power on. Further internal board were assessed and found 3 capacitor and cable connection pin had some debris deposition which hinder the proper communication between the power board and main board. The deposition was cleaned properly.Capacitor value were checked and found within the range. Other required general maintenance was performed.Along with that working of 3 &nbsp;probe &nbsp;were also checked. Machine was powered on successfully and made functional.
Echo,SONIMAGE HS1,issue,Unit's stand was broken by the staff's carelessness.,"Upon inspection, the three screws of the base holding the whole unit were broken. The unit was then disassembled and the roken screws were taken out by drilling with the help of maintenance team. After securing the base with new screws, the issue has been solved.&nbsp;"
12 channel,MK1212A,issue,Unable to print the paper,Upon inspection found that printer roller was within the printer compartment which hinder the printing process.&nbsp;So the issue was resolved along with that working of lead was also verified.
7 Parameters Bedside,c80,issue,No battery backup.,The battery was replaced in the problematic patient monitor. The machine is now fully functional.
,SC-SX19-A1511,issue,&nbsp;The display had fallen from its original position.,"Initially inspected the device and found a loose nut. Tightened it back to its original position. Now, the machine is fully functional."
General Adult/Pediatric,SAVINA 300,Issue,&nbsp;The breathing Circuit test did not pass and the machine was in non-Functional condition,"&nbsp;Inspected and found out the expiratory valve diaphragm had crystals deposited from the patient side, the deposit and debris were cleared and the breathing Circuit test passed successfully."
Portable,Mars 4.2,Issue,The device required preoperational tests.,&nbsp;Inspected and found out the Ni-Mh batteries were drained. And needs replacement.
5 Parameters Bedside,BSM3562,Issue,NIBP wasn't working.,"A leak was located near the BP cuff connection. The leaking section of tubing was removed and reconnected, and the NIBP was successfully tested and returned to full operation"
Pre-vacuum,24SR/E/NAT 8/FWP,Issue,Autoclave was nonfunctional,"While assessing the Machine found that the motor wasn't working. The damage motor was repaired within the biomedical department. After repairing the Motor, the Autoclave Machine was set &nbsp;and made the Autoclave Machine fully functional."
5 Parameters Bedside,C80,Issue,Continuous alarm caused &nbsp;Alaram fatigue.,"While assessing the issue &nbsp;""BIS communication stop "" was on display and continues showed the alarm. Required maintenance setting was adjusted and Alarm was removed. &nbsp;Monitor is fully functional for Monitoring."
7 Parameters Bedside,H9,Issue,Monitor unable to measure the NIBP.,Upon inspection found that the pump wasn't working. Malfunctioned &nbsp;pump was replaced from another monitor having issue with software initialization. Monitor is now fully functional by showing all parameters.
General Adult/Pediatric,Avea,Issue,Ventilator was not functional.,"Problem was assessed, Initially leakage test and Circuit Compliance test failed so required general maintenance was performed. And test passed the Extended Test. The ventilator is made fully functional for use."
Pre-vacuum,24SR/E/NAT 8/FWP,Issue,The Machine failed to power down while switched off.,"We assess the problem, checked the switch and found to be good. The contractor which was supposed to be trigger wasn't triggering while switching. Further Contractor was checked and found the deposition of the debris within the contacting points. Those debris were cleaned thoroughly. &nbsp;Contractor was reconnected and checked the functionality. Now, Autoclave can be easily turned off as intended."
General with Neonatal,NKV550,Issue,"Unable to pass the O2 cell, Exhalation Valve(PEEP)","The company individual performed the test, crossed verified the exhalation valve. yet the issue persists."
,TMX428220,Issue,TMT wasn't working,Upon inspection found that error message was on display(Treadmill Fail).The error message was resolved after the communication cable was configured. TMT is now fully functional for clinical use.
General,,Issue,Wheel was broken,"Suction Machine had wheel issue and the connections were broken, the wheel was aligned and the connections were restored"
,,issue,Treatment Unit was non operable.,There was no movement of dental unit from hand switch and leg switch. So the connection to leg switch and hand switch were assessed and resolved the issue. Treatment unit is now fully operational for clinical use.
5 Parameters Bedside,SVM-7623,issue,NIBP wasn't working,"A leak was located near the BP cuff connection. The leaking section of tubing was removed and reconnected, and the NIBP was successfully tested and returned to full operation"
General,SAI Liife,issue,Reported that enough suction wasn't detected.,The issue was addressed and found to be operational. Operational guidance was provided to nurse.
,Tricam SL II,issue,No Video while doing OT,"The video feed in the OT was not working. After troubleshooting, it was discovered that the Image 1 S H3 link system was not receiving power. The power connection was re-established, and the video display returned to normal operation."
,,issue,No fumes,Filter were cleaned
,NA,Issue,Switch was not working,Switch was resoldered properly. machine is working .
,,Issue,Not proper mist formation.,"Tubes were clogged , which was then cleaned and the machine is working smoothly."
,Piston Compressor,Issue,No power On.,Wiring was rewired and the machine was functional.
General,GXR-32S,Issue,Portable Xray was non functional.&nbsp;,Upon inspection found that the wiring were cut by Mouse. The disconnected hand switch was rejoined and restored the connection. The disconnected LAN Cable wire were replaced and made the machine functional.Emergency Xray is now fully functional.
General with Neonatal,NKV550,Issue,Unabel to pass the leak test,"While assessing the ventilator multiple problem were encountered and resolved accordingly,clog diaphragm were cleaned properly. Inhalation port valve were recenter properly. General maintenance was performed accordingly. Ventilator was calibrated and made functional"
5 Parameters Bedside,H9,Issue,Unabel to detect the Saturation probe.,Upon inspection found that the SPO2 connecting port was completely inserted inside the Monitor. The port was rearranged to is original position and tested the machine successfully. The monitor is fully functional for use.
7 Parameters Bedside,CMS8000,Issue,Monitor wasn't functioning properly.,All monitor were assessed properly. Required settings were adjusted and Checked the functionality of all the parameters.
7 Parameters Bedside,CMS8000,Issue,Monitor wasn't functioning properly.,All monitor were assessed properly. Required settings were adjusted and Checked the functionality of all the parameters.
7 Parameters Bedside,CMS8000,Issue,Monitor wasn't functioning properly.,All monitor were assessed properly. Required settings were adjusted and Checked the functionality of all the parameters.
7 Parameters Bedside,CMS8000,Issue,Monitor wasn't functioning properly.,All monitor were assessed properly. Required settings were adjusted and Checked the functionality of all the parameters.
7 Parameters Bedside,CMS8000,Issue,Monitor wasn't functioning properly.,All monitor were assessed properly. Required settings were adjusted and Checked the functionality of all the parameters.
7 Parameters Bedside,CMS8000,Issue,Monitor wasn't functioning properly.,All monitor were assessed properly. Required settings were adjusted and Checked the functionality of all the parameters.
,NA,ISSUE,Unable to power on,"A corroded connector, caused by water exposure, was preventing the machine from powering on. After cleaning the corrosion and repairing the connector's locking mechanism, the machine was restored to working order."
,Cios Select,Issue,Reported that CArm unable to power on.,"Machine was assessed properly. Reset all the connection,performed the required general maintenance.we &nbsp;observed the performance of CArm in different dose and different modes too. CArm worked smoothly. Following the test it was used consecutively &nbsp;in two surgery without any intervention."
,A-81,issue,Unable to power on,while inspection found that there was broken connection. Broken connection was reset and made the machine functional.
,Innospire Essence,Issue,Fan was not operating properly.,"Upon inspection, the motor assembly stand was broken, which was then fixed.Then the fan was operating smoothly."
,ZC-9200A,Scaler wasn't functioning&nbsp;,Scaler wasn't functioning&nbsp;,"Upon inspection we identified that &nbsp;scaler was functioning properly after cross verification. After that power board was assessed,which revealed that there was no voltage supply to the end of scaler. &nbsp;The faulty connection was traced and &nbsp;restablished the voltage connection.&nbsp;"
,ZC-9200A,Issue,Insufficient air pressure from hand piece.&nbsp;,While assessing the problem found that huge leakage sound was observed. The leakage point was identified and &nbsp;reconnected the pipe firmly. Enough pressure is obtained after reconnection.
General Adult/Pediatric,AVEA,Issue,Ventilator was is not working state.&nbsp;,Upon inspection found it has the Alaram of low fiO2. We confirm the supply of Oxygen from wall and calibrated the Oxygen. Extended Test Passed was performed with positive result of leakage test and O2 calibration. The clogged Air filter were cleaned too. Machine was operated in different modes of ventilation and observed the performance. It is now functional
,MS31,Issue,Automatic on and off of the machine.,Battery voltage was measured and found to be depleted. So we kept the machine in charge &nbsp;for whole night yesterday and rechecked the voltage of the Battery and it was within the acceptable range. Further Syringe was loaded and checked the functionality of the Pump.
,MS31,Issue,Broken Display and &nbsp;no response of &nbsp;touch.,The broken display was &nbsp;replaced and made functional.Syringe pump is ready to use.
,s7,Issue,Syringe pump was not functional. The Hinge of display &nbsp;was broken due to physical damage.&nbsp;,The broken hinge of display was replaced from the discarded syringe pump. Equipment is made functional.
Pre-vacuum,P227C/V/W/A,Issue,Autoclave wasn't working.,"Upon inspection, it was found that multiple wires were broken. Few wires were traced and rejoined yet the issue still persists. Follow up is in progress."
General,SAI Liife,Issue,The equipment wheel was misaligned and device didn't turn on,"Inspected and aligned the wheels, also the equipment three pin connections were restored."
Single Head,PD,Issue,The machine was non-functional.,"The issue was identified as an unset program and incorrect parameter configuration. Necessary adjustments were made, and the system's functionality was thoroughly checked and verified in collaboration with Dr. Sameer Paudel. However, a syringe seems to be missing which needs to be managed inorder to operate it to the patient."
Pre-vacuum,24SR/E/NAT 8/FWP,issue,The machine was non-functional.,"The heater coil was assessed and found to be in good condition. The degraded electrical section and wiring behind the display were repaired, and blown fuses were identified and replaced. As a result, the display, which was not powering on earlier, has been successfully restored. However, the door, which has not been locking properly, requires further attention, and additional investigation and maintenance are needed to ensure the overall functionality of the autoclave."
,HF49R,Issue,The machine was non-functional.,"During inspection, it was found that the exposure function was operating correctly; however, the control panel keypad buttons were unresponsive, and the UP and DOWN movements were not functioning. After troubleshooting, both issues were identified and successfully repaired, restoring full functionality to the control panel and movement controls."
Extracorporeal Shockwave Lithotripsy (ESWL),Urolith,Issue,The machine is non-functional.,"The ESWL Urolith machine was tested with all relevant parameters, and the shock delivery functioned effectively. However, to verify its functionality on a patient, a new electrode, new membrane, and distilled water are required."
,MS31,Issue,Battery Error &nbsp;Alarm,The battery voltage was measured and found to be depleted. Battery was replaced from the pump having screen problem.Machine is fully functional.&nbsp;
Electric,,Issue,"The OT Table only moves vertically, either up or down, with no other directional adjustments possible.","Inspected the remote control, motors, and actuators for faults. It was determined that two servo motors responsible for side adjustments were faulty. Multiple repair attempts revealed irreparable coil issues, necessitating motor replacement to proceed with maintenance and restore full functionality."
,Piston Compressor,Issue,Equipment was in non-operational state.,All the components were examined and found that the internal valve were completely broken. Repair attempt were conducted but failed to function fully.
,EN-S7 Smart,Issue,Previously diagnosed as nonfunctional.,Upon inspection found that the issue was related with the power board. The power board was replaced from the non-function pump .
,EN-S7 Smart,Issue,Previously diagnosed as nonfunctional.,Upon inspection found that the issue was related with the power board. The power board was replaced from the non-function pump .
,,Issue,Equipment was diagnosed as nonfunctional.,The nonfunctional nebulizer was assessed found that the position was misplaced from the position. Position was correct and made the machine functional.
,MP-60A,Issue,Machine was nonfunctional.,Inspected and found that the issue with the power on. The issues were resolved and made functional.
,MP-60A,Issue,It was previously diagnosed as non functional.,Our inspection revealed that the machine was non-operational due to stiff door. And Door alarm. The issue was resolved and made functional&nbsp;
,Benefusion VP3,Issue,Machine was in non operational state.,Upon inspection found that the machine had issue with power on. Battery was depleted completely. It was kept in charge for overnight and made the machine functional.
,Benefusion VP3,Issue,Machine was in non operational state.,Infusion pump was inspected and Checked the battery and found to be in normal range. General maintenance was performed.Pump is fully functional.
,ROYTECH5,Issue,The device not turning on,"Inspected and found the wiring loose, rewired the power supply making the device on ."
-80,YSI/YSPL-273 Ex,Issue,The freezer did not maintain temperature at -80° C.,Inspected and found out the device had main chamber temperature of 45° C. Upon further inspection the dual compressor system had one compressor not working as the piston broke inside the compressor and also the cooling reagent was leaking from inside of compressor. The gas refregrant needs refilling in both the compressor.
General Adult/Pediatric,VG70,issue,Leak test failed,Ventilator was assessed and leak test was performed yet failed. Upon inspection found that the leak was from inspiratory port. Which was sealed taped.&nbsp;
General Adult/Pediatric,VG70,Issue,Ventilator had no battery back up and was in non operating state.,"Battery voltage was tested and found to be depleted. Battery was replaced from other non functional ventilator having issue with O2 sensor.All other test were performed. &nbsp;Following up o2 sensor test was passed,flow sesnor was passed. &nbsp;Machine is made fully functional."
,,Issue,The device not turning on.,"Inspected and found the wires to be broken, the three-pin top was replaced correcting the wirings."
,,Issue,Nebulizer Motor shaft was broken.&nbsp;,Broken Motor shaft was firmly reconnected restoring the full functionality.
Dental,CS2100,Issue,Dental HOD reported Xray View Box wasn't glowing.,We inspected and found Adapter to be faulty after cross verification. The adapter was replaced and made the machine functional.12 V 5 Amp Adapter used.
General,,Issue,The suction speed was very low.,"Upon inspection, it was found that the tube was clogged with dirt, restricting the airflow. The tube was thoroughly cleaned, and general service maintenance was performed. After the cleaning and servicing, the suction machine was tested and confirmed to be working efficiently."
,,Issue,"The hydraulic system was not working, Observation light and X-ray view box not working too.","Inspected and found out the live wire at power supply was discontinuous, rewired the power supply wires mitigating the issue."
,C-1,Issue,The device wasn't responding to the command of welding switch. &nbsp;,"During inspection, the welding machine was powered on and displayed all parameters, however, the welding button was unresponsive. The base plate was found to be loose. After securely reattaching the base plate, which is essential for establishing a proper connection between the welding plates, a test weld was conducted successfully on two wires. The machine was confirmed to be fully functional.&nbsp;"
General,Surgix,issue,The machine was not performing the suction mechanism.,"Upon inspection, it was found that the tube was not properly attached to the &nbsp;filter, causing a disruption in the suction process. The tube was securely reattached and taped to ensure a proper seal. After the fix, the machine was tested and is now working fine."
,MBK OC NO 0886/11,Issue,The three way syringe did not have the water supply.,Inspected and found out the three-way syringe to be clogged. The clog was removed restoring the functionality of the three-way handpiece.
,MBK OC NO 0886/6,Issue,The treatment unit was nonfunctional as there was no movement of hydraulic from push button.&nbsp;,Upon inspection found machine was partially functional with the foot switch. The wore out pushbutton were replaced and made the machine fully functional.&nbsp;
,EP3010,Issue,The Furnance was not Heating.,"Upon inspection, it was found that the continuity of the heating circuit was broken due to a disconnected wire. The wire was securely resoldered to restore the connection. After repair, the furnace was tested and confirmed to be functioning properly."
,ZC-9200A,Issue,The hydraulic control panel was not responding.,Inspected and found out the push button switch was faulty that was replaced bringing back the device to function.
,Cios Select,Issue,"The device did not expose, and device was taking time to boot up.",The Console to Monitor connector was cleaned and the connections were firmly secured. The device booted up quickly.
General Adult/Pediatric,VG70,Issue,Battery depleted beyond recharge and repair,Verified the depletion of the battery
General Adult/Pediatric,VG70,Issue,Internal Battery Calibration Required,Calibration of the battery done.
General Adult/Pediatric,VG70,Issue,Battery drained completely with no backup and unable to charge.,Recharged the battery in the ventilator for &gt;45 minutes to resurrect the battery.
General Adult/Pediatric,VG70,Issue,Leakage during start-up self test.,Cleaned the diaphragm of the exhalation valve.
General Adult/Pediatric,VG70,Issue,Unit displays battery calibration required .,"The battery was fully charged &nbsp;to 100%, then removed it for 2 hours to allow it to calibrate to a fully charged state; next, reinserted the battery and used it until the ventilator automatically shuts off, fully draining it; removed the battery again for 3 hours to calibrate to a fully drained state; after 3 hours, recharged the battery to 50% to clear any low battery alarms; finally, the battery was ready for normal use."
,DS 24,Issue,The machine was in nonfunctional state.&nbsp;,Broken Motor shaft was firmly reconnected restoring the full functionality.
General Adult/Pediatric,VG70,ISSUE,Unit displays Battery Calibration required alarm,"The battery was fully charged &nbsp;to 100%, then removed it for 2 hours to allow it to calibrate to a fully charged state; next, reinserted the battery and used it until the ventilator automatically shuts off, fully draining it; removed the battery again for 3 hours to calibrate to a fully drained state; after 3 hours, recharged the battery to 50% to clear any low battery alarms; finally, the battery was ready for normal use."
,Cios Select,Unable to load the software every single time.&nbsp;,Unable to load the software every single time.&nbsp;,Clean the workstation PC and its RAM and performed its test multiple times and software runs perfectly afterwards.
Pre-vacuum,24SR/E/G,ISSUE,Heating filament issue.,The filament was replaced and the machine was working smoothly.
,BIOSONIC S1,Issue,Scaling unit was not working.,"Upon inspection, it was found that the scaler wire connection was disconnected. After reconnecting the wire properly the machine was fully functional."
,BIOSONIC S1,Issue,The scaler was not working.,"Upon inspection, the scaler switch wire was not connected. After reconnecting the wire, the scaler was working properly."
,Lumis,Issue,Medical staffs were unable to use the machine propelry.,"Upon the department incharge request, a proper operational training was given to all the doctors and nurses."
,MBK OC NO 0886/11,Issue,The motor footswitch was not functional.,"Upon inspection , it was found that the foot switch connection needed to e soldered. After performing necessary action, the ,machine is operating fully."
,BIOSONIC S1,Issue,The water source was reported to be non-functional.,"Upon inspection, it was a simple operational issue where booster was not turned on. After giving a proper training to the staff, the issue has been solved ."
5 Parameters Bedside,SureSigns VM8,Issue,The monitor need to be shifted.,"The department was under maintenance, so the monitor was shifted to the new room."
5 Parameters Bedside,H9,issue,The monitor need to be shifted.,"The department was under maintenance, so the device was shifted and reinstalled to the new department."
7 Parameters Bedside,H9,issue,Monitor need to be shifted.,Monitor was shifted to another room on incharge request.
5 Parameters Bedside,SureSigns VM8,Issue,Monitor need to be shifted .,Monitor was shifted and verified on incharge request.
5 Parameters Bedside,N/A,Issue,Monitor need to be shifted.,Monitor was shifted and verified.
7 Parameters Bedside,H9,Issue,Monitor need to be shifted.,Monitor was shifted and verified.
5 Parameters Bedside,H9,issue,Monitor need to be shifted.,Monitor was shifted and verified.
5 Parameters Bedside,H9,Issue,Monitor need to be shifted.,Monitor was shifted and verified.
5 Parameters Bedside,CMS8000,Issue,Monitor need to be shifted.,Monitor was shifted and verified.
,A-81,Issue,The machine was not powering on.,"The switch was not functioning. After replacing the switch with new one, the machine was functional."
,,Issue,The power cord was damaged.,The damaged portion was fixed and the machine is operating smoothly.
,Smart NeB,Issue,Equipment was in non operational state.,All the components were examined and found that the internal valve were completely broken. Repair attempt were conducted but failed to function fully.
,CN 10,Issue,The fan was broken.,"The fan was broken from another non-functional device. After replacing, the machine was functional."
,,Issue,Switch was not working.,Switch was replaced and the machine is working.
,NA,issue,Piston was displaced.,"The motor was not forming the mist as the piston was displaced. After correcting it's placement , the machine is working properly."
,NA,issue,The motor was not working properly.,The piston was cleaned and the motor was functioning properly.
,NA,Issue,Three pin was damaged.,The three pin was repaired .
,Smart NeB,issue,The nozzle was damaged .,The broken nozzle was fixed properly.
,,Issue,The machine was in nonfunctional state.&nbsp;,Broken Motor shaft was firmly reconnected restoring the full functionality.
16 Slice,MX16,issue,The machine was not powering on.,"Upon inspection, the USP power backup was weak and required replacement. The system was reset, which restored inverter functionality temporarily."
,,Issue,Three pin issue.,Three pin wire was damaged which was then repaired.
,CN 10,issue,Unable to form mist.,"Upon inspection, the tubes were dirty and clogged which was then cleaned properly."
,Prima 450,Issue,Display showing white screen.,"The anesthesia machine was reported to have a white display issue. Upon inspection, it was found that the display signal was interrupted due to a loose internal connection. The display connections were reset and secured properly. After reassembly and testing, the display was restored to normal, and the machine is now operating correctly."
,Prima 450,Issue,Circuit leakage,"During inspection, leakage was found in the expiratory port. The port was tightened, and the leakage has been resolved. The machine is now ready for use."
,PRISMA 450,Issue,Reported to be non-functional.,"During inspection, it was found that the machine failed the leakage test, indicating a high level of gas leakage. Further examination revealed that the issue was due to improper positioning of the bellows and canister. After carefully adjusting and securing both components, the leakage problem was resolved. The machine has now passed the leakage test and is functioning properly."
,PRISMA 450,Issue,Tidal volume not delivered accurately.,"During inspection, leakage was found in the breathing circuit and CO₂ absorber. The leak was rectified, and the machine is now ready for use."
,Prima 450,ISSUE,High leakage,"During inspection, it was found that the washer was broken and the bellow was not tightened properly. After temporarily fixing the washer and adjusting the bellow position properly, it passed the leakage test.The machine is now fully functional."
,PRISMA 450,Issue,&nbsp;Circuit leakage,"During inspection, leakage was found in the CO₂ absorber box. The box was tightened, and the leakage has been resolved. The machine is now ready for use."
16 Slice,MX16,Issue,"The inverter for the CT Scan was reported to be non-functional, as it failed to power on after an electricity cut-off. This interruption prevented the CT Scan from operating.","Upon inspection, it was identified that the UPS battery backup was weak and required replacement. The system was reset, which restored inverter functionality temporarily. After the reset, the inverter powered on successfully, and the CT Scan resumed operation. However, to ensure reliable performance during future power outages, the UPS battery needs to be replaced."
16 Slice,MX16,Issue,"The inverter for the CT Scan was reported to be non-functional, as it failed to power on after an electricity cut-off. This interruption prevented the CT Scan from operating.","Upon inspection, it was identified that the UPS battery backup was weak and required replacement. The system was reset, which restored inverter functionality temporarily. After the reset, the inverter powered on successfully, and the CT Scan resumed operation. However, to ensure reliable performance during future power outages, the UPS battery needs to be replaced."
16 Slice,MX16,issue,"The inverter for the CT Scan was reported to be non-functional, as it failed to power on after an electricity cut-off. This interruption prevented the CT Scan from operating.","Upon inspection, it was identified that the UPS battery backup was weak and required replacement. The system was reset, which restored inverter functionality temporarily. After the reset, the inverter powered on successfully, and the CT Scan resumed operation. However, to ensure reliable performance during future power outages, the UPS battery needs to be replaced."
16 Slice,MX16,Issue,"The inverter for the CT Scan was reported to be non-functional, as it failed to power on after an electricity cut-off. This interruption prevented the CT Scan from operating.","Upon inspection, it was identified that the UPS battery backup was weak and required replacement. The system was reset, which restored inverter functionality temporarily. After the reset, the inverter powered on successfully, and the CT Scan resumed operation. However, to ensure reliable performance during future power outages, the UPS battery needs to be replaced."
16 Slice,MX16,Issue,"The inverter for the CT Scan was reported to be non-functional, as it failed to power on after an electricity cut-off. This interruption prevented the CT Scan from operating.","Upon inspection, it was identified that the UPS battery backup was weak and required replacement. The system was reset, which restored inverter functionality temporarily. After the reset, the inverter powered on successfully, and the CT Scan resumed operation. However, to ensure reliable performance during future power outages, the UPS battery needs to be replaced."
16 Slice,MX16,Issue,"The inverter for the CT Scan was reported to be non-functional, as it failed to power on after an electricity cut-off. This interruption prevented the CT Scan from operating.","Upon inspection, it was identified that the UPS battery backup was weak and required replacement. The system was reset, which restored inverter functionality temporarily. After the reset, the inverter powered on successfully, and the CT Scan resumed operation. However, to ensure reliable performance during future power outages, the UPS battery needs to be replaced."
16 Slice,MX16,Issue,"The inverter for the CT Scan was reported to be non-functional, as it failed to power on after an electricity cut-off. This interruption prevented the CT Scan from operating.","Upon inspection, it was identified that the UPS battery backup was weak and required replacement. The system was reset, which restored inverter functionality temporarily. After the reset, the inverter powered on successfully, and the CT Scan resumed operation. However, to ensure reliable performance during future power outages, the UPS battery needs to be replaced."
16 Slice,MX16,Issue,"The inverter for the CT Scan was reported to be non-functional, as it failed to power on after an electricity cut-off. This interruption prevented the CT Scan from operating.","Upon inspection, it was identified that the UPS battery backup was weak and required replacement. The system was reset, which restored inverter functionality temporarily. After the reset, the inverter powered on successfully, and the CT Scan resumed operation. However, to ensure reliable performance during future power outages, the UPS battery needs to be replaced."
1.5 Tesla,Achieva 1.5T,issue,"The inverter for the MRI was reported to be non-functional, as it failed to power on after an electricity cut-off. This interruption prevented the MRI system from operating.","Upon inspection, it was identified that the UPS battery backup was weak and required replacement. The system was reset, which temporarily restored inverter functionality. After the reset, the inverter powered on successfully, and the MRI resumed operation. However, to ensure reliable performance during future power outages, the UPS battery needs to be replaced."
1.5 Tesla,Achieva 1.5T,Issue,"The inverter for the MRI was reported to be non-functional, as it failed to power on after an electricity cut-off. This interruption prevented the MRI system from operating.","Upon inspection, it was identified that the UPS battery backup was weak and required replacement. The system was reset, which temporarily restored inverter functionality. After the reset, the inverter powered on successfully, and the MRI resumed operation. However, to ensure reliable performance during future power outages, the UPS battery needs to be replaced."
1.5 Tesla,Achieva 1.5T,Issue,"The inverter for the MRI was reported to be non-functional, as it failed to power on after an electricity cut-off. This interruption prevented the MRI system from operating.","Upon inspection, it was identified that the UPS battery backup was weak and required replacement. The system was reset, which temporarily restored inverter functionality. After the reset, the inverter powered on successfully, and the MRI resumed operation. However, to ensure reliable performance during future power outages, the UPS battery needs to be replaced."
16 Slice,MX16,ISSUE,"The inverter for the CT Scan was reported to be non-functional, as it failed to power on after an electricity cut-off. This interruption prevented the CT Scan from operating.","Upon inspection, it was identified that the UPS battery backup was weak and required replacement. The system was reset, which restored inverter functionality temporarily. After the reset, the inverter powered on successfully, and the CT Scan resumed operation. However, to ensure reliable performance during future power outages, the UPS battery needs to be replaced."
,Prima 450,ISSUE,Leakage Test Failed,"&nbsp;During inspection, leakage was in the circuit.After connecting the circuit properly, the leakage level was in the range and is ready for clinical use. The medical staffs were also given operational training about the circuit leakage."
,AV-S,Issue,Leakage Test Failed,"&nbsp;During inspection, leakage was in the circuit.After connecting the circuit properly, the leakage level was in the range and is ready for clinical use. The medical staffs were also given operational training about the circuit leakage."
,NA,Issue,&nbsp;Reported to be non- functional.,"upon inspection,it was found that the power switch was not working due to disconnect wire. After securely connecting the wire, The machine was operating smoothly."
,NA,Issue,Device reported to be non-functional.,"Upon inspection, the nebulizer was found to be non-operational due to obstruction of the motor fan caused by accumulated dirt and hair, which restricted proper motor rotation. The debris was thoroughly removed, allowing the fan and motor to run smoothly. After functional testing, the nebulizer was confirmed to be operating normally and is ready for clinical use."
,NE100,Issue,Reported to be non-functional.,"Upon inspection, it was an operational issue which &nbsp;has been resolved now."
,CNB69009,Issue,Mist not forming,"During inspection, found the filter rusty. Replaced it, and now the unit is ready to use."
,LD-210C,Issue,The nebulizer was reported to be non-functional.,"Upon inspection, it was found that the power supply cord was damaged, preventing the device from powering on. The damaged cord was repaired and secured properly. After reassembly and testing, the nebulizer was confirmed to be operating smoothly and functioning as intended."
,Air Compressing Nebulizer,Issue,The nebulizer was reported to be non-functional.,"Upon inspection, it was identified that the piston assembly was damaged, preventing proper compression and aerosol generation. The faulty piston was replaced using a compatible piston from another non-functional nebulizer. After reassembly and thorough functional testing, the nebulizer was confirmed to be operating smoothly and delivering aerosol effectively."
,,Issue,Reported to be non-functional due to aerosol leakage.,"&nbsp;Upon inspection, it was found that the issue occurred because the lid cover was not closing properly, which resulted in aerosol leakage during operation. The problem was corrected by fixing the lid mechanism, and the nebulizer was tested to ensure proper function. Additionally, the user was trained on correct handling and operation. After these actions, the device is functioning normally."
,,Issue,Reported to be non-functional.,"Upon inspection, the motor stand was broken which was then repaired and the machine is operating smoothly."
,S7,Issue,The adjustable clamping (locking) lever of the syringe pump was found to be broken.,"Upon inspection, the adjustable clamping lever was confirmed to be damaged and unable to secure the pump properly. As the lever was not repairable, the faulty syringe pump was removed from service and replaced with another functioning syringe pump. The replacement unit was checked and found to be working properly."
Ortho,P200-CV-230,Issue,Motor error displayed; device reported to have motor malfunction.,"The drill machine was reported to have a motor-related error. Upon inspection, both available motors were found to be non-functional and continuously displayed a motor error. To verify the system, a known fully functional motor was cross-checked with the unit, which operated smoothly without any error. This confirmed that the drill machine itself is functioning properly and that the issue lies with the previously used motors, which require replacement."
,HK-400III,Issue,Reported to be non-functional.,"Upon inspection, the syringe was not selected properly. After selecting the syringe correctly, the machine was operating smoothly."
12 channel,CM1200A,Issue,Reported to have a noise issue.,"After adjusting the filter settings, the artifacts has been removed and the machine was tested to confirm it's functionality.Now the machine is fully functional to use."
General Adult/Pediatric,AVEA,ISSUE,Reported to be non-functioning.,"The ventilator was inspected following a reported O₂ calibration failure. During troubleshooting, the oxygen (O₂) sensor was tested and found to be faulty and out of specification. The defective O₂ sensor was replaced with a new, compatible sensor. After replacement, O₂ calibration was performed successfully. The ventilator was then fully tested and confirmed to be operating normally with accurate oxygen concentration readings."
Halogen,20113320,Issue,Light bulb was defective and not functioning.,"Upon inspection, it was found that the bulb had burnt out and required replacement. A new bulb was installed, and the connection was properly soldered to ensure secure contact. After testing, the light source was confirmed to be functioning normally."
General,Sparsh 400,Issue,Device reported to be non-functional; REM error displayed.,"Upon inspection, the REM (Return Electrode Monitoring) error was identified and traced to an improperly connected patient plate. The patient plate was correctly positioned and securely connected, resolving the error. After performing functional testing, the cautery unit was confirmed to be operating normally and ready for clinical use."
